-- phpMyAdmin SQL Dump
-- version 3.5.8.1deb1
-- http://www.phpmyadmin.net
--
-- Servidor: localhost
-- Tiempo de generación: 15-09-2014 a las 21:31:13
-- Versión del servidor: 5.5.34-0ubuntu0.13.04.1
-- Versión de PHP: 5.4.9-4ubuntu2.4

SET SQL_MODE="NO_AUTO_VALUE_ON_ZERO";
SET time_zone = "+00:00";


/*!40101 SET @OLD_CHARACTER_SET_CLIENT=@@CHARACTER_SET_CLIENT */;
/*!40101 SET @OLD_CHARACTER_SET_RESULTS=@@CHARACTER_SET_RESULTS */;
/*!40101 SET @OLD_COLLATION_CONNECTION=@@COLLATION_CONNECTION */;
/*!40101 SET NAMES utf8 */;

--
-- Base de datos: `gestioCI_butterfly`
--

-- --------------------------------------------------------

--
-- Estructura de tabla para la tabla `auth_group`
--

CREATE TABLE IF NOT EXISTS `auth_group` (
  `id` int(11) NOT NULL AUTO_INCREMENT,
  `name` varchar(80) NOT NULL,
  PRIMARY KEY (`id`),
  UNIQUE KEY `name` (`name`)
) ENGINE=InnoDB  DEFAULT CHARSET=latin1 AUTO_INCREMENT=10 ;

--
-- Volcado de datos para la tabla `auth_group`
--

INSERT INTO `auth_group` (`id`, `name`) VALUES
(3, 'iC_Akin_Membership'),
(1, 'iC_Invoices'),
(2, 'iC_Person_Membership'),
(4, 'iC_Project_Membership'),
(7, 'iC_Self_Employed'),
(8, 'iC_Stallholder'),
(6, 'iC_Welcome'),
(9, 'user_Deleted');

-- --------------------------------------------------------

--
-- Estructura de tabla para la tabla `auth_group_permissions`
--

CREATE TABLE IF NOT EXISTS `auth_group_permissions` (
  `id` int(11) NOT NULL AUTO_INCREMENT,
  `group_id` int(11) NOT NULL,
  `permission_id` int(11) NOT NULL,
  PRIMARY KEY (`id`),
  UNIQUE KEY `group_id` (`group_id`,`permission_id`),
  KEY `auth_group_permissions_5f412f9a` (`group_id`),
  KEY `auth_group_permissions_83d7f98b` (`permission_id`)
) ENGINE=InnoDB  DEFAULT CHARSET=latin1 AUTO_INCREMENT=7513 ;

--
-- Volcado de datos para la tabla `auth_group_permissions`
--

INSERT INTO `auth_group_permissions` (`id`, `group_id`, `permission_id`) VALUES
(7485, 1, 35),
(7486, 1, 43),
(7487, 1, 46),
(7488, 1, 52),
(7489, 1, 55),
(7490, 1, 56),
(7491, 1, 61),
(7492, 1, 62),
(7493, 1, 63),
(7494, 1, 64),
(7495, 1, 65),
(7496, 1, 66),
(7497, 1, 67),
(7498, 1, 68),
(7499, 1, 69),
(7500, 1, 70),
(7501, 1, 71),
(7502, 1, 72),
(7503, 1, 73),
(7504, 1, 74),
(7505, 1, 76),
(7506, 1, 77),
(7507, 1, 79),
(7508, 1, 80),
(7509, 1, 82),
(7510, 1, 85),
(7511, 1, 86),
(7512, 1, 87),
(2587, 2, 1),
(2588, 2, 2),
(2589, 2, 3),
(2590, 2, 4),
(2591, 2, 5),
(2592, 2, 6),
(2593, 2, 7),
(2594, 2, 8),
(2595, 2, 9),
(2596, 2, 10),
(2597, 2, 11),
(2598, 2, 12),
(2599, 2, 13),
(2600, 2, 14),
(2601, 2, 15),
(2602, 2, 16),
(2603, 2, 17),
(2604, 2, 18),
(2605, 2, 19),
(2606, 2, 20),
(2607, 2, 21),
(2608, 2, 22),
(2609, 2, 23),
(2610, 2, 24),
(2611, 2, 25),
(2612, 2, 26),
(2613, 2, 27),
(2614, 2, 28),
(2615, 2, 29),
(2616, 2, 30),
(2617, 2, 31),
(2618, 2, 32),
(2619, 2, 33),
(2620, 2, 34),
(2621, 2, 35),
(2622, 2, 36),
(2623, 2, 37),
(2624, 2, 38),
(2625, 2, 39),
(2626, 2, 40),
(2627, 2, 41),
(2628, 2, 42),
(2629, 2, 43),
(2630, 2, 44),
(2631, 2, 45),
(2632, 2, 46),
(2633, 2, 47),
(2634, 2, 48),
(2635, 2, 49),
(2636, 2, 50),
(2637, 2, 51),
(2638, 2, 52),
(2639, 2, 53),
(2640, 2, 54),
(2641, 2, 55),
(2642, 2, 56),
(2643, 2, 57),
(2644, 2, 58),
(2645, 2, 59),
(2646, 2, 60),
(2647, 2, 61),
(2648, 2, 62),
(2649, 2, 63),
(2650, 2, 64),
(2651, 2, 65),
(2652, 2, 66),
(2653, 2, 67),
(2654, 2, 68),
(2655, 2, 69),
(2656, 2, 70),
(2657, 2, 71),
(2658, 2, 72),
(2659, 2, 73),
(2660, 2, 74),
(2661, 2, 75),
(2662, 2, 76),
(2663, 2, 77),
(2664, 2, 78),
(2665, 2, 79),
(2666, 2, 80),
(2667, 2, 81),
(2668, 2, 82),
(2669, 2, 83),
(2670, 2, 84),
(2671, 2, 85),
(2672, 2, 86),
(2673, 2, 87),
(2674, 2, 88),
(2675, 2, 89),
(2676, 2, 90),
(2677, 2, 91),
(2678, 2, 92),
(2679, 2, 93),
(2680, 2, 94),
(2681, 2, 95),
(2682, 2, 96),
(2683, 2, 100),
(2684, 2, 101),
(2685, 2, 102),
(2686, 2, 103),
(2687, 2, 104),
(2688, 2, 105),
(2689, 2, 106),
(2690, 2, 107),
(2691, 2, 108),
(2692, 2, 109),
(2693, 2, 110),
(2694, 2, 111),
(2695, 2, 112),
(2696, 2, 113),
(2697, 2, 114),
(2698, 2, 115),
(2699, 2, 116),
(2700, 2, 117),
(2701, 2, 118),
(2702, 2, 119),
(2703, 2, 120),
(2704, 2, 121),
(2705, 2, 122),
(2706, 2, 123),
(2707, 2, 124),
(2708, 2, 125),
(2709, 2, 126),
(2710, 2, 127),
(2711, 2, 128),
(2712, 2, 129),
(2713, 2, 130),
(2714, 2, 131),
(2715, 2, 132),
(2716, 2, 133),
(2717, 2, 134),
(2718, 2, 135),
(2719, 2, 136),
(2720, 2, 137),
(2721, 2, 138),
(2722, 2, 139),
(2723, 2, 140),
(2724, 2, 141),
(2725, 2, 142),
(2726, 2, 143),
(2727, 2, 144),
(2728, 2, 145),
(2729, 2, 146),
(2730, 2, 147),
(2731, 2, 148),
(2732, 2, 149),
(2733, 2, 150),
(2734, 2, 151),
(2735, 2, 152),
(2736, 2, 153),
(2737, 2, 154),
(2738, 2, 155),
(2739, 2, 156),
(2740, 2, 157),
(2741, 2, 158),
(2742, 2, 159),
(2743, 2, 163),
(2744, 2, 164),
(2745, 2, 165),
(2746, 2, 166),
(2747, 2, 167),
(2748, 2, 168),
(2749, 2, 169),
(2750, 2, 170),
(2751, 2, 171),
(2752, 2, 172),
(2753, 2, 173),
(2754, 2, 174),
(2755, 2, 175),
(2756, 2, 176),
(2757, 2, 177),
(2758, 2, 178),
(2759, 2, 179),
(2760, 2, 180),
(2761, 2, 181),
(2762, 2, 182),
(2763, 2, 183),
(2764, 2, 184),
(2765, 2, 185),
(2766, 2, 186),
(2767, 2, 187),
(2768, 2, 188),
(2769, 2, 189),
(2770, 2, 190),
(2771, 2, 191),
(2772, 2, 192),
(2773, 2, 193),
(2774, 2, 194),
(2775, 2, 195),
(2776, 2, 196),
(2777, 2, 197),
(2778, 2, 198),
(2779, 2, 199),
(2780, 2, 200),
(2781, 2, 201),
(2782, 2, 202),
(2783, 2, 203),
(2784, 2, 204),
(2785, 2, 205),
(2786, 2, 206),
(2787, 2, 207),
(2788, 2, 208),
(2789, 2, 209),
(2790, 2, 210),
(2791, 2, 211),
(2792, 2, 212),
(2793, 2, 213),
(2794, 2, 214),
(2795, 2, 215),
(2796, 2, 216),
(2797, 2, 217),
(2798, 2, 218),
(2799, 2, 219),
(2800, 2, 220),
(2801, 2, 221),
(2802, 2, 222),
(2803, 2, 223),
(2804, 2, 224),
(2805, 2, 225),
(2806, 2, 226),
(2807, 2, 227),
(2808, 2, 228),
(2809, 2, 229),
(2810, 2, 230),
(2811, 2, 231),
(2812, 2, 232),
(2813, 2, 233),
(2814, 2, 234),
(2815, 2, 235),
(2816, 2, 236),
(2817, 2, 237),
(2818, 2, 238),
(2819, 2, 239),
(2820, 2, 240),
(2821, 2, 241),
(2822, 2, 242),
(2823, 2, 243),
(2824, 2, 244),
(2825, 2, 245),
(2826, 2, 246),
(2827, 2, 247),
(2828, 2, 248),
(2829, 2, 249),
(2830, 2, 253),
(2831, 2, 254),
(2832, 2, 255),
(2833, 2, 256),
(2834, 2, 257),
(2835, 2, 258),
(2836, 2, 259),
(2837, 2, 260),
(2838, 2, 261),
(2839, 2, 262),
(2840, 2, 263),
(2841, 2, 264),
(2842, 2, 265),
(2843, 2, 266),
(2844, 2, 267),
(2845, 2, 268),
(2846, 2, 269),
(2847, 2, 270),
(2848, 2, 271),
(2849, 2, 272),
(2850, 2, 273),
(2851, 2, 274),
(2852, 2, 275),
(2853, 2, 276),
(2854, 2, 277),
(2855, 2, 278),
(2856, 2, 279),
(2857, 2, 280),
(2858, 2, 281),
(2859, 2, 282),
(2860, 2, 283),
(2861, 2, 284),
(2862, 2, 285),
(2863, 2, 286),
(2864, 2, 287),
(2865, 2, 288),
(2866, 2, 289),
(2867, 2, 290),
(2868, 2, 291),
(2869, 2, 292),
(2870, 2, 293),
(2871, 2, 294),
(2872, 2, 295),
(2873, 2, 296),
(2874, 2, 297),
(2875, 2, 298),
(2876, 2, 299),
(2877, 2, 300),
(2878, 2, 301),
(2879, 2, 302),
(2880, 2, 303),
(2881, 2, 304),
(2882, 2, 305),
(2883, 2, 306),
(2884, 2, 307),
(2885, 2, 308),
(2886, 2, 309),
(7185, 3, 1),
(7186, 3, 2),
(7187, 3, 3),
(7188, 3, 4),
(7189, 3, 5),
(7190, 3, 6),
(7191, 3, 7),
(7192, 3, 8),
(7193, 3, 9),
(7194, 3, 10),
(7195, 3, 11),
(7196, 3, 12),
(7197, 3, 13),
(7198, 3, 14),
(7199, 3, 15),
(7200, 3, 16),
(7201, 3, 17),
(7202, 3, 18),
(7203, 3, 19),
(7204, 3, 20),
(7205, 3, 21),
(7206, 3, 22),
(7207, 3, 23),
(7208, 3, 24),
(7209, 3, 25),
(7210, 3, 26),
(7211, 3, 27),
(7212, 3, 28),
(7213, 3, 29),
(7214, 3, 30),
(7215, 3, 31),
(7216, 3, 32),
(7217, 3, 33),
(7218, 3, 34),
(7219, 3, 35),
(7220, 3, 36),
(7221, 3, 37),
(7222, 3, 38),
(7223, 3, 39),
(7224, 3, 40),
(7225, 3, 41),
(7226, 3, 42),
(7227, 3, 43),
(7228, 3, 44),
(7229, 3, 45),
(7230, 3, 46),
(7231, 3, 47),
(7232, 3, 48),
(7233, 3, 49),
(7234, 3, 50),
(7235, 3, 51),
(7236, 3, 52),
(7237, 3, 53),
(7238, 3, 54),
(7239, 3, 55),
(7240, 3, 56),
(7241, 3, 57),
(7242, 3, 58),
(7243, 3, 59),
(7244, 3, 60),
(7245, 3, 61),
(7246, 3, 62),
(7247, 3, 63),
(7248, 3, 64),
(7249, 3, 65),
(7250, 3, 66),
(7251, 3, 67),
(7252, 3, 68),
(7253, 3, 69),
(7254, 3, 70),
(7255, 3, 71),
(7256, 3, 72),
(7257, 3, 73),
(7258, 3, 74),
(7259, 3, 75),
(7260, 3, 76),
(7261, 3, 77),
(7262, 3, 78),
(7263, 3, 79),
(7264, 3, 80),
(7265, 3, 81),
(7266, 3, 82),
(7267, 3, 83),
(7268, 3, 84),
(7269, 3, 85),
(7270, 3, 86),
(7271, 3, 87),
(7272, 3, 88),
(7273, 3, 89),
(7274, 3, 90),
(7275, 3, 91),
(7276, 3, 92),
(7277, 3, 93),
(7278, 3, 94),
(7279, 3, 95),
(7280, 3, 96),
(7281, 3, 100),
(7282, 3, 101),
(7283, 3, 102),
(7284, 3, 103),
(7285, 3, 104),
(7286, 3, 105),
(7287, 3, 106),
(7288, 3, 107),
(7289, 3, 108),
(7290, 3, 109),
(7291, 3, 110),
(7292, 3, 111),
(7293, 3, 112),
(7294, 3, 113),
(7295, 3, 114),
(7296, 3, 115),
(7297, 3, 116),
(7298, 3, 117),
(7299, 3, 118),
(7300, 3, 119),
(7301, 3, 120),
(7302, 3, 121),
(7303, 3, 122),
(7304, 3, 123),
(7305, 3, 124),
(7306, 3, 125),
(7307, 3, 126),
(7308, 3, 130),
(7309, 3, 131),
(7310, 3, 132),
(7311, 3, 133),
(7312, 3, 134),
(7313, 3, 135),
(7314, 3, 136),
(7315, 3, 137),
(7316, 3, 138),
(7317, 3, 139),
(7318, 3, 140),
(7319, 3, 141),
(7320, 3, 142),
(7321, 3, 143),
(7322, 3, 144),
(7323, 3, 145),
(7324, 3, 146),
(7325, 3, 147),
(7326, 3, 148),
(7327, 3, 149),
(7328, 3, 150),
(7329, 3, 151),
(7330, 3, 152),
(7331, 3, 153),
(7332, 3, 154),
(7333, 3, 155),
(7334, 3, 156),
(7335, 3, 157),
(7336, 3, 158),
(7337, 3, 159),
(7338, 3, 163),
(7339, 3, 164),
(7340, 3, 165),
(7341, 3, 166),
(7342, 3, 167),
(7343, 3, 168),
(7344, 3, 169),
(7345, 3, 170),
(7346, 3, 171),
(7347, 3, 175),
(7348, 3, 176),
(7349, 3, 177),
(7350, 3, 178),
(7351, 3, 179),
(7352, 3, 180),
(7353, 3, 181),
(7354, 3, 182),
(7355, 3, 183),
(7356, 3, 184),
(7357, 3, 185),
(7358, 3, 186),
(7359, 3, 187),
(7360, 3, 188),
(7361, 3, 189),
(7362, 3, 190),
(7363, 3, 191),
(7364, 3, 192),
(7365, 3, 193),
(7366, 3, 194),
(7367, 3, 195),
(7368, 3, 196),
(7369, 3, 197),
(7370, 3, 198),
(7371, 3, 199),
(7372, 3, 200),
(7373, 3, 201),
(7374, 3, 202),
(7375, 3, 203),
(7376, 3, 204),
(7377, 3, 205),
(7378, 3, 206),
(7379, 3, 207),
(7380, 3, 208),
(7381, 3, 209),
(7382, 3, 210),
(7383, 3, 211),
(7384, 3, 212),
(7385, 3, 213),
(7386, 3, 214),
(7387, 3, 215),
(7388, 3, 216),
(7389, 3, 217),
(7390, 3, 218),
(7391, 3, 219),
(7392, 3, 220),
(7393, 3, 221),
(7394, 3, 222),
(7395, 3, 223),
(7396, 3, 224),
(7397, 3, 225),
(7398, 3, 226),
(7399, 3, 227),
(7400, 3, 228),
(7401, 3, 229),
(7402, 3, 230),
(7403, 3, 231),
(7404, 3, 232),
(7405, 3, 233),
(7406, 3, 234),
(7407, 3, 235),
(7408, 3, 236),
(7409, 3, 237),
(7410, 3, 238),
(7411, 3, 239),
(7412, 3, 240),
(7413, 3, 241),
(7414, 3, 242),
(7415, 3, 243),
(7416, 3, 244),
(7417, 3, 245),
(7418, 3, 246),
(7419, 3, 247),
(7420, 3, 248),
(7421, 3, 249),
(7422, 3, 253),
(7423, 3, 254),
(7424, 3, 255),
(7425, 3, 256),
(7426, 3, 257),
(7427, 3, 258),
(7428, 3, 259),
(7429, 3, 260),
(7430, 3, 261),
(7431, 3, 262),
(7432, 3, 263),
(7433, 3, 264),
(7434, 3, 265),
(7435, 3, 266),
(7436, 3, 267),
(7437, 3, 268),
(7438, 3, 269),
(7439, 3, 270),
(7440, 3, 271),
(7441, 3, 272),
(7442, 3, 273),
(7443, 3, 274),
(7444, 3, 275),
(7445, 3, 276),
(7446, 3, 277),
(7447, 3, 278),
(7448, 3, 279),
(7449, 3, 280),
(7450, 3, 281),
(7451, 3, 282),
(7452, 3, 283),
(7453, 3, 284),
(7454, 3, 285),
(7455, 3, 286),
(7456, 3, 287),
(7457, 3, 288),
(7458, 3, 289),
(7459, 3, 290),
(7460, 3, 291),
(7461, 3, 292),
(7462, 3, 293),
(7463, 3, 294),
(7464, 3, 295),
(7465, 3, 296),
(7466, 3, 297),
(7467, 3, 298),
(7468, 3, 299),
(7469, 3, 300),
(7470, 3, 301),
(7471, 3, 302),
(7472, 3, 303),
(7473, 3, 304),
(7474, 3, 305),
(7475, 3, 306),
(7476, 3, 307),
(7477, 3, 308),
(7478, 3, 309),
(7479, 3, 310),
(7480, 3, 311),
(7481, 3, 312),
(7482, 3, 313),
(7483, 3, 314),
(7484, 3, 315),
(5658, 4, 1),
(5659, 4, 2),
(5660, 4, 3),
(5661, 4, 4),
(5662, 4, 5),
(5663, 4, 6),
(5664, 4, 7),
(5665, 4, 8),
(5666, 4, 9),
(5667, 4, 10),
(5668, 4, 11),
(5669, 4, 12),
(5670, 4, 13),
(5671, 4, 14),
(5672, 4, 15),
(5673, 4, 16),
(5674, 4, 17),
(5675, 4, 18),
(5676, 4, 19),
(5677, 4, 20),
(5678, 4, 21),
(5679, 4, 22),
(5680, 4, 23),
(5681, 4, 24),
(5682, 4, 25),
(5683, 4, 26),
(5684, 4, 27),
(5685, 4, 28),
(5686, 4, 29),
(5687, 4, 30),
(5688, 4, 31),
(5689, 4, 32),
(5690, 4, 33),
(5691, 4, 34),
(5692, 4, 35),
(5693, 4, 36),
(5694, 4, 37),
(5695, 4, 38),
(5696, 4, 39),
(5697, 4, 40),
(5698, 4, 41),
(5699, 4, 42),
(5700, 4, 43),
(5701, 4, 44),
(5702, 4, 45),
(5703, 4, 46),
(5704, 4, 47),
(5705, 4, 48),
(5706, 4, 49),
(5707, 4, 50),
(5708, 4, 51),
(5709, 4, 52),
(5710, 4, 53),
(5711, 4, 54),
(5712, 4, 55),
(5713, 4, 56),
(5714, 4, 57),
(5715, 4, 58),
(5716, 4, 59),
(5717, 4, 60),
(5718, 4, 61),
(5719, 4, 62),
(5720, 4, 63),
(5721, 4, 64),
(5722, 4, 65),
(5723, 4, 66),
(5724, 4, 67),
(5725, 4, 68),
(5726, 4, 69),
(5727, 4, 70),
(5728, 4, 71),
(5729, 4, 72),
(5730, 4, 73),
(5731, 4, 74),
(5732, 4, 75),
(5733, 4, 76),
(5734, 4, 77),
(5735, 4, 78),
(5736, 4, 79),
(5737, 4, 80),
(5738, 4, 81),
(5739, 4, 82),
(5740, 4, 83),
(5741, 4, 84),
(5742, 4, 85),
(5743, 4, 86),
(5744, 4, 87),
(5745, 4, 88),
(5746, 4, 89),
(5747, 4, 90),
(5748, 4, 91),
(5749, 4, 92),
(5750, 4, 93),
(5751, 4, 94),
(5752, 4, 95),
(5753, 4, 96),
(5754, 4, 100),
(5755, 4, 101),
(5756, 4, 102),
(5757, 4, 103),
(5758, 4, 104),
(5759, 4, 105),
(5760, 4, 106),
(5761, 4, 107),
(5762, 4, 108),
(5763, 4, 109),
(5764, 4, 110),
(5765, 4, 111),
(5766, 4, 112),
(5767, 4, 113),
(5768, 4, 114),
(5769, 4, 115),
(5770, 4, 116),
(5771, 4, 117),
(5772, 4, 118),
(5773, 4, 119),
(5774, 4, 120),
(5775, 4, 121),
(5776, 4, 122),
(5777, 4, 123),
(5778, 4, 124),
(5779, 4, 125),
(5780, 4, 126),
(5781, 4, 127),
(5782, 4, 128),
(5783, 4, 129),
(5784, 4, 130),
(5785, 4, 131),
(5786, 4, 132),
(5787, 4, 133),
(5788, 4, 134),
(5789, 4, 135),
(5790, 4, 136),
(5791, 4, 137),
(5792, 4, 138),
(5793, 4, 139),
(5794, 4, 140),
(5795, 4, 141),
(5796, 4, 142),
(5797, 4, 143),
(5798, 4, 144),
(5799, 4, 145),
(5800, 4, 146),
(5801, 4, 147),
(5802, 4, 148),
(5803, 4, 149),
(5804, 4, 150),
(5805, 4, 151),
(5806, 4, 152),
(5807, 4, 153),
(5808, 4, 154),
(5809, 4, 155),
(5810, 4, 156),
(5811, 4, 157),
(5812, 4, 158),
(5813, 4, 159),
(5814, 4, 163),
(5815, 4, 164),
(5816, 4, 165),
(5817, 4, 166),
(5818, 4, 167),
(5819, 4, 168),
(5820, 4, 169),
(5821, 4, 170),
(5822, 4, 171),
(5823, 4, 172),
(5824, 4, 173),
(5825, 4, 174),
(5826, 4, 175),
(5827, 4, 176),
(5828, 4, 177),
(5829, 4, 178),
(5830, 4, 179),
(5831, 4, 180),
(5832, 4, 181),
(5833, 4, 182),
(5834, 4, 183),
(5835, 4, 184),
(5836, 4, 185),
(5837, 4, 186),
(5838, 4, 187),
(5839, 4, 188),
(5840, 4, 189),
(5841, 4, 190),
(5842, 4, 191),
(5843, 4, 192),
(5844, 4, 193),
(5845, 4, 194),
(5846, 4, 195),
(5847, 4, 196),
(5848, 4, 197),
(5849, 4, 198),
(5850, 4, 199),
(5851, 4, 200),
(5852, 4, 201),
(5853, 4, 202),
(5854, 4, 203),
(5855, 4, 204),
(5856, 4, 205),
(5857, 4, 206),
(5858, 4, 207),
(5859, 4, 208),
(5860, 4, 209),
(5861, 4, 210),
(5862, 4, 211),
(5863, 4, 212),
(5864, 4, 213),
(5865, 4, 214),
(5866, 4, 215),
(5867, 4, 216),
(5868, 4, 217),
(5869, 4, 218),
(5870, 4, 219),
(5871, 4, 220),
(5872, 4, 221),
(5873, 4, 222),
(5874, 4, 223),
(5875, 4, 224),
(5876, 4, 225),
(5877, 4, 226),
(5878, 4, 227),
(5879, 4, 228),
(5880, 4, 229),
(5881, 4, 230),
(5882, 4, 231),
(5883, 4, 232),
(5884, 4, 233),
(5885, 4, 234),
(5886, 4, 235),
(5887, 4, 236),
(5888, 4, 237),
(5889, 4, 238),
(5890, 4, 239),
(5891, 4, 240),
(5892, 4, 241),
(5893, 4, 242),
(5894, 4, 243),
(5895, 4, 244),
(5896, 4, 245),
(5897, 4, 246),
(5898, 4, 247),
(5899, 4, 248),
(5900, 4, 249),
(5901, 4, 253),
(5902, 4, 254),
(5903, 4, 255),
(5904, 4, 256),
(5905, 4, 257),
(5906, 4, 258),
(5907, 4, 259),
(5908, 4, 260),
(5909, 4, 261),
(5910, 4, 262),
(5911, 4, 263),
(5912, 4, 264),
(5913, 4, 265),
(5914, 4, 266),
(5915, 4, 267),
(5916, 4, 268),
(5917, 4, 269),
(5918, 4, 270),
(5919, 4, 271),
(5920, 4, 272),
(5921, 4, 273),
(5922, 4, 274),
(5923, 4, 275),
(5924, 4, 276),
(5925, 4, 277),
(5926, 4, 278),
(5927, 4, 279),
(5928, 4, 280),
(5929, 4, 281),
(5930, 4, 282),
(5931, 4, 283),
(5932, 4, 284),
(5933, 4, 285),
(5934, 4, 286),
(5935, 4, 287),
(5936, 4, 288),
(5937, 4, 289),
(5938, 4, 290),
(5939, 4, 291),
(5940, 4, 292),
(5941, 4, 293),
(5942, 4, 294),
(5943, 4, 295),
(5944, 4, 296),
(5945, 4, 297),
(5946, 4, 298),
(5947, 4, 299),
(5948, 4, 300),
(5949, 4, 301),
(5950, 4, 302),
(5951, 4, 303),
(5952, 4, 304),
(5953, 4, 305),
(5954, 4, 306),
(5955, 4, 307),
(5956, 4, 308),
(5957, 4, 309),
(5958, 4, 310),
(5959, 4, 311),
(5960, 4, 312),
(5961, 4, 313),
(5962, 4, 314),
(5963, 4, 315),
(5046, 6, 1),
(5047, 6, 2),
(5048, 6, 3),
(5049, 6, 4),
(5050, 6, 5),
(5051, 6, 6),
(5052, 6, 7),
(5053, 6, 8),
(5054, 6, 9),
(5055, 6, 10),
(5056, 6, 11),
(5057, 6, 12),
(5058, 6, 13),
(5059, 6, 14),
(5060, 6, 15),
(5061, 6, 16),
(5062, 6, 17),
(5063, 6, 18),
(5064, 6, 19),
(5065, 6, 20),
(5066, 6, 21),
(5067, 6, 22),
(5068, 6, 23),
(5069, 6, 24),
(5070, 6, 25),
(5071, 6, 26),
(5072, 6, 27),
(5073, 6, 28),
(5074, 6, 29),
(5075, 6, 30),
(5076, 6, 31),
(5077, 6, 32),
(5078, 6, 33),
(5079, 6, 34),
(5080, 6, 35),
(5081, 6, 36),
(5082, 6, 37),
(5083, 6, 38),
(5084, 6, 39),
(5085, 6, 40),
(5086, 6, 41),
(5087, 6, 42),
(5088, 6, 43),
(5089, 6, 44),
(5090, 6, 45),
(5091, 6, 46),
(5092, 6, 47),
(5093, 6, 48),
(5094, 6, 49),
(5095, 6, 50),
(5096, 6, 51),
(5097, 6, 52),
(5098, 6, 53),
(5099, 6, 54),
(5100, 6, 55),
(5101, 6, 56),
(5102, 6, 57),
(5103, 6, 58),
(5104, 6, 59),
(5105, 6, 60),
(5106, 6, 61),
(5107, 6, 62),
(5108, 6, 63),
(5109, 6, 64),
(5110, 6, 65),
(5111, 6, 66),
(5112, 6, 67),
(5113, 6, 68),
(5114, 6, 69),
(5115, 6, 70),
(5116, 6, 71),
(5117, 6, 72),
(5118, 6, 73),
(5119, 6, 74),
(5120, 6, 75),
(5121, 6, 76),
(5122, 6, 77),
(5123, 6, 78),
(5124, 6, 79),
(5125, 6, 80),
(5126, 6, 81),
(5127, 6, 82),
(5128, 6, 83),
(5129, 6, 84),
(5130, 6, 85),
(5131, 6, 86),
(5132, 6, 87),
(5133, 6, 88),
(5134, 6, 89),
(5135, 6, 90),
(5136, 6, 91),
(5137, 6, 92),
(5138, 6, 93),
(5139, 6, 94),
(5140, 6, 95),
(5141, 6, 96),
(5142, 6, 100),
(5143, 6, 101),
(5144, 6, 102),
(5145, 6, 103),
(5146, 6, 104),
(5147, 6, 105),
(5148, 6, 106),
(5149, 6, 107),
(5150, 6, 108),
(5151, 6, 109),
(5152, 6, 110),
(5153, 6, 111),
(5154, 6, 112),
(5155, 6, 113),
(5156, 6, 114),
(5157, 6, 115),
(5158, 6, 116),
(5159, 6, 117),
(5160, 6, 118),
(5161, 6, 119),
(5162, 6, 120),
(5163, 6, 121),
(5164, 6, 122),
(5165, 6, 123),
(5166, 6, 124),
(5167, 6, 125),
(5168, 6, 126),
(5169, 6, 127),
(5170, 6, 128),
(5171, 6, 129),
(5172, 6, 130),
(5173, 6, 131),
(5174, 6, 132),
(5175, 6, 133),
(5176, 6, 134),
(5177, 6, 135),
(5178, 6, 136),
(5179, 6, 137),
(5180, 6, 138),
(5181, 6, 139),
(5182, 6, 140),
(5183, 6, 141),
(5184, 6, 142),
(5185, 6, 143),
(5186, 6, 144),
(5187, 6, 145),
(5188, 6, 146),
(5189, 6, 147),
(5190, 6, 148),
(5191, 6, 149),
(5192, 6, 150),
(5193, 6, 151),
(5194, 6, 152),
(5195, 6, 153),
(5196, 6, 154),
(5197, 6, 155),
(5198, 6, 156),
(5199, 6, 157),
(5200, 6, 158),
(5201, 6, 159),
(5202, 6, 163),
(5203, 6, 164),
(5204, 6, 165),
(5205, 6, 166),
(5206, 6, 167),
(5207, 6, 168),
(5208, 6, 169),
(5209, 6, 170),
(5210, 6, 171),
(5211, 6, 172),
(5212, 6, 173),
(5213, 6, 174),
(5214, 6, 175),
(5215, 6, 176),
(5216, 6, 177),
(5217, 6, 178),
(5218, 6, 179),
(5219, 6, 180),
(5220, 6, 181),
(5221, 6, 182),
(5222, 6, 183),
(5223, 6, 184),
(5224, 6, 185),
(5225, 6, 186),
(5226, 6, 187),
(5227, 6, 188),
(5228, 6, 189),
(5229, 6, 190),
(5230, 6, 191),
(5231, 6, 192),
(5232, 6, 193),
(5233, 6, 194),
(5234, 6, 195),
(5235, 6, 196),
(5236, 6, 197),
(5237, 6, 198),
(5238, 6, 199),
(5239, 6, 200),
(5240, 6, 201),
(5241, 6, 202),
(5242, 6, 203),
(5243, 6, 204),
(5244, 6, 205),
(5245, 6, 206),
(5246, 6, 207),
(5247, 6, 208),
(5248, 6, 209),
(5249, 6, 210),
(5250, 6, 211),
(5251, 6, 212),
(5252, 6, 213),
(5253, 6, 214),
(5254, 6, 215),
(5255, 6, 216),
(5256, 6, 217),
(5257, 6, 218),
(5258, 6, 219),
(5259, 6, 220),
(5260, 6, 221),
(5261, 6, 222),
(5262, 6, 223),
(5263, 6, 224),
(5264, 6, 225),
(5265, 6, 226),
(5266, 6, 227),
(5267, 6, 228),
(5268, 6, 229),
(5269, 6, 230),
(5270, 6, 231),
(5271, 6, 232),
(5272, 6, 233),
(5273, 6, 234),
(5274, 6, 235),
(5275, 6, 236),
(5276, 6, 237),
(5277, 6, 238),
(5278, 6, 239),
(5279, 6, 240),
(5280, 6, 241),
(5281, 6, 242),
(5282, 6, 243),
(5283, 6, 244),
(5284, 6, 245),
(5285, 6, 246),
(5286, 6, 247),
(5287, 6, 248),
(5288, 6, 249),
(5289, 6, 253),
(5290, 6, 254),
(5291, 6, 255),
(5292, 6, 256),
(5293, 6, 257),
(5294, 6, 258),
(5295, 6, 259),
(5296, 6, 260),
(5297, 6, 261),
(5298, 6, 262),
(5299, 6, 263),
(5300, 6, 264),
(5301, 6, 265),
(5302, 6, 266),
(5303, 6, 267),
(5304, 6, 268),
(5305, 6, 269),
(5306, 6, 270),
(5307, 6, 271),
(5308, 6, 272),
(5309, 6, 273),
(5310, 6, 274),
(5311, 6, 275),
(5312, 6, 276),
(5313, 6, 277),
(5314, 6, 278),
(5315, 6, 279),
(5316, 6, 280),
(5317, 6, 281),
(5318, 6, 282),
(5319, 6, 283),
(5320, 6, 284),
(5321, 6, 285),
(5322, 6, 286),
(5323, 6, 287),
(5324, 6, 288),
(5325, 6, 289),
(5326, 6, 290),
(5327, 6, 291),
(5328, 6, 292),
(5329, 6, 293),
(5330, 6, 294),
(5331, 6, 295),
(5332, 6, 296),
(5333, 6, 297),
(5334, 6, 298),
(5335, 6, 299),
(5336, 6, 300),
(5337, 6, 301),
(5338, 6, 302),
(5339, 6, 303),
(5340, 6, 304),
(5341, 6, 305),
(5342, 6, 306),
(5343, 6, 307),
(5344, 6, 308),
(5345, 6, 309),
(5346, 6, 310),
(5347, 6, 311),
(5348, 6, 312),
(5349, 6, 313),
(5350, 6, 314),
(5351, 6, 315),
(5352, 7, 1),
(5353, 7, 2),
(5354, 7, 3),
(5355, 7, 4),
(5356, 7, 5),
(5357, 7, 6),
(5358, 7, 7),
(5359, 7, 8),
(5360, 7, 9),
(5361, 7, 10),
(5362, 7, 11),
(5363, 7, 12),
(5364, 7, 13),
(5365, 7, 14),
(5366, 7, 15),
(5367, 7, 16),
(5368, 7, 17),
(5369, 7, 18),
(5370, 7, 19),
(5371, 7, 20),
(5372, 7, 21),
(5373, 7, 22),
(5374, 7, 23),
(5375, 7, 24),
(5376, 7, 25),
(5377, 7, 26),
(5378, 7, 27),
(5379, 7, 28),
(5380, 7, 29),
(5381, 7, 30),
(5382, 7, 31),
(5383, 7, 32),
(5384, 7, 33),
(5385, 7, 34),
(5386, 7, 35),
(5387, 7, 36),
(5388, 7, 37),
(5389, 7, 38),
(5390, 7, 39),
(5391, 7, 40),
(5392, 7, 41),
(5393, 7, 42),
(5394, 7, 43),
(5395, 7, 44),
(5396, 7, 45),
(5397, 7, 46),
(5398, 7, 47),
(5399, 7, 48),
(5400, 7, 49),
(5401, 7, 50),
(5402, 7, 51),
(5403, 7, 52),
(5404, 7, 53),
(5405, 7, 54),
(5406, 7, 55),
(5407, 7, 56),
(5408, 7, 57),
(5409, 7, 58),
(5410, 7, 59),
(5411, 7, 60),
(5412, 7, 61),
(5413, 7, 62),
(5414, 7, 63),
(5415, 7, 64),
(5416, 7, 65),
(5417, 7, 66),
(5418, 7, 67),
(5419, 7, 68),
(5420, 7, 69),
(5421, 7, 70),
(5422, 7, 71),
(5423, 7, 72),
(5424, 7, 73),
(5425, 7, 74),
(5426, 7, 75),
(5427, 7, 76),
(5428, 7, 77),
(5429, 7, 78),
(5430, 7, 79),
(5431, 7, 80),
(5432, 7, 81),
(5433, 7, 82),
(5434, 7, 83),
(5435, 7, 84),
(5436, 7, 85),
(5437, 7, 86),
(5438, 7, 87),
(5439, 7, 88),
(5440, 7, 89),
(5441, 7, 90),
(5442, 7, 91),
(5443, 7, 92),
(5444, 7, 93),
(5445, 7, 94),
(5446, 7, 95),
(5447, 7, 96),
(5448, 7, 100),
(5449, 7, 101),
(5450, 7, 102),
(5451, 7, 103),
(5452, 7, 104),
(5453, 7, 105),
(5454, 7, 106),
(5455, 7, 107),
(5456, 7, 108),
(5457, 7, 109),
(5458, 7, 110),
(5459, 7, 111),
(5460, 7, 112),
(5461, 7, 113),
(5462, 7, 114),
(5463, 7, 115),
(5464, 7, 116),
(5465, 7, 117),
(5466, 7, 118),
(5467, 7, 119),
(5468, 7, 120),
(5469, 7, 121),
(5470, 7, 122),
(5471, 7, 123),
(5472, 7, 124),
(5473, 7, 125),
(5474, 7, 126),
(5475, 7, 127),
(5476, 7, 128),
(5477, 7, 129),
(5478, 7, 130),
(5479, 7, 131),
(5480, 7, 132),
(5481, 7, 133),
(5482, 7, 134),
(5483, 7, 135),
(5484, 7, 136),
(5485, 7, 137),
(5486, 7, 138),
(5487, 7, 139),
(5488, 7, 140),
(5489, 7, 141),
(5490, 7, 142),
(5491, 7, 143),
(5492, 7, 144),
(5493, 7, 145),
(5494, 7, 146),
(5495, 7, 147),
(5496, 7, 148),
(5497, 7, 149),
(5498, 7, 150),
(5499, 7, 151),
(5500, 7, 152),
(5501, 7, 153),
(5502, 7, 154),
(5503, 7, 155),
(5504, 7, 156),
(5505, 7, 157),
(5506, 7, 158),
(5507, 7, 159),
(5508, 7, 163),
(5509, 7, 164),
(5510, 7, 165),
(5511, 7, 166),
(5512, 7, 167),
(5513, 7, 168),
(5514, 7, 169),
(5515, 7, 170),
(5516, 7, 171),
(5517, 7, 172),
(5518, 7, 173),
(5519, 7, 174),
(5520, 7, 175),
(5521, 7, 176),
(5522, 7, 177),
(5523, 7, 178),
(5524, 7, 179),
(5525, 7, 180),
(5526, 7, 181),
(5527, 7, 182),
(5528, 7, 183),
(5529, 7, 184),
(5530, 7, 185),
(5531, 7, 186),
(5532, 7, 187),
(5533, 7, 188),
(5534, 7, 189),
(5535, 7, 190),
(5536, 7, 191),
(5537, 7, 192),
(5538, 7, 193),
(5539, 7, 194),
(5540, 7, 195),
(5541, 7, 196),
(5542, 7, 197),
(5543, 7, 198),
(5544, 7, 199),
(5545, 7, 200),
(5546, 7, 201),
(5547, 7, 202),
(5548, 7, 203),
(5549, 7, 204),
(5550, 7, 205),
(5551, 7, 206),
(5552, 7, 207),
(5553, 7, 208),
(5554, 7, 209),
(5555, 7, 210),
(5556, 7, 211),
(5557, 7, 212),
(5558, 7, 213),
(5559, 7, 214),
(5560, 7, 215),
(5561, 7, 216),
(5562, 7, 217),
(5563, 7, 218),
(5564, 7, 219),
(5565, 7, 220),
(5566, 7, 221),
(5567, 7, 222),
(5568, 7, 223),
(5569, 7, 224),
(5570, 7, 225),
(5571, 7, 226),
(5572, 7, 227),
(5573, 7, 228),
(5574, 7, 229),
(5575, 7, 230),
(5576, 7, 231),
(5577, 7, 232),
(5578, 7, 233),
(5579, 7, 234),
(5580, 7, 235),
(5581, 7, 236),
(5582, 7, 237),
(5583, 7, 238),
(5584, 7, 239),
(5585, 7, 240),
(5586, 7, 241),
(5587, 7, 242),
(5588, 7, 243),
(5589, 7, 244),
(5590, 7, 245),
(5591, 7, 246),
(5592, 7, 247),
(5593, 7, 248),
(5594, 7, 249),
(5595, 7, 253),
(5596, 7, 254),
(5597, 7, 255),
(5598, 7, 256),
(5599, 7, 257),
(5600, 7, 258),
(5601, 7, 259),
(5602, 7, 260),
(5603, 7, 261),
(5604, 7, 262),
(5605, 7, 263),
(5606, 7, 264),
(5607, 7, 265),
(5608, 7, 266),
(5609, 7, 267),
(5610, 7, 268),
(5611, 7, 269),
(5612, 7, 270),
(5613, 7, 271),
(5614, 7, 272),
(5615, 7, 273),
(5616, 7, 274),
(5617, 7, 275),
(5618, 7, 276),
(5619, 7, 277),
(5620, 7, 278),
(5621, 7, 279),
(5622, 7, 280),
(5623, 7, 281),
(5624, 7, 282),
(5625, 7, 283),
(5626, 7, 284),
(5627, 7, 285),
(5628, 7, 286),
(5629, 7, 287),
(5630, 7, 288),
(5631, 7, 289),
(5632, 7, 290),
(5633, 7, 291),
(5634, 7, 292),
(5635, 7, 293),
(5636, 7, 294),
(5637, 7, 295),
(5638, 7, 296),
(5639, 7, 297),
(5640, 7, 298),
(5641, 7, 299),
(5642, 7, 300),
(5643, 7, 301),
(5644, 7, 302),
(5645, 7, 303),
(5646, 7, 304),
(5647, 7, 305),
(5648, 7, 306),
(5649, 7, 307),
(5650, 7, 308),
(5651, 7, 309),
(5652, 7, 310),
(5653, 7, 311),
(5654, 7, 312),
(5655, 7, 313),
(5656, 7, 314),
(5657, 7, 315);

-- --------------------------------------------------------

--
-- Estructura de tabla para la tabla `auth_permission`
--

CREATE TABLE IF NOT EXISTS `auth_permission` (
  `id` int(11) NOT NULL AUTO_INCREMENT,
  `name` varchar(50) NOT NULL,
  `content_type_id` int(11) NOT NULL,
  `codename` varchar(100) NOT NULL,
  PRIMARY KEY (`id`),
  UNIQUE KEY `content_type_id` (`content_type_id`,`codename`),
  KEY `auth_permission_37ef4eb4` (`content_type_id`)
) ENGINE=InnoDB  DEFAULT CHARSET=latin1 AUTO_INCREMENT=322 ;

--
-- Volcado de datos para la tabla `auth_permission`
--

INSERT INTO `auth_permission` (`id`, `name`, `content_type_id`, `codename`) VALUES
(1, 'Can add log entry', 1, 'add_logentry'),
(2, 'Can change log entry', 1, 'change_logentry'),
(3, 'Can delete log entry', 1, 'delete_logentry'),
(4, 'Can add permission', 2, 'add_permission'),
(5, 'Can change permission', 2, 'change_permission'),
(6, 'Can delete permission', 2, 'delete_permission'),
(7, 'Can add group', 3, 'add_group'),
(8, 'Can change group', 3, 'change_group'),
(9, 'Can delete group', 3, 'delete_group'),
(10, 'Can add user', 4, 'add_user'),
(11, 'Can change user', 4, 'change_user'),
(12, 'Can delete user', 4, 'delete_user'),
(13, 'Can add content type', 5, 'add_contenttype'),
(14, 'Can change content type', 5, 'change_contenttype'),
(15, 'Can delete content type', 5, 'delete_contenttype'),
(16, 'Can add session', 6, 'add_session'),
(17, 'Can change session', 6, 'change_session'),
(18, 'Can delete session', 6, 'delete_session'),
(19, 'Can add migration history', 7, 'add_migrationhistory'),
(20, 'Can change migration history', 7, 'change_migrationhistory'),
(21, 'Can delete migration history', 7, 'delete_migrationhistory'),
(22, 'Can add csv import', 8, 'add_csvimport'),
(23, 'Can change csv import', 8, 'change_csvimport'),
(24, 'Can delete csv import', 8, 'delete_csvimport'),
(25, 'Can add import model', 9, 'add_importmodel'),
(26, 'Can change import model', 9, 'change_importmodel'),
(27, 'Can delete import model', 9, 'delete_importmodel'),
(28, 'Can add H - Moneda', 10, 'add_currencies'),
(29, 'Can change H - Moneda', 10, 'change_currencies'),
(30, 'Can delete H - Moneda', 10, 'delete_currencies'),
(31, 'Can add F - IVA', 11, 'add_vats'),
(32, 'Can change F - IVA', 11, 'change_vats'),
(33, 'Can delete F - IVA', 11, 'delete_vats'),
(34, 'Can add A - Taula quotes', 12, 'add_tax'),
(35, 'Can change A - Taula quotes', 12, 'change_tax'),
(36, 'Can delete A - Taula quotes', 12, 'delete_tax'),
(37, 'Can add I - Cooperativa', 13, 'add_coop'),
(38, 'Can change I - Cooperativa', 13, 'change_coop'),
(39, 'Can delete I - Cooperativa', 13, 'delete_coop'),
(40, 'Can add company', 14, 'add_company'),
(41, 'Can change company', 14, 'change_company'),
(42, 'Can delete company', 14, 'delete_company'),
(43, 'Can add B - Client', 15, 'add_client'),
(44, 'Can change B - Client', 15, 'change_client'),
(45, 'Can delete B - Client', 15, 'delete_client'),
(46, 'Can add C - Proveïdor', 16, 'add_provider'),
(47, 'Can change C - Proveïdor', 16, 'change_provider'),
(48, 'Can delete C - Proveïdor', 16, 'delete_provider'),
(49, 'Can add D - Socia', 17, 'add_cooper'),
(50, 'Can change D - Socia', 17, 'change_cooper'),
(51, 'Can delete D - Socia', 17, 'delete_cooper'),
(52, 'Can add B - Els meus clients i proveïdors', 17, 'add_cooper_proxy_companies'),
(53, 'Can change B - Els meus clients i proveïdors', 17, 'change_cooper_proxy_companies'),
(54, 'Can delete B - Els meus clients i proveïdors', 17, 'delete_cooper_proxy_companies'),
(55, 'Can add L - Balanç projecte', 17, 'add_cooper_proxy_balance'),
(56, 'Can change L - Balanç projecte', 17, 'change_cooper_proxy_balance'),
(57, 'Can delete L - Balanç projecte', 17, 'delete_cooper_proxy_balance'),
(58, 'Can add G - Trimestres', 18, 'add_period'),
(59, 'Can change G - Trimestres', 18, 'change_period'),
(60, 'Can delete G - Trimestres', 18, 'delete_period'),
(61, 'Can add 01 - Factura Emesa', 19, 'add_sales_invoice'),
(62, 'Can change 01 - Factura Emesa', 19, 'change_sales_invoice'),
(63, 'Can delete 01 - Factura Emesa', 19, 'delete_sales_invoice'),
(64, 'Can add 02 - Factura Despesa', 20, 'add_purchases_invoice'),
(65, 'Can change 02 - Factura Despesa', 20, 'change_purchases_invoice'),
(66, 'Can delete 02 - Factura Despesa', 20, 'delete_purchases_invoice'),
(67, 'Can add Línia de factura emesa', 21, 'add_sales_line'),
(68, 'Can change Línia de factura emesa', 21, 'change_sales_line'),
(69, 'Can delete Línia de factura emesa', 21, 'delete_sales_line'),
(70, 'Can add Línia de factura despesa', 22, 'add_purchases_line'),
(71, 'Can change Línia de factura despesa', 22, 'change_purchases_line'),
(72, 'Can delete Línia de factura despesa', 22, 'delete_purchases_line'),
(73, 'Can add L - Abonament', 23, 'add_sales_movement'),
(74, 'Can change L - Abonament', 23, 'change_sales_movement'),
(75, 'Can delete L - Abonament', 23, 'delete_sales_movement'),
(76, 'Can add M - Reintegrament', 24, 'add_purchases_movement'),
(77, 'Can change M - Reintegrament', 24, 'change_purchases_movement'),
(78, 'Can delete M - Reintegrament', 24, 'delete_purchases_movement'),
(79, 'Can add 03 - Resultats', 25, 'add_period_close'),
(80, 'Can change 03 - Resultats', 25, 'change_period_close'),
(81, 'Can delete 03 - Resultats', 25, 'delete_period_close'),
(82, 'Can add K - Transaccions', 17, 'add_cooper_proxy_transactions'),
(83, 'Can change K - Transaccions', 17, 'change_cooper_proxy_transactions'),
(84, 'Can delete K - Transaccions', 17, 'delete_cooper_proxy_transactions'),
(85, 'Can add Pagament', 26, 'add_period_payment'),
(86, 'Can change Pagament', 26, 'change_period_payment'),
(87, 'Can delete Pagament', 26, 'delete_period_payment'),
(88, 'Can add E - Importar CSV (socies)', 27, 'add_csvimport'),
(89, 'Can change E - Importar CSV (socies)', 27, 'change_csvimport'),
(90, 'Can delete E - Importar CSV (socies)', 27, 'delete_csvimport'),
(91, 'Can add email', 28, 'add_email'),
(92, 'Can change email', 28, 'change_email'),
(93, 'Can delete email', 28, 'delete_email'),
(94, 'Can add J - Notificacions programades', 29, 'add_emailnotification'),
(95, 'Can change J - Notificacions programades', 29, 'change_emailnotification'),
(96, 'Can delete J - Notificacions programades', 29, 'delete_emailnotification'),
(100, 'Can add c- Tipus', 34, 'add_type'),
(101, 'Can change c- Tipus', 34, 'change_type'),
(102, 'Can delete c- Tipus', 34, 'delete_type'),
(103, 'Can add Tipus d''entitat', 35, 'add_being_type'),
(104, 'Can change Tipus d''entitat', 35, 'change_being_type'),
(105, 'Can delete Tipus d''entitat', 35, 'delete_being_type'),
(106, 'Can add Humà', 36, 'add_human'),
(107, 'Can change Humà', 36, 'change_human'),
(108, 'Can delete Humà', 36, 'delete_human'),
(109, 'Can add Persona', 37, 'add_person'),
(110, 'Can change Persona', 37, 'change_person'),
(111, 'Can delete Persona', 37, 'delete_person'),
(112, 'Can add Projecte', 38, 'add_project'),
(113, 'Can change Projecte', 38, 'change_project'),
(114, 'Can delete Projecte', 38, 'delete_project'),
(115, 'Can add Tipus de Projecte', 39, 'add_project_type'),
(116, 'Can change Tipus de Projecte', 39, 'change_project_type'),
(117, 'Can delete Tipus de Projecte', 39, 'delete_project_type'),
(118, 'Can add Empresa', 40, 'add_company'),
(119, 'Can change Empresa', 40, 'change_company'),
(120, 'Can delete Empresa', 40, 'delete_company'),
(121, 'Can add Tipus d''Empresa', 41, 'add_company_type'),
(122, 'Can change Tipus d''Empresa', 41, 'change_company_type'),
(123, 'Can delete Tipus d''Empresa', 41, 'delete_company_type'),
(124, 'Can add h_ofi', 42, 'add_rel_human_jobs'),
(125, 'Can change h_ofi', 42, 'change_rel_human_jobs'),
(126, 'Can delete h_ofi', 42, 'delete_rel_human_jobs'),
(127, 'Can add h_adr', 43, 'add_rel_human_addresses'),
(128, 'Can change h_adr', 43, 'change_rel_human_addresses'),
(129, 'Can delete h_adr', 43, 'delete_rel_human_addresses'),
(130, 'Can add h_reg', 44, 'add_rel_human_regions'),
(131, 'Can change h_reg', 44, 'change_rel_human_regions'),
(132, 'Can delete h_reg', 44, 'delete_rel_human_regions'),
(133, 'Can add h_rec', 45, 'add_rel_human_records'),
(134, 'Can change h_rec', 45, 'change_rel_human_records'),
(135, 'Can delete h_rec', 45, 'delete_rel_human_records'),
(136, 'Can add h_mat', 46, 'add_rel_human_materials'),
(137, 'Can change h_mat', 46, 'change_rel_human_materials'),
(138, 'Can delete h_mat', 46, 'delete_rel_human_materials'),
(139, 'Can add h_inm', 47, 'add_rel_human_nonmaterials'),
(140, 'Can change h_inm', 47, 'change_rel_human_nonmaterials'),
(141, 'Can delete h_inm', 47, 'delete_rel_human_nonmaterials'),
(142, 'Can add h_per', 48, 'add_rel_human_persons'),
(143, 'Can change h_per', 48, 'change_rel_human_persons'),
(144, 'Can delete h_per', 48, 'delete_rel_human_persons'),
(145, 'Can add h_pro', 49, 'add_rel_human_projects'),
(146, 'Can change h_pro', 49, 'change_rel_human_projects'),
(147, 'Can delete h_pro', 49, 'delete_rel_human_projects'),
(148, 'Can add h_emp', 50, 'add_rel_human_companies'),
(149, 'Can change h_emp', 50, 'change_rel_human_companies'),
(150, 'Can delete h_emp', 50, 'delete_rel_human_companies'),
(151, 'Can add m_inm', 51, 'add_rel_material_nonmaterials'),
(152, 'Can change m_inm', 51, 'change_rel_material_nonmaterials'),
(153, 'Can delete m_inm', 51, 'delete_rel_material_nonmaterials'),
(154, 'Can add m_rec', 52, 'add_rel_material_records'),
(155, 'Can change m_rec', 52, 'change_rel_material_records'),
(156, 'Can delete m_rec', 52, 'delete_rel_material_records'),
(157, 'Can add m_adr', 53, 'add_rel_material_addresses'),
(158, 'Can change m_adr', 53, 'change_rel_material_addresses'),
(159, 'Can delete m_adr', 53, 'delete_rel_material_addresses'),
(163, 'Can add Relació', 55, 'add_relation'),
(164, 'Can change Relació', 55, 'change_relation'),
(165, 'Can delete Relació', 55, 'delete_relation'),
(166, 'Can add Ofici', 56, 'add_job'),
(167, 'Can change Ofici', 56, 'change_job'),
(168, 'Can delete Ofici', 56, 'delete_job'),
(169, 'Can add Tipus d''Espai', 57, 'add_space_type'),
(170, 'Can change Tipus d''Espai', 57, 'change_space_type'),
(171, 'Can delete Tipus d''Espai', 57, 'delete_space_type'),
(172, 'Can add Adreça', 58, 'add_address'),
(173, 'Can change Adreça', 58, 'change_address'),
(174, 'Can delete Adreça', 58, 'delete_address'),
(175, 'Can add Tipus d''Adreça', 59, 'add_address_type'),
(176, 'Can change Tipus d''Adreça', 59, 'change_address_type'),
(177, 'Can delete Tipus d''Adreça', 59, 'delete_address_type'),
(178, 'Can add Regió', 60, 'add_region'),
(179, 'Can change Regió', 60, 'change_region'),
(180, 'Can delete Regió', 60, 'delete_region'),
(181, 'Can add Tipus de Regió', 61, 'add_region_type'),
(182, 'Can change Tipus de Regió', 61, 'change_region_type'),
(183, 'Can delete Tipus de Regió', 61, 'delete_region_type'),
(184, 'Can add Tipus d''Obra', 62, 'add_artwork_type'),
(185, 'Can change Tipus d''Obra', 62, 'change_artwork_type'),
(186, 'Can delete Tipus d''Obra', 62, 'delete_artwork_type'),
(187, 'Can add Obra Inmaterial', 63, 'add_nonmaterial'),
(188, 'Can change Obra Inmaterial', 63, 'change_nonmaterial'),
(189, 'Can delete Obra Inmaterial', 63, 'delete_nonmaterial'),
(190, 'Can add Tipus d''obra Inmaterial', 64, 'add_nonmaterial_type'),
(191, 'Can change Tipus d''obra Inmaterial', 64, 'change_nonmaterial_type'),
(192, 'Can delete Tipus d''obra Inmaterial', 64, 'delete_nonmaterial_type'),
(193, 'Can add Imatge', 65, 'add_image'),
(194, 'Can change Imatge', 65, 'change_image'),
(195, 'Can delete Imatge', 65, 'delete_image'),
(196, 'Can add Obra Material', 66, 'add_material'),
(197, 'Can change Obra Material', 66, 'change_material'),
(198, 'Can delete Obra Material', 66, 'delete_material'),
(199, 'Can add Tipus d''obra Material', 67, 'add_material_type'),
(200, 'Can change Tipus d''obra Material', 67, 'change_material_type'),
(201, 'Can delete Tipus d''obra Material', 67, 'delete_material_type'),
(202, 'Can add Actiu', 68, 'add_asset'),
(203, 'Can change Actiu', 68, 'change_asset'),
(204, 'Can delete Actiu', 68, 'delete_asset'),
(205, 'Can add Registre', 69, 'add_record'),
(206, 'Can change Registre', 69, 'change_record'),
(207, 'Can delete Registre', 69, 'delete_record'),
(208, 'Can add Tipus de Registre', 70, 'add_record_type'),
(209, 'Can change Tipus de Registre', 70, 'change_record_type'),
(210, 'Can delete Tipus de Registre', 70, 'delete_record_type'),
(211, 'Can add Unitat', 71, 'add_unit'),
(212, 'Can change Unitat', 71, 'change_unit'),
(213, 'Can delete Unitat', 71, 'delete_unit'),
(214, 'Can add Tipus d''Unitat', 72, 'add_unit_type'),
(215, 'Can change Tipus d''Unitat', 72, 'change_unit_type'),
(216, 'Can delete Tipus d''Unitat', 72, 'delete_unit_type'),
(217, 'Can add Equivalencia entre Unitats', 73, 'add_unitratio'),
(218, 'Can change Equivalencia entre Unitats', 73, 'change_unitratio'),
(219, 'Can delete Equivalencia entre Unitats', 73, 'delete_unitratio'),
(220, 'Can add Compte CES', 74, 'add_accountces'),
(221, 'Can change Compte CES', 74, 'change_accountces'),
(222, 'Can delete Compte CES', 74, 'delete_accountces'),
(223, 'Can add Compte Bancari', 75, 'add_accountbank'),
(224, 'Can change Compte Bancari', 75, 'change_accountbank'),
(225, 'Can delete Compte Bancari', 75, 'delete_accountbank'),
(226, 'Can add Compte Criptomoneda', 76, 'add_accountcrypto'),
(227, 'Can change Compte Criptomoneda', 76, 'change_accountcrypto'),
(228, 'Can delete Compte Criptomoneda', 76, 'delete_accountcrypto'),
(229, 'Can add Registre CI', 77, 'add_ic_record'),
(230, 'Can change Registre CI', 77, 'change_ic_record'),
(231, 'Can delete Registre CI', 77, 'delete_ic_record'),
(232, 'Can add Alta de Soci CI', 78, 'add_ic_membership'),
(233, 'Can change Alta de Soci CI', 78, 'change_ic_membership'),
(234, 'Can delete Alta de Soci CI', 78, 'delete_ic_membership'),
(235, 'Can add Soci Autoocupat', 79, 'add_ic_self_employed'),
(236, 'Can change Soci Autoocupat', 79, 'change_ic_self_employed'),
(237, 'Can delete Soci Autoocupat', 79, 'delete_ic_self_employed'),
(238, 'Can add Soci Firaire', 80, 'add_ic_stallholder'),
(239, 'Can change Soci Firaire', 80, 'change_ic_stallholder'),
(240, 'Can delete Soci Firaire', 80, 'delete_ic_stallholder'),
(241, 'Can add Sessió formativa', 81, 'add_learn_session'),
(242, 'Can change Sessió formativa', 81, 'change_learn_session'),
(243, 'Can delete Sessió formativa', 81, 'delete_learn_session'),
(244, 'Can add Expedient Projecte Productiu', 82, 'add_project_accompaniment'),
(245, 'Can change Expedient Projecte Productiu', 82, 'change_project_accompaniment'),
(246, 'Can delete Expedient Projecte Productiu', 82, 'delete_project_accompaniment'),
(247, 'Can add Quota', 83, 'add_fee'),
(248, 'Can change Quota', 83, 'change_fee'),
(249, 'Can delete Quota', 83, 'delete_fee'),
(253, 'Can add i c_ document', 85, 'add_ic_document'),
(254, 'Can change i c_ document', 85, 'change_ic_document'),
(255, 'Can delete i c_ document', 85, 'delete_ic_document'),
(256, 'Can add Tipus de Document CI', 86, 'add_ic_document_type'),
(257, 'Can change Tipus de Document CI', 86, 'change_ic_document_type'),
(258, 'Can delete Tipus de Document CI', 86, 'delete_ic_document_type'),
(259, 'Can add Contracte Laboral CI', 87, 'add_ic_labor_contract'),
(260, 'Can change Contracte Laboral CI', 87, 'change_ic_labor_contract'),
(261, 'Can delete Contracte Laboral CI', 87, 'delete_ic_labor_contract'),
(262, 'Can add Contracte d''Adreça CI', 88, 'add_ic_address_contract'),
(263, 'Can change Contracte d''Adreça CI', 88, 'change_ic_address_contract'),
(264, 'Can delete Contracte d''Adreça CI', 88, 'delete_ic_address_contract'),
(265, 'Can add Assegurança soci CI', 89, 'add_ic_insurance'),
(266, 'Can change Assegurança soci CI', 89, 'change_ic_insurance'),
(267, 'Can delete Assegurança soci CI', 89, 'delete_ic_insurance'),
(268, 'Can add Llicència soci CI', 90, 'add_ic_licence'),
(269, 'Can change Llicència soci CI', 90, 'change_ic_licence'),
(270, 'Can delete Llicència soci CI', 90, 'delete_ic_licence'),
(271, 'Can add m_mat', 91, 'add_rel_material_materials'),
(272, 'Can change m_mat', 91, 'change_rel_material_materials'),
(273, 'Can delete m_mat', 91, 'delete_rel_material_materials'),
(274, 'Can add m_ofi', 92, 'add_rel_material_jobs'),
(275, 'Can change m_ofi', 92, 'change_rel_material_jobs'),
(276, 'Can delete m_ofi', 92, 'delete_rel_material_jobs'),
(277, 'Can add n_rec', 93, 'add_rel_nonmaterial_records'),
(278, 'Can change n_rec', 93, 'change_rel_nonmaterial_records'),
(279, 'Can delete n_rec', 93, 'delete_rel_nonmaterial_records'),
(280, 'Can add n_adr', 94, 'add_rel_nonmaterial_addresses'),
(281, 'Can change n_adr', 94, 'change_rel_nonmaterial_addresses'),
(282, 'Can delete n_adr', 94, 'delete_rel_nonmaterial_addresses'),
(283, 'Can add n_ofi', 95, 'add_rel_nonmaterial_jobs'),
(284, 'Can change n_ofi', 95, 'change_rel_nonmaterial_jobs'),
(285, 'Can delete n_ofi', 95, 'delete_rel_nonmaterial_jobs'),
(286, 'Can add n_inm', 96, 'add_rel_nonmaterial_nonmaterials'),
(287, 'Can change n_inm', 96, 'change_rel_nonmaterial_nonmaterials'),
(288, 'Can delete n_inm', 96, 'delete_rel_nonmaterial_nonmaterials'),
(289, 'Can add c- Tipus CI', 97, 'add_ic_type'),
(290, 'Can change c- Tipus CI', 97, 'change_ic_type'),
(291, 'Can delete c- Tipus CI', 97, 'delete_ic_type'),
(292, 'Can add Tipus de Registre', 98, 'add_ic_record_type'),
(293, 'Can change Tipus de Registre', 98, 'change_ic_record_type'),
(294, 'Can delete Tipus de Registre', 98, 'delete_ic_record_type'),
(295, 'Can add Forma de pagament', 99, 'add_payment_type'),
(296, 'Can change Forma de pagament', 99, 'change_payment_type'),
(297, 'Can delete Forma de pagament', 99, 'delete_payment_type'),
(298, 'Can add Alta de Soci Afí CI', 100, 'add_ic_akin_membership'),
(299, 'Can change Alta de Soci Afí CI', 100, 'change_ic_akin_membership'),
(300, 'Can delete Alta de Soci Afí CI', 100, 'delete_ic_akin_membership'),
(301, 'Can add Alta de Soci Cooperatiu individual CI', 101, 'add_ic_person_membership'),
(302, 'Can change Alta de Soci Cooperatiu individual CI', 101, 'change_ic_person_membership'),
(303, 'Can delete Alta de Soci Cooperatiu individual CI', 101, 'delete_ic_person_membership'),
(304, 'Can add Alta de Projecte Col·lectiu CI', 102, 'add_ic_project_membership'),
(305, 'Can change Alta de Projecte Col·lectiu CI', 102, 'change_ic_project_membership'),
(306, 'Can delete Alta de Projecte Col·lectiu CI', 102, 'delete_ic_project_membership'),
(307, 'Can add Alta Membre: procés activació', 103, 'add_registrationprofile'),
(308, 'Can change Alta Membre: procés activació', 103, 'change_registrationprofile'),
(309, 'Can delete Alta Membre: procés activació', 103, 'delete_registrationprofile'),
(310, 'Can add Projecte | Persona', 36, 'add_human_proxy'),
(311, 'Can change Projecte | Persona', 36, 'change_human_proxy'),
(312, 'Can delete Projecte | Persona', 36, 'delete_human_proxy'),
(313, 'Can add ASSITÈNCIA SESSIÓ ACOLLIDA', 81, 'add_learn_session_proxy'),
(314, 'Can change ASSITÈNCIA SESSIÓ ACOLLIDA', 81, 'change_learn_session_proxy'),
(315, 'Can delete ASSITÈNCIA SESSIÓ ACOLLIDA', 81, 'delete_learn_session_proxy'),
(316, 'Can add c- Tipus ', 106, 'add_type'),
(317, 'Can change c- Tipus ', 106, 'change_type'),
(318, 'Can delete c- Tipus ', 106, 'delete_type'),
(319, 'Can add cron job log', 107, 'add_cronjoblog'),
(320, 'Can change cron job log', 107, 'change_cronjoblog'),
(321, 'Can delete cron job log', 107, 'delete_cronjoblog');

-- --------------------------------------------------------

--
-- Estructura de tabla para la tabla `auth_user`
--

CREATE TABLE IF NOT EXISTS `auth_user` (
  `id` int(11) NOT NULL AUTO_INCREMENT,
  `password` varchar(128) NOT NULL,
  `last_login` datetime NOT NULL,
  `is_superuser` tinyint(1) NOT NULL,
  `username` varchar(30) NOT NULL,
  `first_name` varchar(30) NOT NULL,
  `last_name` varchar(30) NOT NULL,
  `email` varchar(75) NOT NULL,
  `is_staff` tinyint(1) NOT NULL,
  `is_active` tinyint(1) NOT NULL,
  `date_joined` datetime NOT NULL,
  PRIMARY KEY (`id`),
  UNIQUE KEY `username` (`username`)
) ENGINE=InnoDB  DEFAULT CHARSET=latin1 AUTO_INCREMENT=61 ;

--
-- Volcado de datos para la tabla `auth_user`
--

INSERT INTO `auth_user` (`id`, `password`, `last_login`, `is_superuser`, `username`, `first_name`, `last_name`, `email`, `is_staff`, `is_active`, `date_joined`) VALUES
(1, 'pbkdf2_sha256$12000$slHNJa0IUgZy$f4ALF9LBvaEx6UhRWeLsBPCa4ad8j82ZJjEooN4Yty0=', '2014-09-15 15:58:55', 1, 'aleph', '', '', '', 1, 1, '2014-08-05 17:11:11'),
(2, 'pbkdf2_sha256$12000$fZEAAYoFoyjl$TUPhMOR21ZR1TIFHKWwFADJDEP7IpglJN7KwoKWpKPw=', '2014-08-29 11:52:28', 0, 'pepe', 'Pepe', 'GOTERA', 'rua13@percebe.vom', 0, 1, '2014-08-05 17:34:43'),
(3, 'pbkdf2_sha256$12000$uRZYWtMYE2eV$dHtqeDChoLdhES3GE8YO7HXLkK0Z2eWY/PTRqjMFwe4=', '2014-08-25 13:20:41', 1, 'bumbum', '', '', 'bumbum@cooperativa.cat', 1, 1, '2014-08-06 14:26:28'),
(4, 'pbkdf2_sha256$12000$Lt3RQUroFJYr$bgylEsGNuOF39oRUNS6sUJYoCwGm53MS9dGg8scc5Z8=', '2014-08-21 16:00:26', 0, 'tuccia', '', '', 'tuccia@cooperativa.cat', 1, 1, '2014-08-18 21:50:08'),
(5, 'pbkdf2_sha256$12000$nfQdLRQXVTja$Zk9u5wsHThlLUONpy0XxRwcryEB58iUFoSZUJvLkZhI=', '2014-08-18 23:19:26', 0, 'jeto', '', '', 'jeto@jeto.jeto', 0, 1, '2014-08-18 23:19:04'),
(18, 'pbkdf2_sha256$12000$dlby1h96Aa4J$3c7LFAdLW2OHAY63cZKB35F2JKM2gbExHlpt2Bc93Fs=', '2014-08-22 19:12:11', 0, 'seb', '', '', 'seb@seb.seb', 0, 1, '2014-08-22 00:21:37'),
(19, 'pbkdf2_sha256$12000$iRZDpdQYrs46$a7GfjP54zy6S+zJ/PBPONManrYgmma3YBbSLmXPn8HM=', '2014-08-25 11:43:29', 0, 'duub', '', '', 'dub@dub.dub', 0, 1, '2014-08-25 11:43:14'),
(20, 'pbkdf2_sha256$12000$U4BfxLYSq6yQ$ZqVFW+jcGkfPyTK1qSrtDw7WidyZDdccTj6UXK8OCCw=', '2014-08-29 12:16:02', 0, 'juan', '', '', 'dsgd@dasg.es', 0, 1, '2014-08-29 11:53:47'),
(21, 'pbkdf2_sha256$12000$iVWSedYoAjEB$Xcg221wBbTCXRdIovyEWoK/9OELN1Cq+zi9WGv8uVHc=', '2014-09-05 02:19:32', 0, 'person', 'persdgfs', 'asdgsdg', 'ale@de.es', 1, 1, '2014-09-03 01:29:24'),
(22, 'pbkdf2_sha256$12000$Qvems3oRMbR0$hEBNe0d6Gy2qa9ym0qVrrVi8IpuflWetP2FChVC2l30=', '2014-09-03 15:18:45', 0, 'aaa', '', '', 'dsg@dsgsd.es', 0, 0, '2014-09-03 15:18:45'),
(23, 'pbkdf2_sha256$12000$jx7DXSj0VK2e$10lwLNbQdKLtKsF/91VXNOA3v4twpHA5Q28Rl40FqIM=', '2014-09-03 16:02:20', 0, 'gabriel', '', '', 'adgsd@adgdsf.es', 0, 0, '2014-09-03 16:02:20'),
(24, 'pbkdf2_sha256$12000$XEViAKQmHle4$gCYOs82o5lPc28SM/TB0Af/AnxwMtg9VSzSml0dCRfc=', '2014-09-03 19:17:58', 0, 'ddd', '', '', 'dgsdg@dsg.es', 0, 1, '2014-09-03 19:17:57'),
(29, 'pbkdf2_sha256$12000$1eUsnjm6U61T$qyaFcRR1FTBCwwNRovV0O9u5UbBmsnqefYxFmbZYkhk=', '2014-09-03 22:28:50', 0, 'dg', '', '', 'ddgsd@dsg.es', 0, 1, '2014-09-03 22:28:50'),
(30, 'pbkdf2_sha256$12000$797fPVAmdD3V$1ipnzGkKozEgbBO+qXcVjvbo84Ta6CoxbX8GA/a9QAk=', '2014-09-04 01:12:45', 0, 'drago', '', '', 'adgsd@gd.es', 0, 1, '2014-09-04 00:17:22'),
(31, 'pbkdf2_sha256$12000$2sqoOFFp9PSj$8ZjRuw3l/mGGg1ZHqMEFmU8RI+5PQXPfbEsohPXl2vg=', '2014-09-04 01:15:21', 0, 'wwwww', '', '', 'wwwww@sss.ws', 0, 1, '2014-09-04 01:15:20'),
(32, 'pbkdf2_sha256$12000$532rA0gak6Zi$WAxrsCdjQB69EbA5HupwcxoiYhqghx2qm39GIAHjpMM=', '2014-09-04 01:38:17', 0, 'jia', '', '', 'jdsg@dsg.es', 0, 1, '2014-09-04 01:38:17'),
(33, 'pbkdf2_sha256$12000$HhUcwiMk056Q$nlDN7w1tfB+DP/8sTL0yWNH2DLoEXK9xqCgWvAHeXCA=', '2014-09-04 03:00:16', 0, 'qwert', '', '', 'quert@teclados.es', 0, 1, '2014-09-04 03:00:16'),
(34, 'pbkdf2_sha256$12000$WogruXgaLhVW$CLYhYwX7qi2pis0F0SsCDALp5pQyQ6yiHby8TT2CKRk=', '2014-09-05 14:49:59', 0, 'miki', '', '', 'dgsd@gdsg.es', 0, 1, '2014-09-04 03:12:37'),
(35, 'pbkdf2_sha256$12000$jfsdm9j69jtD$3ANgxube3VJVSiq67YNpMa3PAslcTXc/QBEC/uVkXqs=', '2014-09-04 07:06:36', 0, 'juanillo', '', '', 'fgsf@fdg.es', 0, 1, '2014-09-04 07:06:36'),
(36, 'pbkdf2_sha256$12000$qNlI6OvWoBYB$rxX4rSn8T0gV6+y6shMr6bk8Fi7BJClG1KD1rDkBRHw=', '2014-09-04 23:08:35', 0, 'la', '', '', 'la@dfg.es', 0, 1, '2014-09-04 15:33:07'),
(37, 'pbkdf2_sha256$12000$Lft8Gs2UUoZe$TZUy6Q7OZiYJ4NnSVW2LsoMmv2QejlU67Cr1Svhjjvg=', '2014-09-04 21:10:54', 0, 'afin', '', '', 'afin@afinlandia.es', 0, 1, '2014-09-04 21:10:53'),
(38, 'pbkdf2_sha256$12000$QNRjhkCZWkXC$2sSq6Q8uu03FD9YwRpFNLjAz141Gamiq5PEhSKhm5+8=', '2014-09-09 02:01:41', 0, 'cooper', '', '', 'cooper@dgsdg.es', 1, 1, '2014-09-04 21:27:45'),
(39, 'pbkdf2_sha256$12000$DIOdC6cA4PBl$gTVTEb7H1bhewzWFlOj4hrK6DHFTqH5kWC5ZKdyGUdo=', '2014-09-05 00:30:43', 0, 'lolo', '', '', '', 1, 1, '2014-09-05 00:10:15'),
(40, 'pbkdf2_sha256$12000$e0522GUI4nWW$tC915k3sH9MsN/WzA8uYscZAFbmKqD1CxdoAmlXzXyQ=', '2014-09-05 02:10:17', 0, 'carlos', '', '', 'sdgsd2@sdgd.es', 0, 1, '2014-09-05 02:10:17'),
(41, 'pbkdf2_sha256$12000$rxTpAhFoNGzB$eawva8s5o+g3VT8yFyR+hqSei5jHZkYr9lPHfPgtdXA=', '2014-09-05 02:19:50', 0, 'sebas', '', '', 'setasfdg@sadgd.es', 0, 1, '2014-09-05 02:14:34'),
(42, 'pbkdf2_sha256$12000$XkfKu4GsOXRi$qYNpZqb03im7Hejra445CpwCbdeF8N3KlOxY/QNrreE=', '2014-09-14 18:33:30', 0, 'proyecto', 'User Aleph Ox', 'Nulis', 'sagsd2@edsggds.es', 0, 1, '2014-09-05 02:24:00'),
(43, 'pbkdf2_sha256$12000$92ObaKUdRBcO$LqmVg0twn6qiexHAIBsFPbfUwHqk08IDbiWismOoi0Q=', '2014-09-05 02:39:41', 0, 'casa', '', '', 'fgasf@fgdfh.es', 0, 1, '2014-09-05 02:39:40'),
(44, 'pbkdf2_sha256$12000$48W1vfWPpuzn$sCfHv+skMubJGlioRWBuJ+OWfhclwtAZIqKa5E7XSSc=', '2014-09-05 03:13:01', 0, 'swsw', '', '', 'ddffgdswqfsdd@edgsdddgd.esd', 0, 1, '2014-09-05 02:58:56'),
(45, 'pbkdf2_sha256$12000$8SRY3jb3o55J$htAV1zZKt/PtD/p31fFpergJllQ4jISYfiTBHpcjvBM=', '2014-09-05 19:37:32', 0, 'zzzz', '', '', 'zzz@sss.es', 0, 1, '2014-09-05 19:37:32'),
(46, 'pbkdf2_sha256$12000$rc9Rg7no7PEN$ZBkZ/VVa7fWlx9EM6qDtuiKBzFt0F9oNL7boJO4jQSQ=', '2014-09-06 04:45:18', 0, 'prueba_person', '', '', 'mail_person@person.es', 0, 1, '2014-09-06 04:45:18'),
(47, 'pbkdf2_sha256$12000$0p0jJdt8ILTB$TSNlqXzgSnZ5niEFkkUE4hvpYkT57TOgdzxY8ydxlFI=', '2014-09-06 06:50:34', 0, 'prova_afin', '', '', 'semail@mail.es', 0, 1, '2014-09-06 06:50:34'),
(48, 'pbkdf2_sha256$12000$ndB7Q1kJhhKg$CBs2xmyUOfSgLeTlXxgBNHJxCDHDXZbkU8oEfwWj6Mg=', '2014-09-06 07:13:33', 0, 'diablo', '', '', 'mundo@dsgsd.es', 0, 1, '2014-09-06 07:13:33'),
(49, 'pbkdf2_sha256$12000$zHnoB3r5gc5R$n6fyx8qIaHsJHef9GwmNANMNSuCu2I34r7zHavEQ3bU=', '2014-09-06 12:15:36', 0, 'angel', '', '', 'dios@cielo.es', 0, 1, '2014-09-06 07:29:56'),
(50, 'pbkdf2_sha256$12000$70ynQEbZGTST$4HtJERVYUYOwppo4WUjBMAAOxfLa9qqh2yCx+qBxkd8=', '2014-09-06 07:39:52', 0, 'abraxas', '', '', 'adgd@es.es', 0, 1, '2014-09-06 07:39:52'),
(51, 'pbkdf2_sha256$12000$puJeLF4Ogltt$0fFVYzIZRu6u5XLP9+0FgRnjPt4fQHOXRJz0FVkU2Vo=', '2014-09-06 07:44:13', 0, 'afin1', '', '', 'sdgd@es.es', 0, 1, '2014-09-06 07:44:13'),
(52, 'pbkdf2_sha256$12000$QG1jX6NhtA45$EgEXDFUDVPn9LdWacOBEKJ5hbCO8f/mcYLVQYpdCQjg=', '2014-09-06 11:16:38', 0, 'demian', '', '', 'ddd@d.es', 0, 1, '2014-09-06 11:16:37'),
(53, 'pbkdf2_sha256$12000$KQKPQKFwf5cn$ItWa9s0L88VT0EpdixQ4U5j+1Tkmnkhuup+FLQMrNWU=', '2014-09-06 11:27:40', 0, 'pcol', '', '', 'pad@de.es', 0, 1, '2014-09-06 11:27:40'),
(54, 'pbkdf2_sha256$12000$oUEW57KtIlVz$oqJ0YY2KAkyW/+78UJR5WoZj0GgHphyudg5kqlu2dw0=', '2014-09-07 04:58:14', 0, 'kil', '', '', 'dsg@dsgsd.es', 0, 1, '2014-09-07 04:58:14'),
(55, 'pbkdf2_sha256$12000$DNV5dAhXADq3$laHUw2OOCpUnZKdHAD2hj4v7mCrkMfCmu27n7uA7Mwk=', '2014-09-07 16:51:47', 0, 'proyectivo', 'proyectivo', 'proyectivo', 'pdsgsdg@dgsdg.es', 1, 1, '2014-09-07 16:48:50'),
(56, 'pbkdf2_sha256$12000$dOMce8XKGA0q$QZV2GItrKtCwjFrmPc5+YQm6mfmm3MYXsMVLi6ObITE=', '2014-09-08 07:34:05', 0, 'qq', '', '', 'gvsdgsdg@sdgdsg.es', 0, 1, '2014-09-08 07:34:04'),
(57, 'pbkdf2_sha256$12000$nhseNuCcazUQ$NEPBKFUoemeindDEBNv1Qxb5E73JWoOE8Xw60seEZuc=', '2014-09-08 17:39:53', 0, 'marcos', '', '', 'mar@c.es', 0, 1, '2014-09-08 16:38:13'),
(58, 'pbkdf2_sha256$12000$xrDT77PUyxak$jvJhxJFeGIY10RBhtnQFaFJmY8mFmMgD0WMJLl68UQ4=', '2014-09-08 16:45:27', 0, 'maite', '', '', 'mdasgd@dgsd.es', 0, 1, '2014-09-08 16:45:27'),
(59, 'pbkdf2_sha256$12000$3xje3rxUSVyU$e3bTqSzlEOq1ZZh1K39ZEmNeWKzV1Z+6vDcWZ8m4qKk=', '2014-09-08 17:11:30', 0, 'projecte', '', '', 'sgdgd@dsgdsg.es', 0, 1, '2014-09-08 17:11:30'),
(60, 'pbkdf2_sha256$12000$g8zH7xwb8yYq$5l1eyQ7Wnq1QAbjJ/NasFLOUsesjmKfTreFEZ8Dn/LQ=', '2014-09-15 12:36:52', 0, 'mentordeFETS', '', '', 'dgsdg@gdsg.es', 0, 1, '2014-09-15 12:36:51');

-- --------------------------------------------------------

--
-- Estructura de tabla para la tabla `auth_user_groups`
--

CREATE TABLE IF NOT EXISTS `auth_user_groups` (
  `id` int(11) NOT NULL AUTO_INCREMENT,
  `user_id` int(11) NOT NULL,
  `group_id` int(11) NOT NULL,
  PRIMARY KEY (`id`),
  UNIQUE KEY `user_id` (`user_id`,`group_id`),
  KEY `auth_user_groups_6340c63c` (`user_id`),
  KEY `auth_user_groups_5f412f9a` (`group_id`)
) ENGINE=InnoDB  DEFAULT CHARSET=latin1 AUTO_INCREMENT=115 ;

--
-- Volcado de datos para la tabla `auth_user_groups`
--

INSERT INTO `auth_user_groups` (`id`, `user_id`, `group_id`) VALUES
(29, 1, 1),
(30, 1, 2),
(31, 1, 3),
(32, 1, 4),
(34, 1, 6),
(35, 1, 7),
(36, 1, 8),
(1, 2, 1),
(7, 4, 2),
(8, 4, 3),
(6, 5, 3),
(24, 18, 2),
(22, 19, 2),
(25, 20, 2),
(48, 21, 6),
(27, 22, 4),
(28, 23, 3),
(37, 24, 4),
(38, 29, 3),
(39, 30, 3),
(40, 31, 3),
(41, 32, 3),
(42, 33, 3),
(43, 34, 3),
(44, 35, 3),
(45, 36, 2),
(46, 37, 3),
(78, 38, 1),
(79, 38, 2),
(80, 38, 3),
(81, 38, 4),
(83, 38, 6),
(84, 38, 7),
(85, 38, 8),
(50, 39, 6),
(51, 40, 2),
(52, 41, 2),
(59, 42, 4),
(60, 42, 7),
(54, 43, 4),
(55, 44, 4),
(61, 45, 2),
(62, 45, 7),
(63, 46, 2),
(64, 46, 7),
(65, 47, 3),
(66, 48, 3),
(67, 49, 2),
(74, 49, 7),
(68, 50, 4),
(69, 51, 3),
(73, 52, 3),
(71, 53, 2),
(72, 53, 7),
(75, 54, 3),
(104, 55, 2),
(105, 55, 3),
(106, 55, 4),
(107, 55, 6),
(108, 55, 7),
(109, 55, 8),
(110, 56, 3),
(111, 57, 3),
(112, 58, 2),
(113, 59, 4),
(114, 60, 3);

-- --------------------------------------------------------

--
-- Estructura de tabla para la tabla `auth_user_user_permissions`
--

CREATE TABLE IF NOT EXISTS `auth_user_user_permissions` (
  `id` int(11) NOT NULL AUTO_INCREMENT,
  `user_id` int(11) NOT NULL,
  `permission_id` int(11) NOT NULL,
  PRIMARY KEY (`id`),
  UNIQUE KEY `user_id` (`user_id`,`permission_id`),
  KEY `auth_user_user_permissions_6340c63c` (`user_id`),
  KEY `auth_user_user_permissions_83d7f98b` (`permission_id`)
) ENGINE=InnoDB  DEFAULT CHARSET=latin1 AUTO_INCREMENT=613 ;

--
-- Volcado de datos para la tabla `auth_user_user_permissions`
--

INSERT INTO `auth_user_user_permissions` (`id`, `user_id`, `permission_id`) VALUES
(307, 55, 1),
(308, 55, 2),
(309, 55, 3),
(310, 55, 4),
(311, 55, 5),
(312, 55, 6),
(313, 55, 7),
(314, 55, 8),
(315, 55, 9),
(316, 55, 10),
(317, 55, 11),
(318, 55, 12),
(319, 55, 13),
(320, 55, 14),
(321, 55, 15),
(322, 55, 16),
(323, 55, 17),
(324, 55, 18),
(325, 55, 19),
(326, 55, 20),
(327, 55, 21),
(328, 55, 22),
(329, 55, 23),
(330, 55, 24),
(331, 55, 25),
(332, 55, 26),
(333, 55, 27),
(334, 55, 28),
(335, 55, 29),
(336, 55, 30),
(337, 55, 31),
(338, 55, 32),
(339, 55, 33),
(340, 55, 34),
(341, 55, 35),
(342, 55, 36),
(343, 55, 37),
(344, 55, 38),
(345, 55, 39),
(346, 55, 40),
(347, 55, 41),
(348, 55, 42),
(349, 55, 43),
(350, 55, 44),
(351, 55, 45),
(352, 55, 46),
(353, 55, 47),
(354, 55, 48),
(355, 55, 49),
(356, 55, 50),
(357, 55, 51),
(358, 55, 52),
(359, 55, 53),
(360, 55, 54),
(361, 55, 55),
(362, 55, 56),
(363, 55, 57),
(364, 55, 58),
(365, 55, 59),
(366, 55, 60),
(367, 55, 61),
(368, 55, 62),
(369, 55, 63),
(370, 55, 64),
(371, 55, 65),
(372, 55, 66),
(373, 55, 67),
(374, 55, 68),
(375, 55, 69),
(376, 55, 70),
(377, 55, 71),
(378, 55, 72),
(379, 55, 73),
(380, 55, 74),
(381, 55, 75),
(382, 55, 76),
(383, 55, 77),
(384, 55, 78),
(385, 55, 79),
(386, 55, 80),
(387, 55, 81),
(388, 55, 82),
(389, 55, 83),
(390, 55, 84),
(391, 55, 85),
(392, 55, 86),
(393, 55, 87),
(394, 55, 88),
(395, 55, 89),
(396, 55, 90),
(397, 55, 91),
(398, 55, 92),
(399, 55, 93),
(400, 55, 94),
(401, 55, 95),
(402, 55, 96),
(403, 55, 100),
(404, 55, 101),
(405, 55, 102),
(406, 55, 103),
(407, 55, 104),
(408, 55, 105),
(409, 55, 106),
(410, 55, 107),
(411, 55, 108),
(412, 55, 109),
(413, 55, 110),
(414, 55, 111),
(415, 55, 112),
(416, 55, 113),
(417, 55, 114),
(418, 55, 115),
(419, 55, 116),
(420, 55, 117),
(421, 55, 118),
(422, 55, 119),
(423, 55, 120),
(424, 55, 121),
(425, 55, 122),
(426, 55, 123),
(427, 55, 124),
(428, 55, 125),
(429, 55, 126),
(430, 55, 127),
(431, 55, 128),
(432, 55, 129),
(433, 55, 130),
(434, 55, 131),
(435, 55, 132),
(436, 55, 133),
(437, 55, 134),
(438, 55, 135),
(439, 55, 136),
(440, 55, 137),
(441, 55, 138),
(442, 55, 139),
(443, 55, 140),
(444, 55, 141),
(445, 55, 142),
(446, 55, 143),
(447, 55, 144),
(448, 55, 145),
(449, 55, 146),
(450, 55, 147),
(451, 55, 148),
(452, 55, 149),
(453, 55, 150),
(454, 55, 151),
(455, 55, 152),
(456, 55, 153),
(457, 55, 154),
(458, 55, 155),
(459, 55, 156),
(460, 55, 157),
(461, 55, 158),
(462, 55, 159),
(463, 55, 163),
(464, 55, 164),
(465, 55, 165),
(466, 55, 166),
(467, 55, 167),
(468, 55, 168),
(469, 55, 169),
(470, 55, 170),
(471, 55, 171),
(472, 55, 172),
(473, 55, 173),
(474, 55, 174),
(475, 55, 175),
(476, 55, 176),
(477, 55, 177),
(478, 55, 178),
(479, 55, 179),
(480, 55, 180),
(481, 55, 181),
(482, 55, 182),
(483, 55, 183),
(484, 55, 184),
(485, 55, 185),
(486, 55, 186),
(487, 55, 187),
(488, 55, 188),
(489, 55, 189),
(490, 55, 190),
(491, 55, 191),
(492, 55, 192),
(493, 55, 193),
(494, 55, 194),
(495, 55, 195),
(496, 55, 196),
(497, 55, 197),
(498, 55, 198),
(499, 55, 199),
(500, 55, 200),
(501, 55, 201),
(502, 55, 202),
(503, 55, 203),
(504, 55, 204),
(505, 55, 205),
(506, 55, 206),
(507, 55, 207),
(508, 55, 208),
(509, 55, 209),
(510, 55, 210),
(511, 55, 211),
(512, 55, 212),
(513, 55, 213),
(514, 55, 214),
(515, 55, 215),
(516, 55, 216),
(517, 55, 217),
(518, 55, 218),
(519, 55, 219),
(520, 55, 220),
(521, 55, 221),
(522, 55, 222),
(523, 55, 223),
(524, 55, 224),
(525, 55, 225),
(526, 55, 226),
(527, 55, 227),
(528, 55, 228),
(529, 55, 229),
(530, 55, 230),
(531, 55, 231),
(532, 55, 232),
(533, 55, 233),
(534, 55, 234),
(535, 55, 235),
(536, 55, 236),
(537, 55, 237),
(538, 55, 238),
(539, 55, 239),
(540, 55, 240),
(541, 55, 241),
(542, 55, 242),
(543, 55, 243),
(544, 55, 244),
(545, 55, 245),
(546, 55, 246),
(547, 55, 247),
(548, 55, 248),
(549, 55, 249),
(550, 55, 253),
(551, 55, 254),
(552, 55, 255),
(553, 55, 256),
(554, 55, 257),
(555, 55, 258),
(556, 55, 259),
(557, 55, 260),
(558, 55, 261),
(559, 55, 262),
(560, 55, 263),
(561, 55, 264),
(562, 55, 265),
(563, 55, 266),
(564, 55, 267),
(565, 55, 268),
(566, 55, 269),
(567, 55, 270),
(568, 55, 271),
(569, 55, 272),
(570, 55, 273),
(571, 55, 274),
(572, 55, 275),
(573, 55, 276),
(574, 55, 277),
(575, 55, 278),
(576, 55, 279),
(577, 55, 280),
(578, 55, 281),
(579, 55, 282),
(580, 55, 283),
(581, 55, 284),
(582, 55, 285),
(583, 55, 286),
(584, 55, 287),
(585, 55, 288),
(586, 55, 289),
(587, 55, 290),
(588, 55, 291),
(589, 55, 292),
(590, 55, 293),
(591, 55, 294),
(592, 55, 295),
(593, 55, 296),
(594, 55, 297),
(595, 55, 298),
(596, 55, 299),
(597, 55, 300),
(598, 55, 301),
(599, 55, 302),
(600, 55, 303),
(601, 55, 304),
(602, 55, 305),
(603, 55, 306),
(604, 55, 307),
(605, 55, 308),
(606, 55, 309),
(607, 55, 310),
(608, 55, 311),
(609, 55, 312),
(610, 55, 313),
(611, 55, 314),
(612, 55, 315);

-- --------------------------------------------------------

--
-- Estructura de tabla para la tabla `csvimport_csvimport`
--

CREATE TABLE IF NOT EXISTS `csvimport_csvimport` (
  `id` int(11) NOT NULL AUTO_INCREMENT,
  `model_name` varchar(255) NOT NULL,
  `field_list` varchar(255) NOT NULL,
  `upload_file` varchar(100) NOT NULL,
  `file_name` varchar(255) NOT NULL,
  `encoding` varchar(32) NOT NULL,
  `upload_method` varchar(50) NOT NULL,
  `error_log` longtext NOT NULL,
  `import_date` date NOT NULL,
  `import_user` varchar(255) NOT NULL,
  PRIMARY KEY (`id`)
) ENGINE=InnoDB  DEFAULT CHARSET=latin1 AUTO_INCREMENT=6 ;

--
-- Volcado de datos para la tabla `csvimport_csvimport`
--

INSERT INTO `csvimport_csvimport` (`id`, `model_name`, `field_list`, `upload_file`, `file_name`, `encoding`, `upload_method`, `error_log`, `import_date`, `import_user`) VALUES
(5, 'Invoices.tax', '', 'csv/periodTaxes_4.csv', 'csv/periodTaxes_4.csv', '', 'manual', 'Using mapping from first row of CSV file', '2014-08-05', 'aleph');

-- --------------------------------------------------------

--
-- Estructura de tabla para la tabla `csvimport_importmodel`
--

CREATE TABLE IF NOT EXISTS `csvimport_importmodel` (
  `id` int(11) NOT NULL AUTO_INCREMENT,
  `csvimport_id` int(11) NOT NULL,
  `numeric_id` int(10) unsigned NOT NULL,
  `natural_key` varchar(100) NOT NULL,
  PRIMARY KEY (`id`),
  KEY `csvimport_importmodel_367c7ba0` (`csvimport_id`)
) ENGINE=InnoDB DEFAULT CHARSET=latin1 AUTO_INCREMENT=1 ;

-- --------------------------------------------------------

--
-- Estructura de tabla para la tabla `django_admin_log`
--

CREATE TABLE IF NOT EXISTS `django_admin_log` (
  `id` int(11) NOT NULL AUTO_INCREMENT,
  `action_time` datetime NOT NULL,
  `user_id` int(11) NOT NULL,
  `content_type_id` int(11) DEFAULT NULL,
  `object_id` longtext,
  `object_repr` varchar(200) NOT NULL,
  `action_flag` smallint(5) unsigned NOT NULL,
  `change_message` longtext NOT NULL,
  PRIMARY KEY (`id`),
  KEY `django_admin_log_6340c63c` (`user_id`),
  KEY `django_admin_log_37ef4eb4` (`content_type_id`)
) ENGINE=InnoDB  DEFAULT CHARSET=latin1 AUTO_INCREMENT=2036 ;

--
-- Volcado de datos para la tabla `django_admin_log`
--

INSERT INTO `django_admin_log` (`id`, `action_time`, `user_id`, `content_type_id`, `object_id`, `object_repr`, `action_flag`, `change_message`) VALUES
(1, '2014-08-05 17:29:14', 1, 11, '1', '0', 1, ''),
(2, '2014-08-05 17:29:18', 1, 11, '2', '4', 1, ''),
(3, '2014-08-05 17:29:21', 1, 11, '3', '10', 1, ''),
(4, '2014-08-05 17:29:24', 1, 11, '4', '21', 1, ''),
(5, '2014-08-05 17:30:13', 1, 18, '1', '2014 T1', 1, ''),
(6, '2014-08-05 17:30:40', 1, 18, '2', '2014 T2', 1, ''),
(7, '2014-08-05 17:30:42', 1, 18, '2', '2014 T2', 2, 'No ha cambiado ningún campo.'),
(8, '2014-08-05 17:31:19', 1, 18, '3', '2014 T3', 1, ''),
(9, '2014-08-05 17:34:26', 1, 3, '1', 'AUTOOCUPAT', 1, ''),
(10, '2014-08-05 17:34:44', 1, 4, '2', 'pepe', 1, ''),
(11, '2014-08-05 17:36:36', 1, 4, '2', 'pepe', 2, 'Modificado/a first_name, last_name, email y groups.'),
(12, '2014-08-05 17:41:47', 1, 8, '5', 'csv/periodTaxes_4.csv', 1, ''),
(13, '2014-08-05 17:42:14', 1, 13, '1', 'Xarxa de profesionals i usuàries', 1, ''),
(14, '2014-08-05 17:43:04', 1, 13, '2', 'Interprofesionals', 1, ''),
(15, '2014-08-05 17:43:17', 1, 10, '1', 'BTC', 1, ''),
(16, '2014-08-05 17:43:21', 1, 10, '2', 'EURO', 1, ''),
(17, '2014-08-05 17:43:24', 1, 10, '3', 'ECO', 1, ''),
(18, '2014-08-05 17:43:36', 1, 10, '4', 'SALDO', 1, ''),
(19, '2014-08-05 17:46:01', 1, 29, '1', 'Aviso de cierre automático', 1, ''),
(20, '2014-08-06 14:52:35', 3, 38, '1', 'Revolució Integral (RI)', 1, ''),
(21, '2014-08-06 14:52:58', 3, 38, '2', 'Xarxa de Cooperatives Integrals (XCI)', 1, ''),
(22, '2014-08-06 14:53:14', 3, 38, '3', 'Cooperativa Integral Catalana (CIC)', 1, ''),
(23, '2014-08-06 14:54:21', 3, 37, '4', 'Sebas (bumbum)', 1, ''),
(24, '2014-08-06 15:35:01', 3, 60, '1', 'Països Catalans', 1, ''),
(25, '2014-08-06 15:35:15', 3, 60, '2', 'Catalunya', 1, ''),
(26, '2014-08-06 15:35:28', 3, 60, '3', 'Barcelonès', 1, ''),
(27, '2014-08-06 21:31:47', 3, 34, '1', 'Ésser (Being)', 1, ''),
(28, '2014-08-06 21:32:13', 3, 34, '2', 'Espai (Space)', 1, ''),
(29, '2014-08-06 21:32:36', 3, 34, '3', 'Obra (Artwork)', 1, ''),
(30, '2014-08-06 21:33:01', 3, 34, '4', 'Persona (Person)', 1, ''),
(31, '2014-08-06 21:33:15', 3, 34, '5', 'Projecte (Project)', 1, ''),
(32, '2014-08-06 21:33:37', 3, 34, '6', 'Empresa (Company)', 1, ''),
(33, '2014-08-06 21:34:18', 3, 34, '7', 'Adreça (Address)', 1, ''),
(34, '2014-08-06 21:34:35', 3, 34, '8', 'Regió (Region)', 1, ''),
(35, '2014-08-06 21:35:32', 3, 34, '9', 'Material (Material)', 1, ''),
(36, '2014-08-06 21:36:24', 3, 34, '10', 'Inmaterial (Nonmaterial)', 1, ''),
(37, '2014-08-06 21:36:50', 3, 34, '11', 'Registre (Record)', 1, ''),
(38, '2014-08-06 21:37:13', 3, 34, '12', 'Unitat (Unit)', 1, ''),
(39, '2014-08-06 21:57:27', 3, 39, '13', 'Projecte CI', 1, ''),
(40, '2014-08-06 21:59:55', 3, 70, '14', 'Equivalencia d''Unitats (UnitRatio)', 1, ''),
(41, '2014-08-06 22:00:19', 3, 70, '15', 'Compte monetari', 1, ''),
(42, '2014-08-06 22:00:34', 3, 70, '16', 'Compte CES (AccountCes)', 1, ''),
(43, '2014-08-06 22:01:10', 3, 70, '17', 'Compte Criptomoneda (AccountCrypto)', 1, ''),
(44, '2014-08-06 22:01:30', 3, 70, '18', 'Compte Bancari (AccountCrypto)', 1, ''),
(45, '2014-08-06 22:02:58', 3, 41, '19', 'Cooperativa', 1, ''),
(46, '2014-08-06 22:03:35', 3, 41, '20', 'Bancaria', 1, ''),
(47, '2014-08-06 22:04:29', 3, 39, '21', 'Nucli d''Autogestió Local', 1, ''),
(48, '2014-08-06 22:04:43', 3, 39, '22', 'Ecoxarxa', 1, ''),
(49, '2014-08-06 22:05:53', 3, 39, '23', 'Públic', 1, ''),
(50, '2014-08-06 22:06:05', 3, 39, '21', 'Nucli d''Autogestió Local', 2, 'Modificat parent.'),
(51, '2014-08-06 22:06:13', 3, 39, '22', 'Ecoxarxa', 2, 'Modificat parent.'),
(52, '2014-08-06 22:06:55', 3, 39, '24', 'Cooperativa Integral', 1, ''),
(53, '2014-08-06 22:07:18', 3, 39, '25', 'Productiu Public', 1, ''),
(54, '2014-08-06 22:07:37', 3, 39, '26', 'Servei Comú', 1, ''),
(55, '2014-08-06 22:09:10', 3, 39, '27', 'Cooperatiu Col·lectiu', 1, ''),
(56, '2014-08-06 22:09:31', 3, 39, '28', 'Grup de Consum', 1, ''),
(57, '2014-08-06 22:10:46', 3, 39, '29', 'De Serveis', 1, ''),
(58, '2014-08-06 22:11:34', 3, 39, '30', 'PAIC sense facturació', 1, ''),
(59, '2014-08-06 22:12:24', 3, 39, '31', 'Autoocupat', 1, ''),
(60, '2014-08-06 22:12:40', 3, 39, '32', 'Autoocupat Firaire', 1, ''),
(61, '2014-08-06 22:12:54', 3, 39, '33', 'PAIC amb facturació', 1, ''),
(62, '2014-08-06 22:14:34', 3, 72, '34', 'Moneda', 1, ''),
(63, '2014-08-06 22:14:54', 3, 72, '35', 'Moneda Social', 1, ''),
(64, '2014-08-06 22:15:11', 3, 72, '36', 'Criptomoneda', 1, ''),
(65, '2014-08-06 22:15:24', 3, 72, '37', 'Moneda Fiat', 1, ''),
(66, '2014-08-06 22:15:50', 3, 72, '38', 'Àrea', 1, ''),
(67, '2014-08-06 22:17:40', 3, 61, '39', 'Continent', 1, ''),
(68, '2014-08-06 22:18:09', 3, 61, '40', 'País', 1, ''),
(69, '2014-08-06 22:18:49', 3, 61, '41', 'Comunitat Cultural', 1, ''),
(70, '2014-08-06 22:19:45', 3, 61, '40', 'País', 2, 'Modificat parent.'),
(71, '2014-08-06 22:20:04', 3, 61, '41', 'Comunitat Cultural', 2, 'Modificat parent.'),
(72, '2014-08-06 22:20:32', 3, 61, '42', 'Bioregió', 1, ''),
(73, '2014-08-06 22:20:44', 3, 61, '43', 'Comarca', 1, ''),
(74, '2014-08-06 22:22:19', 3, 59, '44', 'Espai Polivalent Col·lectiu', 1, ''),
(75, '2014-08-06 22:23:56', 3, 59, '45', 'Taller', 1, ''),
(76, '2014-08-06 22:24:35', 3, 59, '46', 'Habitatge', 1, ''),
(77, '2014-08-07 01:46:10', 3, 55, '1', ':Relació Humà - Humà, relacionar', 1, ''),
(78, '2014-08-07 01:47:37', 3, 55, '2', ':Relació Humà - Art, ', 1, ''),
(79, '2014-08-07 01:47:59', 3, 55, '1', ':Relació Humà - Humà, ', 2, 'Modificat verb i gerund.'),
(80, '2014-08-07 01:48:28', 3, 55, '3', ':Relació Humà - Espai, ', 1, ''),
(81, '2014-08-07 01:48:40', 3, 55, '4', ':Relació Humà - Obra, ', 1, ''),
(82, '2014-08-07 01:50:16', 3, 55, '5', ':Relació Persona - Projecte, ', 1, ''),
(83, '2014-08-07 01:51:16', 3, 55, '6', ':Relació Persona - Persona, ', 1, ''),
(84, '2014-08-07 01:53:32', 3, 55, '7', 'Participació, participar', 1, ''),
(85, '2014-08-07 01:54:18', 3, 55, '8', 'Dinamització, dinamitzar', 1, ''),
(86, '2014-08-07 01:57:51', 3, 55, '9', 'Col·laboració, col·laborar', 1, ''),
(87, '2014-08-07 12:00:15', 3, 97, '1', 'registre CI', 1, ''),
(88, '2014-08-07 12:01:16', 3, 97, '2', 'Forma de Pagament', 1, ''),
(89, '2014-08-07 12:05:02', 3, 98, '3', 'Alta Soci CI (iC_Membership)', 1, ''),
(90, '2014-08-07 12:05:38', 3, 98, '4', 'Alta de Membre', 1, ''),
(91, '2014-08-07 12:06:45', 3, 98, '3', 'Alta Soci CI (iC_Membership)', 2, 'Modificat parent.'),
(92, '2014-08-07 12:07:49', 3, 98, '5', 'alta Soci Autoocupat (iC_Self_Employed)', 1, ''),
(93, '2014-08-07 12:08:05', 3, 98, '3', 'alta Soci CI (iC_Membership)', 2, 'Modificat name.'),
(94, '2014-08-07 12:16:00', 3, 98, '6', 'Document CI (iC_Document)', 1, ''),
(95, '2014-08-07 12:20:29', 3, 97, '1', 'Registre CI (iC_Record)', 2, 'Modificat name i clas.'),
(96, '2014-08-07 12:20:50', 3, 97, '4', 'alta de Membre', 2, 'Modificat name.'),
(97, '2014-08-07 12:20:58', 3, 97, '3', 'Alta Soci CI (iC_Membership)', 2, 'Modificat name.'),
(98, '2014-08-07 12:21:03', 3, 97, '5', 'Alta Soci Autoocupat (iC_Self_Employed)', 2, 'Modificat name.'),
(99, '2014-08-07 12:27:27', 3, 97, '7', 'alta Soci Cooperatiu Individual', 1, ''),
(100, '2014-08-07 12:28:26', 3, 97, '8', 'alta Projecte Col·lectiu', 1, ''),
(101, '2014-08-07 12:29:01', 3, 97, '9', 'alta Projecte Públic', 1, ''),
(102, '2014-08-07 12:30:29', 3, 97, '10', 'alta Soci Afí Individual', 1, ''),
(103, '2014-08-07 12:31:26', 3, 97, '11', 'alta Projecte Firaire', 1, ''),
(104, '2014-08-07 12:31:48', 3, 97, '5', 'Alta Projecte Autoocupat (iC_Self_Employed)', 2, 'Modificat name.'),
(105, '2014-08-07 12:32:25', 3, 97, '4', 'Alta de Membre', 2, 'Modificat name.'),
(106, '2014-08-07 12:32:36', 3, 97, '3', 'alta Soci CI (iC_Membership)', 2, 'Modificat name.'),
(107, '2014-08-07 12:32:46', 3, 97, '5', 'alta Projecte Autoocupat (iC_Self_Employed)', 2, 'Modificat name.'),
(108, '2014-08-07 12:32:58', 3, 97, '11', 'alta Projecte Firaire (iC_Stallholder)', 2, 'Modificat clas.'),
(109, '2014-08-07 17:20:58', 3, 97, '1', 'Registre CI (iC_Record)', 1, ''),
(110, '2014-08-07 17:21:24', 3, 97, '2', 'Forma de Pagament (Payment_Type)', 1, ''),
(111, '2014-08-07 17:23:14', 3, 98, '3', 'Alta de Membre', 1, ''),
(112, '2014-08-07 17:24:26', 3, 98, '4', 'alta Soci Afí Individual (iC_Akin_Membership)', 1, ''),
(113, '2014-08-07 17:25:09', 3, 98, '5', 'alta Soci CI (iC_Membership)', 1, ''),
(114, '2014-08-07 17:26:25', 3, 98, '6', 'alta Soci Cooperatiu Individual', 1, ''),
(115, '2014-08-07 17:37:57', 3, 98, '6', 'alta Soci Cooperatiu Individual (Person)', 2, 'Modificat clas.'),
(116, '2014-08-07 17:38:24', 3, 98, '7', 'alta Projecte Col·lectiu (Project)', 1, ''),
(117, '2014-08-07 18:01:29', 3, 98, '6', 'alta Soci Cooperatiu Individual (person)', 2, 'Modificat clas.'),
(118, '2014-08-07 18:01:36', 3, 98, '7', 'alta Projecte Col·lectiu (project)', 2, 'Modificat clas.'),
(119, '2014-08-07 18:02:02', 3, 98, '8', 'alta Projecte Públic (public_project)', 1, ''),
(120, '2014-08-07 18:04:26', 3, 98, '9', 'alta Projecte Autoocupat (iC_Self_Employed)', 1, ''),
(121, '2014-08-07 18:06:49', 3, 98, '10', 'alta Projecte Firaire (iC_Stallholder)', 1, ''),
(122, '2014-08-07 18:07:34', 3, 98, '11', 'Document CI (iC_Document)', 1, ''),
(123, '2014-08-07 18:40:19', 3, 97, '6', 'alta Soci Cooperatiu Individual (ic_Person_Membership)', 2, 'Modificat clas.'),
(124, '2014-08-07 18:40:37', 3, 97, '7', 'alta Projecte Col·lectiu (ic_Project_Membership)', 2, 'Modificat clas.'),
(125, '2014-08-07 18:41:24', 3, 97, '8', 'alta Projecte Públic', 2, 'Modificat clas.'),
(126, '2014-08-07 18:45:19', 3, 98, '12', 'Contracte d''Adreça (iC_Address_Contract)', 1, ''),
(127, '2014-08-07 19:02:16', 3, 86, '13', 'Llicència soci (iC_Licence)', 1, ''),
(128, '2014-08-07 19:03:05', 3, 86, '14', 'Assegurança soci (iC_Insurance)', 1, ''),
(129, '2014-08-07 19:04:06', 3, 86, '15', 'Contracte Laboral (iC_Labor_Contract)', 1, ''),
(130, '2014-08-07 19:05:48', 3, 98, '16', 'Quota (Fee)', 1, ''),
(131, '2014-08-07 19:08:18', 3, 98, '17', 'Acompanyament de Projecte (Project_Accompaniment)', 1, ''),
(132, '2014-08-07 19:09:05', 3, 98, '18', 'Sessió / Formació (Learn_Session)', 1, ''),
(133, '2014-08-07 19:16:22', 3, 99, '19', 'pagament en Moneda Social', 1, ''),
(134, '2014-08-07 19:16:35', 3, 99, '20', 'pagament en Metàl·lic', 1, ''),
(135, '2014-08-07 19:17:04', 3, 99, '21', 'pagament amb Hores de Treball', 1, ''),
(136, '2014-08-07 19:17:42', 3, 99, '22', 'pagament amb Criptomoneda', 1, ''),
(137, '2014-08-07 19:19:42', 3, 98, '23', 'quota d''Alta', 1, ''),
(138, '2014-08-07 19:20:08', 3, 98, '24', 'quota Contracte Laboral', 1, ''),
(139, '2014-08-07 19:20:34', 3, 98, '24', 'quota Trimestral', 2, 'Modificat name.'),
(140, '2014-08-07 21:09:58', 3, 39, '47', 'Xarxa Mundial', 1, ''),
(141, '2014-08-07 21:10:05', 3, 38, '1', 'Revolució Integral (RI)', 1, ''),
(142, '2014-08-07 21:26:20', 3, 38, '2', 'Xarxa de Cooperatives Integrals (XCI)', 1, ''),
(143, '2014-08-07 21:27:45', 3, 38, '3', 'Cooperativa Integral Catalana (CIC)', 1, ''),
(144, '2014-08-07 21:28:42', 3, 71, '1', 'Moneda Social: EcoCoop', 1, ''),
(145, '2014-08-07 21:29:02', 3, 38, '3', 'Cooperativa Integral Catalana (CIC)', 2, 'Afegit Compte CES "(eco) Cooperativa Integral Catalana (CIC) COOP0001"'),
(146, '2014-08-07 21:31:41', 3, 74, '1', '(eco) Cooperativa Integral Catalana (CIC) COOP0001', 2, 'Cap camp modificat.'),
(147, '2014-08-07 21:37:00', 3, 60, '1', 'Països Catalans', 1, ''),
(148, '2014-08-07 21:37:13', 3, 60, '2', 'Catalunya', 1, ''),
(149, '2014-08-07 21:37:16', 3, 71, '2', 'Moneda Social: EcoBàsic', 1, ''),
(150, '2014-08-07 21:37:34', 3, 38, '3', 'Cooperativa Integral Catalana (CIC)', 2, 'Afegit Compte CES "(eB) Cooperativa Integral Catalana (CIC) CIEB0001"'),
(151, '2014-08-07 21:38:41', 3, 37, '4', 'Sebas (bumbum)', 1, ''),
(152, '2014-08-07 21:40:22', 3, 38, '3', 'Cooperativa Integral Catalana (CIC)', 2, 'Afegit per "dinamitzant > Sebas (bumbum)"'),
(153, '2014-08-07 21:40:40', 3, 38, '3', 'Cooperativa Integral Catalana (CIC)', 2, 'Modificat relation per a per "col·laborant > Sebas (bumbum)".'),
(154, '2014-08-07 21:41:40', 3, 38, '3', 'Cooperativa Integral Catalana (CIC)', 2, 'Modificat relation per a per "Sebas (bumbum)".'),
(155, '2014-08-07 21:41:54', 3, 38, '3', 'Cooperativa Integral Catalana (CIC)', 2, 'Modificat relation per a per "col·laborant > Sebas (bumbum)".'),
(156, '2014-08-07 21:48:05', 3, 71, '3', 'Criptomoneda: FairCoin', 1, ''),
(157, '2014-08-07 21:49:11', 3, 37, '4', 'Sebas (bumbum)', 2, 'Modificat birth_date. Afegit Compte Criptomoneda "(FAC) Sebas (bumbum) fPZ9NaANowe8PyWAJ3sLZY3cFzGbUyZca4"'),
(158, '2014-08-07 21:53:47', 3, 37, '4', 'Sebas (bumbum)', 2, 'Afegit Compte CES "(eco) Sebas (bumbum) COOP0111"'),
(159, '2014-08-07 21:59:05', 3, 60, '3', 'Barcelonès', 1, ''),
(160, '2014-08-07 21:59:42', 3, 71, '4', 'Àrea: Metre Quadrat', 1, ''),
(161, '2014-08-07 22:00:10', 3, 58, '1', 'AureaSocial (Sardenya 261-263 - Barcelona)', 1, ''),
(162, '2014-08-07 22:03:14', 3, 55, '10', 'Oferiment de l''espai, oferir l''espai', 1, ''),
(163, '2014-08-07 22:03:22', 3, 38, '3', 'Cooperativa Integral Catalana (CIC)', 2, 'Afegit adr "oferint l''espai > AureaSocial (Sardenya 261-263 - Barcelona)"'),
(164, '2014-08-07 22:05:24', 3, 37, '5', 'Aleph (aleph)', 1, ''),
(165, '2014-08-07 22:05:38', 3, 38, '3', 'Cooperativa Integral Catalana (CIC)', 2, 'Afegit per "col·laborant > Aleph (aleph)"'),
(166, '2014-08-07 22:48:09', 3, 38, '3', 'Cooperativa Integral Catalana (CIC)', 2, 'Afegit Compte CES "(eco) Cooperativa Integral Catalana (CIC) COOP0000"'),
(167, '2014-08-07 22:49:08', 3, 74, '7', '(eco) Cooperativa Integral Catalana (CIC) COOP0000', 3, ''),
(168, '2014-08-07 22:52:13', 3, 38, '3', 'Cooperativa Integral Catalana (CIC)', 2, 'Afegit Compte CES "(eco) Cooperativa Integral Catalana (CIC) COOP0000"'),
(169, '2014-08-07 22:53:05', 3, 74, '9', '(eco) Cooperativa Integral Catalana (CIC) COOP0000', 3, ''),
(170, '2014-08-07 22:54:10', 3, 38, '3', 'Cooperativa Integral Catalana (CIC)', 2, 'Afegit Compte CES "(eco) Cooperativa Integral Catalana (CIC) COOP0000"'),
(171, '2014-08-07 22:56:30', 3, 38, '3', 'Cooperativa Integral Catalana (CIC)', 2, 'Eliminat Compte CES "(eco) Cooperativa Integral Catalana (CIC) COOP0000".'),
(172, '2014-08-07 23:05:57', 3, 38, '3', 'Cooperativa Integral Catalana (CIC)', 2, 'Afegit Compte CES "(eco) Cooperativa Integral Catalana (CIC) COOP0000"'),
(173, '2014-08-07 23:08:49', 3, 74, '16', '(eco) Cooperativa Integral Catalana (CIC) COOP0000', 3, ''),
(174, '2014-08-07 23:09:15', 3, 38, '3', 'Cooperativa Integral Catalana (CIC)', 2, 'Afegit Compte CES "(eco) Cooperativa Integral Catalana (CIC) COOP0000"'),
(175, '2014-08-07 23:10:45', 3, 74, '17', '(eco) Cooperativa Integral Catalana (CIC) COOP0000', 3, ''),
(176, '2014-08-07 23:11:38', 3, 38, '3', 'Cooperativa Integral Catalana (CIC)', 2, 'Afegit Compte CES "(eco) Cooperativa Integral Catalana (CIC) COOP0000"'),
(177, '2014-08-07 23:16:50', 3, 74, '19', '(eco) Cooperativa Integral Catalana (CIC) COOP0000', 3, ''),
(178, '2014-08-07 23:28:29', 3, 38, '3', 'Cooperativa Integral Catalana (CIC)', 2, 'Afegit Compte CES "(eco) Cooperativa Integral Catalana (CIC) COOP0000"'),
(179, '2014-08-07 23:40:22', 3, 74, '30', '(eco) Cooperativa Integral Catalana (CIC) COOP0000', 3, ''),
(180, '2014-08-07 23:41:06', 3, 38, '3', 'Cooperativa Integral Catalana (CIC)', 2, 'Afegit Compte CES "(eco) Cooperativa Integral Catalana (CIC) COOP0000"'),
(181, '2014-08-07 23:48:23', 3, 74, '31', '(eco) Cooperativa Integral Catalana (CIC) COOP0000', 3, ''),
(182, '2014-08-07 23:48:58', 3, 38, '3', 'Cooperativa Integral Catalana (CIC)', 2, 'Afegit Compte CES "(eco) Cooperativa Integral Catalana (CIC) COOP0000"'),
(183, '2014-08-07 23:50:59', 3, 74, '32', '(eco) Cooperativa Integral Catalana (CIC) COOP0000', 3, ''),
(184, '2014-08-07 23:53:59', 3, 38, '3', 'Cooperativa Integral Catalana (CIC)', 2, 'Afegit Compte CES "(eco) Cooperativa Integral Catalana (CIC) COOP0000"'),
(185, '2014-08-08 00:02:20', 3, 38, '3', 'Cooperativa Integral Catalana (CIC)', 2, 'Eliminat Compte CES "(eco) Cooperativa Integral Catalana (CIC) COOP0000".'),
(186, '2014-08-08 00:38:47', 3, 38, '3', 'Cooperativa Integral Catalana (CIC)', 2, 'Afegit Compte CES "(eco) Cooperativa Integral Catalana (CIC) COOP0000"'),
(187, '2014-08-08 00:40:16', 3, 74, '38', '(eco) Cooperativa Integral Catalana (CIC) COOP0000', 3, ''),
(188, '2014-08-08 00:40:42', 3, 38, '3', 'Cooperativa Integral Catalana (CIC)', 2, 'Afegit Compte CES "(eco) Cooperativa Integral Catalana (CIC) COOP0000"'),
(189, '2014-08-08 00:41:12', 3, 74, '39', '(eco) Cooperativa Integral Catalana (CIC) COOP0000', 3, ''),
(190, '2014-08-08 00:41:32', 3, 38, '3', 'Cooperativa Integral Catalana (CIC)', 2, 'Afegit Compte CES "(eco) Cooperativa Integral Catalana (CIC) COOP0000"'),
(191, '2014-08-08 00:42:39', 3, 74, '40', '(eco) Cooperativa Integral Catalana (CIC) COOP0000', 3, ''),
(192, '2014-08-08 00:43:03', 3, 38, '3', 'Cooperativa Integral Catalana (CIC)', 2, 'Afegit Compte CES "(eco) Cooperativa Integral Catalana (CIC) COOP0000"'),
(193, '2014-08-08 00:50:41', 3, 74, '41', '(eco) Cooperativa Integral Catalana (CIC) COOP0000', 3, ''),
(194, '2014-08-08 00:55:55', 3, 70, '18', 'Compte Bancari (AccountBank)', 2, 'Modificat clas.'),
(195, '2014-08-08 00:56:01', 3, 38, '3', 'Cooperativa Integral Catalana (CIC)', 2, 'Afegit Compte CES "(eco) Cooperativa Integral Catalana (CIC) COOP0000" Afegit Compte Criptomoneda "(FAC) Cooperativa Integral Catalana (CIC) nolatincpas"'),
(196, '2014-08-08 00:56:55', 3, 76, '45', '(FAC) Cooperativa Integral Catalana (CIC) nolatincpas', 3, ''),
(197, '2014-08-08 00:58:01', 3, 40, '6', 'Triodos Bank', 1, ''),
(198, '2014-08-08 00:58:36', 3, 71, '5', 'Moneda Fiat: Euro', 1, ''),
(199, '2014-08-08 00:59:04', 3, 37, '4', 'Sebas (bumbum)', 2, 'Afegit Compte Bancari "(€) Sebas (bumbum) 124512351290581 ()"'),
(200, '2014-08-08 01:03:45', 3, 40, '6', 'Triodos Bank (Triodos)', 2, 'Modificat nickname.'),
(201, '2014-08-08 01:28:24', 3, 64, '48', 'Digital', 1, ''),
(202, '2014-08-08 01:28:48', 3, 64, '49', 'Cultural', 1, ''),
(203, '2014-08-08 09:12:51', 3, 64, '50', 'Arxiu digital', 1, ''),
(204, '2014-08-08 09:13:47', 3, 64, '51', 'Imatge digital (Image)', 1, ''),
(205, '2014-08-08 11:24:50', 3, 78, '1', 'CIC > Sebas (bumbum)', 1, ''),
(206, '2014-08-08 11:32:42', 3, 100, '3', '', 1, ''),
(207, '2014-08-08 11:44:49', 3, 83, '5', 'quota d''Alta: Sebas (bumbum) [30 €] > CIC', 1, ''),
(208, '2014-08-08 11:45:05', 3, 78, '6', 'CIC > Sebas (bumbum)', 1, ''),
(209, '2014-08-08 11:45:21', 3, 78, '6', 'CIC > Sebas (bumbum)', 2, 'Modificat name.'),
(210, '2014-08-08 12:36:21', 3, 78, '6', 'CIC > Sebas (bumbum)', 2, 'Cap camp modificat.'),
(211, '2014-08-08 12:43:48', 3, 83, '5', 'quota d''Alta: Sebas (bumbum) [30.00 €] > CIC', 2, 'Modificat membership.'),
(212, '2014-08-08 12:43:57', 3, 83, '5', 'quota d''Alta: Sebas (bumbum) [30.00 €] > CIC', 2, 'Modificat payment_date.'),
(213, '2014-08-08 12:44:12', 3, 83, '5', 'quota d''Alta: Sebas (bumbum) [30.00 €] > CIC', 2, 'Modificat payment_date.'),
(214, '2014-08-08 12:52:57', 3, 77, '3', '', 3, ''),
(215, '2014-08-08 12:53:14', 3, 77, '1', '', 3, ''),
(216, '2014-08-08 12:53:32', 3, 77, '6', '', 3, ''),
(217, '2014-08-08 17:21:45', 3, 83, '7', 'quota d''Alta: Sebas (bumbum) [30 €] > CIC', 1, ''),
(218, '2014-08-08 17:21:52', 3, 78, '8', 'CIC > Sebas (bumbum)', 1, ''),
(219, '2014-08-08 17:23:54', 3, 78, '8', 'CIC > Sebas (bumbum)', 2, 'Cap camp modificat.'),
(220, '2014-08-08 17:24:08', 3, 78, '8', 'CIC > Sebas (bumbum)', 3, ''),
(221, '2014-08-08 17:25:01', 3, 78, '9', 'CIC > Sebas (bumbum)', 1, ''),
(222, '2014-08-08 17:29:22', 3, 78, '9', 'CIC > Sebas (bumbum)', 2, 'Cap camp modificat.'),
(223, '2014-08-08 17:29:44', 3, 83, '7', 'quota d''Alta: Sebas (bumbum) [30.00 €] > CIC', 2, 'Cap camp modificat.'),
(224, '2014-08-08 17:29:55', 3, 83, '7', 'quota d''Alta: Sebas (bumbum) [30.00 €] > CIC', 2, 'Cap camp modificat.'),
(225, '2014-08-08 17:34:14', 3, 100, '10', '', 1, ''),
(226, '2014-08-08 17:34:28', 3, 100, '10', '', 2, 'Cap camp modificat.'),
(227, '2014-08-08 17:42:49', 3, 100, '10', '', 2, 'Cap camp modificat.'),
(228, '2014-08-08 17:56:13', 3, 100, '10', 'Cooperativa Integral Catalana > Aleph (aleph)', 2, 'Cap camp modificat.'),
(229, '2014-08-08 17:57:27', 3, 100, '10', 'CIC > Aleph (aleph)', 2, 'Cap camp modificat.'),
(230, '2014-08-08 20:40:30', 3, 100, '10', 'alta Soci Afí Individual: Aleph (aleph)', 2, 'Cap camp modificat.'),
(231, '2014-08-08 20:52:59', 3, 100, '10', 'alta Soci Afí Individual: Aleph (aleph)', 3, ''),
(232, '2014-08-08 21:11:58', 3, 100, '13', 'alta Soci Afí Individual: Aleph (aleph)', 1, ''),
(233, '2014-08-08 21:12:12', 3, 100, '13', 'alta Soci Afí Individual: Aleph (aleph)', 2, 'Cap camp modificat.'),
(234, '2014-08-08 21:23:15', 3, 100, '13', 'alta Soci Afí Individual: Aleph (aleph)', 2, 'Cap camp modificat.'),
(235, '2014-08-08 21:23:56', 3, 37, '5', 'Aleph (aleph)', 2, 'Modificat id_card.'),
(236, '2014-08-08 21:35:56', 3, 37, '5', 'Aleph (aleph)', 2, 'Modificat id_card.'),
(237, '2014-08-08 21:39:14', 3, 78, '9', 'alta Soci Cooperatiu Individual: Sebas (bumbum)', 2, 'Cap camp modificat.'),
(238, '2014-08-08 21:47:34', 3, 38, '3', 'Cooperativa Integral Catalana (CIC)', 2, 'Eliminat Compte CES "(eco) Cooperativa Integral Catalana (CIC) COOP0000".'),
(239, '2014-08-08 21:48:17', 3, 60, '4', 'Continent Europeu', 1, ''),
(240, '2014-08-08 21:48:24', 3, 60, '1', 'Països Catalans', 2, 'Modificat parent.'),
(241, '2014-08-08 21:50:41', 3, 37, '4', 'Sebas (bumbum)', 2, 'Eliminat Compte Bancari "(€) Sebas (bumbum) 124512351290581 - Triodos Bank (Triodos)".'),
(242, '2014-08-08 21:51:11', 3, 37, '4', 'Sebas (bumbum)', 2, 'Modificat email.'),
(243, '2014-08-08 21:54:08', 3, 67, '52', 'Vehicle', 1, ''),
(244, '2001-01-13 12:42:38', 3, 67, '53', 'Cotxe', 1, ''),
(245, '2014-08-08 22:39:12', 3, 37, '4', 'Sebas (bumbum)', 2, 'Afegit Actiu "(Cotxe) peugeot 306"'),
(246, '2014-08-08 23:13:16', 3, 83, '7', 'quota d''Alta: Sebas (bumbum) [30.00 €] > CIC', 2, 'Modificat payment_date.'),
(247, '2014-08-09 18:50:04', 3, 55, '11', 'Contribució, contribuir', 1, ''),
(248, '2014-08-09 19:25:31', 3, 72, '38', 'Àrea (area)', 2, 'Modificat clas.'),
(249, '2014-08-09 19:25:48', 3, 72, '34', 'Moneda (currency)', 2, 'Modificat clas.'),
(250, '2014-08-09 19:37:02', 3, 71, '6', 'Àrea: Hectàrea', 1, ''),
(251, '2014-08-09 19:37:21', 3, 58, '1', 'AureaSocial (Sardenya 261-263 - Barcelona) (Sardenya 261-263 - Barcelona)', 2, 'Modificat size_unit.'),
(252, '2014-08-09 19:40:06', 3, 58, '1', 'AureaSocial (Sardenya 261-263 - Barcelona) (Sardenya 261-263 - Barcelona) (Sardenya 261-263 - Barcelona)', 2, 'Modificat main_address.'),
(253, '2014-08-09 19:42:03', 3, 58, '1', 'AureaSocial (Sardenya 261-263 - Barcelona)', 2, 'Modificat name.'),
(254, '2014-08-10 13:02:04', 3, 58, '1', 'AureaSocial (Sardenya 261-263 - Barcelona)', 2, 'Modificat main_address.'),
(255, '2014-08-10 13:04:27', 3, 37, '7', 'Marta (tuccia) (tuccia)', 1, ''),
(256, '2014-08-10 13:04:49', 3, 38, '3', 'Cooperativa Integral Catalana (CIC) (CIC)', 2, 'Afegit per "dinamitzant > Marta (tuccia) (tuccia)"'),
(257, '2014-08-10 13:11:55', 3, 37, '7', 'Marta (tuccia)', 2, 'Modificat name.'),
(258, '2014-08-10 13:25:55', 3, 38, '3', 'Cooperativa Integral Catalana (CIC)', 2, 'Modificat name.'),
(259, '2014-08-11 13:13:04', 3, 99, '22', 'pagament amb Criptomoneda', 3, ''),
(260, '2014-08-11 13:20:16', 3, 83, '7', 'quota d''Alta: Sebas (bumbum) [30.00 €] > CIC', 2, 'Modificat payment_date.'),
(261, '2014-08-11 15:42:49', 3, 55, '12', 'Referent, referenciar (referent)', 1, ''),
(262, '2014-08-11 15:43:02', 3, 38, '3', 'Cooperativa Integral Catalana (CIC)', 2, 'Modificat relation per a per "referenciant > Sebas (bumbum)".'),
(263, '2014-08-15 11:56:04', 3, 72, '38', 'Àrea (area)', 2, 'Modificat clas.'),
(264, '2014-08-15 11:56:22', 3, 72, '34', 'Moneda (currency)', 2, 'Modificat clas.'),
(265, '2014-08-15 12:08:14', 3, 98, '7', 'alta Soci Cooperatiu Individual (ic_Person_Membership)', 2, 'Modificat clas.'),
(266, '2014-08-15 12:08:25', 3, 98, '7', 'alta Soci Cooperatiu Individual (iC_Person_Membership)', 2, 'Modificat clas.'),
(267, '2014-08-15 12:08:49', 3, 98, '8', 'alta Projecte Col·lectiu (iC_Project_Membership)', 2, 'Modificat clas.'),
(268, '2014-08-15 12:09:05', 3, 98, '10', 'alta Soci Afí Individual (iC_Akin_Membership)', 2, 'Modificat clas.'),
(269, '2014-08-15 12:30:39', 3, 86, '13', 'Contracte d''Adreça (iC_Address_Contract)', 1, ''),
(270, '2014-08-15 12:31:38', 3, 86, '14', 'Llicència soci (iC_Licence)', 1, ''),
(271, '2014-08-15 12:32:10', 3, 86, '15', 'Assegurança soci (iC_Insurance)', 1, ''),
(272, '2014-08-15 12:32:41', 3, 86, '16', 'Contracte Laboral (iC_Labor_Contract)', 1, ''),
(273, '2014-08-15 12:34:50', 3, 98, '17', 'Quota (Fee)', 1, ''),
(274, '2014-08-15 12:35:31', 3, 98, '18', 'quota d''Alta', 1, ''),
(275, '2014-08-15 12:35:47', 3, 98, '19', 'quota Trimestral', 1, ''),
(276, '2014-08-15 12:40:10', 3, 99, '20', 'pagament en Moneda Social', 1, ''),
(277, '2014-08-15 12:40:27', 3, 99, '21', 'pagament amb Hores de Treball', 1, ''),
(278, '2014-08-15 12:40:52', 3, 99, '22', 'pagament amb Criptomoneda', 1, ''),
(279, '2014-08-15 12:41:05', 3, 99, '23', 'pagament en Metàl·lic', 1, ''),
(280, '2014-08-15 12:45:55', 3, 99, '24', 'pagament per Transferència Bancària', 1, ''),
(281, '2014-08-15 12:46:14', 3, 99, '25', 'pagament fent Ingrés al Banc', 1, ''),
(282, '2014-08-15 12:46:50', 3, 99, '26', 'pagament presencial (face-to-face)', 1, ''),
(283, '2014-08-15 12:47:08', 3, 99, '20', 'pagament en Moneda Social', 2, 'Modificat parent.'),
(284, '2014-08-15 12:47:21', 3, 99, '23', 'pagament en Metàl·lic', 2, 'Modificat parent.'),
(285, '2014-08-15 12:47:30', 3, 99, '21', 'pagament amb Hores de Treball', 2, 'Modificat parent.'),
(286, '2014-08-15 13:09:18', 3, 39, '47', 'Xarxa Mundial', 1, ''),
(287, '2014-08-15 13:09:29', 3, 38, '1', 'Revolució Integral (RI) (RI)', 1, ''),
(288, '2014-08-15 13:11:20', 3, 38, '2', 'Xarxa de Cooperatives Integrals', 1, ''),
(289, '2014-08-15 13:11:34', 3, 38, '1', 'Revolució Integral (RI)', 2, 'Modificat name.'),
(290, '2014-08-15 13:11:58', 3, 38, '2', 'Xarxa de Cooperatives Integrals (XCI)', 2, 'Modificat nickname.'),
(291, '2014-08-15 13:12:21', 3, 38, '3', 'Cooperativa Integral Catalana (CIC)', 1, ''),
(292, '2014-08-15 13:13:40', 3, 37, '4', 'Sebas (bumbum)', 1, ''),
(293, '2014-08-15 13:15:42', 3, 37, '5', 'Marta (tuccia)', 1, ''),
(294, '2014-08-15 13:16:23', 3, 37, '6', 'Aleph ', 1, ''),
(295, '2014-08-15 13:18:52', 3, 71, '1', 'Moneda Social: EcoCoop', 1, ''),
(296, '2014-08-15 13:19:33', 3, 71, '2', 'Moneda Fiat: Euro', 1, ''),
(297, '2014-08-15 13:19:57', 3, 71, '3', 'Àrea: Metre Quadrat', 1, ''),
(298, '2014-08-15 13:20:15', 3, 71, '4', 'Àrea: Hectàrea', 1, ''),
(299, '2014-08-15 13:36:57', 3, 55, '10', 'Contribució, contribuir', 1, ''),
(300, '2014-08-15 13:37:59', 3, 55, '11', 'Referent, referenciar (referent)', 1, ''),
(301, '2014-08-15 13:42:54', 3, 55, '12', 'contribució en alguna comissió, contribuir en comissió', 1, ''),
(302, '2014-08-15 13:43:42', 3, 55, '13', 'contribució puntual en tasques organitzatives, contribuir puntualment', 1, ''),
(303, '2014-08-15 13:44:08', 3, 55, '14', 'contribució econòmica, contribuir econòmicament', 1, ''),
(304, '2014-08-15 13:52:06', 3, 55, '10', 'Contribució, contribuir (contribution)', 2, 'Modificat clas.'),
(305, '2014-08-15 14:20:26', 3, 37, '6', 'Aleph ', 3, ''),
(306, '2014-08-15 15:05:04', 3, 3, '2', 'iC_Person_Membership', 2, 'Modificat permissions.'),
(307, '2014-08-15 15:06:14', 3, 3, '2', 'iC_Person_Membership', 2, 'Modificat permissions.'),
(308, '2014-08-15 15:08:45', 3, 3, '2', 'iC_Person_Membership', 2, 'Modificat permissions.'),
(309, '2014-08-15 15:26:45', 3, 3, '2', 'iC_Person_Membership', 2, 'Modificat permissions.'),
(310, '2014-08-15 15:32:30', 3, 3, '2', 'iC_Person_Membership', 2, 'Cap camp modificat.'),
(311, '2014-08-15 15:33:38', 3, 3, '2', 'iC_Person_Membership', 2, 'Modificat permissions.'),
(312, '2014-08-15 15:37:26', 3, 3, '2', 'iC_Person_Membership', 2, 'Modificat permissions.'),
(313, '2014-08-15 15:38:51', 3, 3, '2', 'iC_Person_Membership', 2, 'Modificat permissions.'),
(314, '2014-08-15 15:54:12', 3, 3, '2', 'iC_Person_Membership', 2, 'Modificat permissions.'),
(315, '2014-08-15 16:00:59', 3, 55, '5', ':Relació Persona - Projecte,  (rel_pers_proj)', 2, 'Modificat clas.'),
(316, '2014-08-15 16:02:24', 3, 55, '3', ':Relació Humà - Espai,  (rel_hum_addr)', 2, 'Modificat clas.'),
(317, '2014-08-15 16:13:28', 3, 60, '1', 'Països Catalans', 1, ''),
(318, '2014-08-15 16:13:41', 3, 60, '2', 'Catalunya', 1, ''),
(319, '2014-08-15 16:13:57', 3, 60, '3', 'Barcelonès', 1, ''),
(320, '2014-08-15 16:15:53', 3, 58, '1', 'AureaSocial (Sardenya 261-263 - Barcelona)', 1, ''),
(321, '2014-08-15 16:18:15', 3, 55, '15', ':Relació Projecte - Adreça,  (rel_proj_addr)', 1, ''),
(322, '2014-08-15 16:23:19', 3, 55, '16', 'Oferiment de l''espai, oferir l''espai', 1, ''),
(323, '2014-08-15 16:23:58', 3, 38, '3', 'Cooperativa Integral Catalana (CIC)', 2, 'Afegit H_adr "oferint l''espai > AureaSocial (Sardenya 261-263 - Barcelona)"'),
(324, '2014-08-15 16:25:39', 3, 55, '17', 'Gestió de l''espai, gestionar l''espai', 1, ''),
(325, '2014-08-15 16:25:43', 3, 38, '3', 'Cooperativa Integral Catalana (CIC)', 2, 'Modificat relation per a H_adr "gestionant l''espai > AureaSocial (Sardenya 261-263 - Barcelona)".'),
(326, '2014-08-15 16:26:13', 3, 55, '16', 'Oferiment de l''espai, oferir l''espai', 2, 'Modificat parent.'),
(327, '2014-08-15 16:27:18', 3, 37, '7', 'alep (alep)', 3, ''),
(328, '2014-08-15 16:29:16', 3, 3, '2', 'iC_Person_Membership', 2, 'Modificat permissions.'),
(329, '2014-08-15 16:44:03', 3, 3, '2', 'iC_Person_Membership', 2, 'Modificat permissions.'),
(330, '2014-08-15 17:16:52', 3, 3, '2', 'iC_Person_Membership', 2, 'Modificat permissions.'),
(331, '2014-08-15 17:18:24', 3, 3, '2', 'iC_Person_Membership', 2, 'Modificat permissions.'),
(332, '2014-08-15 17:23:45', 3, 37, '8', 'alep (alep)', 3, ''),
(333, '2014-08-15 17:26:50', 3, 4, '5', 'alep', 3, ''),
(334, '2014-08-15 18:08:25', 3, 37, '5', 'Marta (tuccia)', 3, ''),
(335, '2014-08-15 18:19:26', 3, 37, '9', ' (tuccia)', 3, ''),
(336, '2014-08-15 18:19:49', 3, 4, '6', 'tuccia', 3, ''),
(337, '2014-08-15 18:29:40', 3, 4, '7', 'tuccia', 3, ''),
(338, '2014-08-15 18:29:53', 3, 37, '10', ' (tuccia)', 3, ''),
(339, '2014-08-15 19:30:22', 3, 37, '11', 'Marta (tuccia)', 2, 'Modificat name.'),
(340, '2014-08-15 19:31:20', 3, 38, '3', 'Cooperativa Integral Catalana (CIC)', 2, 'Afegit H_per "participant > Sebas (bumbum)" Afegit H_per "participant > Marta (tuccia)"'),
(341, '2014-08-15 19:34:45', 3, 100, '7', 'alta Soci Afí Individual: Marta (tuccia)', 1, ''),
(342, '2014-08-15 20:25:16', 3, 3, '3', 'iC_Akin_Membership', 2, 'Modificat permissions.'),
(343, '2014-08-15 20:27:00', 3, 3, '3', 'iC_Akin_Membership', 2, 'Modificat permissions.'),
(344, '2014-08-15 20:31:33', 3, 3, '3', 'iC_Akin_Membership', 2, 'Modificat permissions.'),
(345, '2014-08-15 20:53:40', 3, 3, '3', 'iC_Akin_Membership', 2, 'Modificat permissions.'),
(346, '2014-08-15 21:16:55', 3, 37, '11', 'Marta (tuccia)', 3, ''),
(347, '2014-08-15 21:17:16', 3, 4, '8', 'tuccia', 3, ''),
(348, '2014-08-15 21:22:59', 3, 4, '9', 'tuccia', 3, ''),
(349, '2014-08-15 21:23:15', 3, 37, '12', ' (tuccia)', 3, ''),
(350, '2014-08-15 21:45:58', 3, 37, '13', 'Marta P (tuccia)', 2, 'Modificat name.'),
(351, '2014-08-15 21:49:25', 3, 37, '13', 'Marta P (tuccia)', 3, ''),
(352, '2014-08-15 21:50:17', 3, 4, '10', 'tuccia', 3, ''),
(354, '2014-08-15 22:01:07', 3, 100, '9', 'alta Soci Afí Individual: Marta (tuccia)', 2, 'Cap camp modificat.'),
(355, '2014-08-15 22:27:28', 3, 100, '9', 'alta Soci Afí Individual: Marta (tuccia)', 3, ''),
(356, '2014-08-15 22:28:32', 3, 4, '11', 'tuccia', 3, ''),
(357, '2014-08-16 08:38:57', 3, 37, '14', 'Marta (tuccia)', 3, ''),
(358, '2014-08-16 09:01:21', 3, 72, '35', 'Moneda Social (social_currency)', 2, 'Modificat clas.'),
(359, '2014-08-16 09:01:33', 3, 72, '36', 'Criptomoneda (crypto_currency)', 2, 'Modificat clas.'),
(360, '2014-08-16 09:01:44', 3, 72, '37', 'Moneda Fiat (fiat_currency)', 2, 'Modificat clas.'),
(361, '2014-08-16 09:19:49', 3, 40, '15', 'Xarxa Integral de Professionals i Usuaries (XIPU)', 1, ''),
(362, '2014-08-16 09:22:10', 3, 55, '1', ':Relació Humà - Humà,  (rel_hum_hum)', 2, 'Modificat clas.'),
(363, '2014-08-16 09:22:28', 3, 55, '6', ':Relació Persona - Persona,  (rel_pers_pers)', 2, 'Modificat clas.'),
(364, '2014-08-16 09:23:40', 3, 55, '18', ':Relació Projecte - Empresa,  (rel_proj_empr)', 1, ''),
(365, '2014-08-16 09:26:06', 3, 55, '19', ':Relació Projecte - Persona, ', 1, ''),
(366, '2014-08-16 09:26:25', 3, 55, '19', ':Relació Projecte - Persona,  (rel_proj_pers)', 2, 'Modificat parent i clas.'),
(367, '2014-08-16 09:36:26', 3, 55, '20', 'Utilització, utilitzar', 1, ''),
(368, '2014-08-16 09:37:21', 3, 55, '21', ':Relació Projecte - Projecte,  (rel_proj_proj)', 1, ''),
(369, '2014-08-16 09:38:44', 3, 55, '22', ':Relació Persona - Empresa,  (rel_pers_empr)', 1, ''),
(370, '2014-08-16 09:41:50', 3, 55, '11', 'Referència, referenciar (referent)', 2, 'Modificat name.'),
(371, '2014-08-16 09:43:54', 3, 55, '11', 'Referència, referenciar (reference)', 2, 'Modificat clas.'),
(372, '2014-08-16 09:46:48', 3, 38, '3', 'Cooperativa Integral Catalana (CIC)', 2, 'Afegit H_emp "(Cooperativa) utilitzant > Xarxa Integral de Professionals i Usuaries (XIPU)"'),
(373, '2014-08-16 09:47:07', 3, 38, '3', 'Cooperativa Integral Catalana (CIC)', 2, 'Modificat relation per a H_per "referenciant > Sebas (bumbum)".'),
(374, '2014-08-16 19:17:44', 3, 38, '3', 'Cooperativa Integral Catalana (CIC)', 2, 'Modificat relation per a H_per "dinamitzant > Sebas (bumbum)".'),
(375, '2014-08-16 19:18:48', 3, 38, '3', 'Cooperativa Integral Catalana (CIC)', 2, 'Eliminat H_per "dinamitzant > Sebas (bumbum)".'),
(376, '2014-08-16 19:21:44', 3, 38, '3', 'Cooperativa Integral Catalana (CIC)', 2, 'Afegit H_per "Sebas (bumbum)"'),
(377, '2014-08-16 19:34:20', 3, 38, '3', 'Cooperativa Integral Catalana (CIC)', 2, 'Eliminat H_per "Sebas (bumbum)".'),
(378, '2014-08-16 21:22:41', 3, 38, '3', 'Cooperativa Integral Catalana (CIC)', 2, 'Afegit H_per "Sebas (bumbum)"'),
(379, '2014-08-16 21:27:20', 3, 38, '3', 'Cooperativa Integral Catalana (CIC)', 2, 'Eliminat H_per "Sebas (bumbum)".'),
(380, '2014-08-16 21:27:42', 3, 38, '3', 'Cooperativa Integral Catalana (CIC)', 2, 'Afegit H_per "Sebas (bumbum)"'),
(381, '2014-08-16 21:41:36', 3, 38, '3', 'Cooperativa Integral Catalana (CIC)', 2, 'Eliminat H_per "Sebas (bumbum)".'),
(382, '2014-08-16 21:41:53', 3, 38, '3', 'Cooperativa Integral Catalana (CIC)', 2, 'Afegit H_per "Sebas (bumbum)"'),
(383, '2014-08-16 21:42:39', 3, 38, '3', 'Cooperativa Integral Catalana (CIC)', 2, 'Eliminat H_per "Sebas (bumbum)".'),
(384, '2014-08-16 21:43:48', 3, 38, '3', 'Cooperativa Integral Catalana (CIC)', 2, 'Afegit H_per "Sebas (bumbum)"'),
(385, '2014-08-16 21:45:42', 3, 38, '3', 'Cooperativa Integral Catalana (CIC)', 2, 'Eliminat H_per "Sebas (bumbum)".'),
(386, '2014-08-16 21:46:29', 3, 38, '3', 'Cooperativa Integral Catalana (CIC)', 2, 'Afegit H_per "Sebas (bumbum)"'),
(387, '2014-08-16 21:47:33', 3, 38, '3', 'Cooperativa Integral Catalana (CIC)', 2, 'Eliminat H_per "Sebas (bumbum)".'),
(388, '2014-08-16 21:49:12', 3, 38, '3', 'Cooperativa Integral Catalana (CIC)', 2, 'Afegit H_per "Sebas (bumbum)"'),
(389, '2014-08-16 21:50:34', 3, 38, '3', 'Cooperativa Integral Catalana (CIC)', 2, 'Eliminat H_per "Sebas (bumbum)".'),
(390, '2014-08-16 21:55:34', 3, 38, '3', 'Cooperativa Integral Catalana (CIC)', 2, 'Afegit H_per "Sebas (bumbum)"'),
(391, '2014-08-16 21:57:43', 3, 38, '3', 'Cooperativa Integral Catalana (CIC)', 2, 'Afegit H_per "Sebas (bumbum)"'),
(392, '2014-08-16 22:02:55', 3, 38, '3', 'Cooperativa Integral Catalana (CIC)', 2, 'Afegit H_per "Sebas (bumbum)"'),
(393, '2014-08-16 22:03:12', 3, 38, '3', 'Cooperativa Integral Catalana (CIC)', 2, 'Afegit H_per "Sebas (bumbum)"'),
(394, '2014-08-16 22:33:26', 3, 38, '3', 'Cooperativa Integral Catalana (CIC)', 2, 'Afegit H_per "Sebas (bumbum)"'),
(395, '2014-08-16 22:33:46', 3, 38, '3', 'Cooperativa Integral Catalana (CIC)', 2, 'Afegit H_per "Sebas (bumbum)"'),
(396, '2014-08-16 22:35:18', 3, 38, '3', 'Cooperativa Integral Catalana (CIC)', 2, 'Afegit H_per "Sebas (bumbum)"'),
(397, '2014-08-16 22:37:04', 3, 38, '3', 'Cooperativa Integral Catalana (CIC)', 2, 'Afegit H_per "Sebas (bumbum)"'),
(398, '2014-08-16 22:38:34', 3, 38, '3', 'Cooperativa Integral Catalana (CIC)', 2, 'Afegit H_per "Sebas (bumbum)"'),
(399, '2014-08-16 22:51:42', 3, 38, '3', 'Cooperativa Integral Catalana (CIC)', 2, 'Afegit H_per "Sebas (bumbum)"'),
(400, '2014-08-16 22:56:40', 3, 38, '3', 'Cooperativa Integral Catalana (CIC)', 2, 'Afegit H_per "Sebas (bumbum)"'),
(401, '2014-08-16 23:16:02', 3, 38, '3', 'Cooperativa Integral Catalana (CIC)', 2, 'Afegit H_per "Sebas (bumbum)"'),
(402, '2014-08-16 23:23:21', 3, 38, '3', 'Cooperativa Integral Catalana (CIC)', 2, 'Afegit Compte CES "(eco) Cooperativa Integral Catalana (CIC) COOP0111"'),
(403, '2014-08-16 23:53:42', 3, 38, '3', 'Cooperativa Integral Catalana (CIC)', 2, 'Afegit H_per "referenciant > Sebas (bumbum)"'),
(404, '2014-08-16 23:54:20', 3, 38, '3', 'Cooperativa Integral Catalana (CIC)', 2, 'Eliminat H_per "referenciant > Sebas (bumbum)".'),
(405, '2014-08-16 23:56:33', 3, 38, '3', 'Cooperativa Integral Catalana (CIC)', 2, 'Afegit H_per "referenciant > Sebas (bumbum)"'),
(406, '2014-08-17 00:00:22', 3, 37, '16', 'Marta (tuccia)', 1, ''),
(407, '2014-08-17 00:03:26', 3, 38, '3', 'Cooperativa Integral Catalana (CIC)', 2, 'Afegit H_per "dinamitzant > Marta (tuccia)"'),
(408, '2014-08-17 00:07:20', 3, 38, '3', 'Cooperativa Integral Catalana (CIC)', 2, 'Afegit H_per "dinamitzant > Marta (tuccia)"'),
(409, '2014-08-17 00:11:00', 3, 38, '3', 'Cooperativa Integral Catalana (CIC)', 2, 'Afegit H_per "dinamitzant > Marta (tuccia)"'),
(410, '2014-08-17 00:53:02', 3, 38, '17', 'Ecoxarxanoia', 1, ''),
(411, '2014-08-17 19:10:21', 3, 38, '3', 'Cooperativa Integral Catalana (CIC)', 2, 'Modificat number per a Compte CES "(eco) Cooperativa Integral Catalana (CIC) COOP0001".'),
(412, '2014-08-17 19:11:00', 3, 38, '17', 'Ecoxarxanoia (EA)', 2, 'Modificat nickname.'),
(413, '2014-08-17 19:36:27', 3, 60, '4', 'Anoia', 1, ''),
(414, '2014-08-17 19:37:59', 3, 58, '2', 'Casa del Comú (pl. del Pilar - Igualada)', 1, ''),
(415, '2014-08-17 19:38:23', 3, 38, '17', 'Ecoxarxanoia (EA)', 2, 'Afegit H_adr "gestionant l''espai > Casa del Comú (pl. del Pilar - Igualada)"'),
(416, '2014-08-17 19:53:24', 3, 61, '43', 'Comarca (region)', 2, 'Modificat clas.'),
(417, '2014-08-17 20:04:05', 3, 58, '2', 'Casa del Comú (pl. del Pilar - Igualada)', 2, 'Cap camp modificat.'),
(418, '2014-08-17 20:34:22', 3, 38, '3', 'Cooperativa Integral Catalana (CIC)', 2, 'Modificat main_address per a H_adr "gestionant l''espai > AureaSocial (Sardenya 261-263 - Barcelona)".'),
(419, '2014-08-17 21:16:14', 3, 38, '17', 'Ecoxarxanoia (EA)', 2, 'Modificat main_address per a H_adr "gestionant l''espai > Casa del Comú (pl. del Pilar - Igualada)".'),
(420, '2014-08-17 21:43:10', 3, 38, '17', 'Ecoxarxanoia (EA)', 2, 'Modificat main_address per a H_adr "gestionant l''espai > Casa del Comú (pl. del Pilar - Igualada)".'),
(421, '2014-08-17 21:53:23', 3, 55, '23', 'Utilització d''espai, utilitzar l''espai', 1, ''),
(422, '2014-08-17 21:53:28', 3, 38, '17', 'Ecoxarxanoia (EA)', 2, 'Afegit H_adr "utilitzant l''espai > AureaSocial (Sardenya 261-263 - Barcelona)"'),
(423, '2014-08-17 21:54:10', 3, 38, '17', 'Ecoxarxanoia (EA)', 2, 'Modificat main_address per a H_adr "utilitzant l''espai > AureaSocial (Sardenya 261-263 - Barcelona)".'),
(424, '2014-08-17 22:06:52', 3, 55, '24', ':Relació Persona - Adreça', 1, ''),
(425, '2014-08-17 22:08:24', 3, 55, '25', 'Habitatge, habitar', 1, ''),
(426, '2014-08-17 22:10:36', 3, 55, '26', 'Treball, treballar', 1, ''),
(427, '2014-08-17 22:15:12', 3, 55, '27', 'Seguiment, seguir', 1, ''),
(428, '2014-08-17 22:20:33', 3, 100, '1', 'alta Soci Afí Individual: Sebas (bumbum)', 1, ''),
(429, '2014-08-17 22:42:11', 3, 56, '1', 'Autogestió, autogestionar', 1, ''),
(430, '2014-08-17 22:43:25', 3, 55, '28', 'Aprenentatge, apendre', 1, ''),
(431, '2014-08-17 22:44:05', 3, 55, '29', 'Pràctica, practicar', 1, ''),
(432, '2014-08-17 22:44:14', 3, 38, '3', 'Cooperativa Integral Catalana (CIC)', 2, 'Afegit H_ofi "practicant > Autogestió, autogestionar"'),
(433, '2014-08-17 22:45:36', 3, 55, '2', ':Relació Humà - Art (rel_hum_art)', 2, 'Modificat clas.'),
(434, '2014-08-18 00:57:05', 3, 55, '10', 'Contribució, contribuir (contribute)', 2, 'Modificat clas.'),
(435, '2014-08-18 02:16:44', 3, 72, '48', 'Temps (time)', 1, ''),
(436, '2014-08-18 02:17:09', 3, 71, '5', 'Temps: Hora', 1, ''),
(437, '2014-08-18 02:20:18', 3, 72, '48', 'Temps (time_currency)', 2, 'Modificat clas.'),
(438, '2014-08-18 02:20:40', 3, 83, '2', 'quota d''Alta: Sebas (bumbum) [6 h] > CIC', 1, ''),
(439, '2014-08-18 02:21:07', 3, 101, '3', 'alta Soci Cooperatiu Individual: Sebas (bumbum)', 1, ''),
(440, '2014-08-18 02:58:09', 3, 83, '2', 'quota d''Alta: Sebas (bumbum) [6.00 h] > CIC', 2, 'Modificat membership.'),
(441, '2014-08-18 03:03:15', 3, 83, '2', 'quota d''Alta: Sebas (bumbum) [6.00 h] > CIC', 2, 'Modificat deadline_date i payment_date.'),
(442, '2014-08-18 03:03:28', 3, 101, '3', 'alta Soci Cooperatiu Individual: Sebas (bumbum)', 2, 'Cap camp modificat.'),
(443, '2014-08-18 03:04:02', 3, 101, '3', 'alta Soci Cooperatiu Individual: Sebas (bumbum)', 2, 'Modificat join_date.'),
(444, '2014-08-18 03:08:19', 3, 71, '6', 'Moneda Social: Riu', 1, ''),
(445, '2014-08-18 03:08:35', 3, 83, '4', 'quota d''Alta: Ecoxarxanoia (EA) [60 riu] > CIC', 1, ''),
(446, '2014-08-18 03:09:05', 3, 102, '5', 'alta Projecte Col·lectiu: Ecoxarxanoia (EA)', 1, ''),
(447, '2014-08-18 03:10:43', 3, 83, '4', 'quota d''Alta: Ecoxarxanoia (EA) [60.00 riu] > CIC', 2, 'Modificat membership.'),
(448, '2014-08-18 03:11:42', 3, 83, '4', 'quota d''Alta: Ecoxarxanoia (EA) [60.00 riu] > CIC', 2, 'Cap camp modificat.'),
(449, '2014-08-18 03:16:14', 3, 102, '5', 'alta Projecte Col·lectiu: Ecoxarxanoia (EA)', 2, 'Modificat join_date.'),
(450, '2014-08-18 03:26:52', 3, 100, '1', 'alta Soci Afí Individual: Marta (tuccia)', 2, 'Modificat person.'),
(451, '2014-08-18 03:27:13', 3, 100, '1', 'alta Soci Afí Individual: Marta (tuccia)', 2, 'Cap camp modificat.'),
(452, '2014-08-18 03:28:50', 3, 83, '4', 'quota d''Alta: Ecoxarxanoia (EA) [60.00 riu] > CIC', 2, 'Modificat payment_date.'),
(453, '2014-08-18 03:29:10', 3, 102, '5', 'alta Projecte Col·lectiu: Ecoxarxanoia (EA)', 2, 'Cap camp modificat.'),
(454, '2014-08-18 12:27:39', 3, 79, '7', 'CIC > Sebas (bumbum)', 1, ''),
(455, '2014-08-18 12:49:08', 3, 79, '7', 'CIC > Sebas (bumbum)', 2, 'Afegit Contracte d''Adreça CI "XIPU: ?? > AureaSocial (Sardenya 261-263 - Barcelona)"'),
(457, '2014-08-18 13:31:04', 3, 79, '8', 'CIC > Sebas (bumbum)', 1, ''),
(458, '2014-08-18 13:34:21', 3, 79, '8', 'CIC > Sebas (bumbum)', 2, 'Afegit Contracte d''Adreça CI "None"'),
(459, '2014-08-18 13:56:26', 3, 79, '8', 'CIC > Sebas (bumbum)', 2, 'Cap camp modificat.'),
(460, '2014-08-18 14:01:39', 3, 79, '8', 'CIC > Sebas (bumbum)', 2, 'Modificat rel_address_contracts.'),
(461, '2014-08-18 14:07:14', 3, 88, '8', 'XIPU: Sebas > AureaSocial (Sardenya 261-263 - Barcelona)', 2, 'Cap camp modificat.'),
(462, '2014-08-18 14:09:45', 3, 88, '8', 'XIPU: Sebas (bumbum) > AureaSocial (Sardenya 261-263 - Barcelona)', 2, 'Cap camp modificat.'),
(463, '2014-08-18 14:13:29', 3, 88, '8', 'XIPU: Sebas (bumbum) > AureaSocial (Sardenya 261-263 - Barcelona)', 2, 'Cap camp modificat.'),
(464, '2014-08-18 14:16:14', 3, 83, '9', 'quota Trimestral: Sebas (bumbum) [30 €] > CIC', 1, ''),
(465, '2014-08-18 14:16:55', 3, 79, '8', 'CIC > Sebas (bumbum)', 2, 'Cap camp modificat.'),
(466, '2014-08-18 14:21:04', 3, 55, '30', ':Relació Humà - Registre (rel_hum_reco)', 1, ''),
(467, '2014-08-18 15:28:57', 3, 79, '8', 'CIC > Sebas (bumbum)', 2, 'Modificat rel_fees.'),
(468, '2014-08-18 15:30:52', 3, 79, '8', 'CIC > Sebas (bumbum)', 2, 'Cap camp modificat.'),
(469, '2014-08-18 15:54:23', 3, 83, '9', 'quota Trimestral: Sebas (bumbum) [30.00 €] > CIC', 3, ''),
(470, '2014-08-18 16:19:10', 3, 83, '10', 'quota Trimestral: Sebas (bumbum) [30 €] > CIC', 1, ''),
(471, '2014-08-18 16:19:37', 3, 79, '8', 'CIC > Sebas (bumbum)', 2, 'Modificat rel_fees.'),
(472, '2014-08-18 16:33:39', 3, 83, '10', 'quota Trimestral: Sebas (bumbum) [30.00 €] > CIC', 2, 'Cap camp modificat.'),
(473, '2014-08-18 20:53:20', 3, 79, '8', 'alta Projecte Autoocupat: Ecoxarxanoia (EA)', 2, 'Modificat ic_membership.'),
(474, '2014-08-18 20:58:40', 3, 79, '8', 'alta Projecte Autoocupat: Sebas (bumbum)', 2, 'Modificat ic_membership.'),
(475, '2014-08-18 21:01:48', 3, 79, '11', 'alta Projecte Autoocupat: Ecoxarxanoia (EA)', 1, ''),
(476, '2014-08-18 21:49:22', 3, 37, '16', 'Marta (tuccia)', 3, ''),
(477, '2014-08-18 21:53:43', 4, 37, '18', 'Marta (tuccia)', 2, 'Modificat name.'),
(478, '2014-08-18 22:00:12', 3, 3, '2', 'iC_Person_Membership', 2, 'Modificat permissions.'),
(479, '2014-08-18 22:03:22', 3, 3, '2', 'iC_Person_Membership', 2, 'Modificat permissions.'),
(480, '2014-08-18 22:06:52', 3, 3, '2', 'iC_Person_Membership', 2, 'Modificat permissions.'),
(481, '2014-08-18 22:09:16', 3, 41, '20', 'Bancaria (bank)', 2, 'Modificat clas.'),
(482, '2014-08-18 22:09:35', 3, 41, '19', 'Cooperativa (cooperative)', 2, 'Modificat clas.'),
(483, '2014-08-18 22:16:11', 3, 3, '2', 'iC_Person_Membership', 2, 'Modificat permissions.'),
(484, '2014-08-18 22:17:10', 3, 3, '2', 'iC_Person_Membership', 2, 'Modificat permissions.'),
(485, '2014-08-18 22:18:50', 3, 3, '2', 'iC_Person_Membership', 2, 'Modificat permissions.'),
(486, '2014-08-18 22:19:36', 3, 3, '2', 'iC_Person_Membership', 2, 'Modificat permissions.'),
(487, '2014-08-18 22:21:38', 3, 3, '2', 'iC_Person_Membership', 2, 'Modificat permissions.'),
(488, '2014-08-18 22:21:56', 3, 3, '2', 'iC_Person_Membership', 2, 'Modificat permissions.'),
(489, '2014-08-18 22:24:22', 3, 4, '4', 'tuccia', 2, 'Modificat user_permissions.'),
(490, '2014-08-18 22:27:02', 3, 4, '4', 'tuccia', 2, 'Modificat user_permissions.'),
(491, '2014-08-18 22:27:24', 3, 4, '4', 'tuccia', 2, 'Modificat is_staff.'),
(492, '2014-08-18 22:30:09', 3, 58, '3', 'pis de mallorca (Mallorca, 450 - Barcelona)', 1, ''),
(493, '2014-08-18 22:36:28', 3, 37, '18', 'Marta (tuccia)', 2, 'Afegit H_adr "pis de mallorca (Mallorca, 450 - Barcelona)"'),
(494, '2014-08-18 22:38:49', 3, 58, '3', 'pis de mallorca (Mallorca, 450 - Barcelona)', 2, 'Cap camp modificat.'),
(495, '2014-08-18 22:43:56', 3, 56, '2', 'Coordinació, coordinar', 1, ''),
(496, '2014-08-18 22:44:23', 3, 37, '18', 'Marta (tuccia)', 2, 'Modificat relation per a H_adr "habitant > pis de mallorca (Mallorca, 450 - Barcelona)". Afegit H_ofi "practicant > Coordinació, coordinar"'),
(497, '2014-08-18 22:56:07', 3, 83, '2', 'quota d''Alta: Sebas (bumbum) [6 h] > CIC', 1, ''),
(498, '2014-08-18 22:57:21', 3, 101, '3', 'alta Soci Cooperatiu Individual: Sebas (bumbum)', 1, ''),
(499, '2014-08-18 23:02:36', 3, 83, '2', 'quota d''Alta: Sebas (bumbum) [6.00 h] > CIC', 2, 'Cap camp modificat.'),
(500, '2014-08-18 23:04:31', 3, 83, '2', 'quota d''Alta: Sebas (bumbum) [6.00 h] > CIC', 2, 'Cap camp modificat.'),
(501, '2014-08-18 23:05:08', 3, 83, '2', 'quota d''Alta: Sebas (bumbum) [6.00 h] > CIC', 2, 'Cap camp modificat.'),
(502, '2014-08-18 23:05:22', 3, 101, '3', 'alta Soci Cooperatiu Individual: Sebas (bumbum)', 2, 'Cap camp modificat.'),
(503, '2014-08-18 23:06:59', 3, 83, '4', 'quota d''Alta: Ecoxarxanoia (EA) [60 riu] > CIC', 1, ''),
(504, '2014-08-18 23:07:42', 3, 102, '5', 'alta Projecte Col·lectiu: Ecoxarxanoia (EA)', 1, ''),
(505, '2014-08-18 23:08:15', 3, 83, '4', 'quota d''Alta: Ecoxarxanoia (EA) [60.00 riu] > CIC', 2, 'Cap camp modificat.'),
(506, '2014-08-18 23:15:57', 4, 100, '7', 'alta Soci Afí Individual: Marta (tuccia)', 1, ''),
(507, '2014-08-18 23:17:15', 4, 37, '18', 'Marta (tuccia)', 2, 'Cap camp modificat.'),
(508, '2014-08-18 23:17:49', 4, 100, '7', 'alta Soci Afí Individual: Marta (tuccia)', 2, 'Cap camp modificat.'),
(509, '2014-08-18 23:19:47', 5, 37, '19', 'Jeto Laface (jeto)', 2, 'Modificat name.'),
(510, '2014-08-18 23:20:46', 3, 100, '8', 'alta Soci Afí Individual: Jeto Laface (jeto)', 2, 'Cap camp modificat.'),
(511, '2014-08-18 23:23:16', 5, 37, '19', 'Jeto Laface (jeto)', 2, 'Cap camp modificat.'),
(512, '2014-08-18 23:24:14', 3, 100, '8', 'alta Soci Afí Individual: Jeto Laface (jeto)', 2, 'Modificat join_date.'),
(513, '2014-08-18 23:24:29', 3, 100, '7', 'alta Soci Afí Individual: Marta (tuccia)', 2, 'Modificat join_date.'),
(514, '2014-08-18 23:29:08', 3, 83, '9', 'quota Trimestral: Sebas (bumbum) [6 h] > CIC', 1, ''),
(515, '2014-08-18 23:29:23', 3, 79, '10', 'alta Projecte Autoocupat: Sebas (bumbum)', 1, ''),
(516, '2014-08-18 23:30:53', 3, 101, '3', 'alta Soci Cooperatiu Individual: Sebas (bumbum)', 2, 'Cap camp modificat.'),
(517, '2014-08-18 23:31:10', 3, 101, '3', 'alta Soci Cooperatiu Individual: Sebas (bumbum)', 2, 'Cap camp modificat.'),
(518, '2014-08-18 23:33:36', 3, 79, '10', 'alta Projecte Autoocupat: Sebas (bumbum)', 2, 'Cap camp modificat.'),
(519, '2014-08-18 23:34:52', 3, 37, '4', 'Sebas (bumbum)', 2, 'Modificat id_card.'),
(520, '2014-08-18 23:35:29', 3, 79, '10', 'alta Projecte Autoocupat: Sebas (bumbum)', 2, 'Cap camp modificat.'),
(521, '2014-08-18 23:36:25', 3, 37, '4', 'Sebas (bumbum)', 2, 'Cap camp modificat.'),
(522, '2014-08-18 23:41:36', 3, 102, '5', 'alta Projecte Col·lectiu: Ecoxarxanoia (EA)', 2, 'Modificat join_date.'),
(523, '2014-08-18 23:42:45', 3, 83, '11', 'quota Trimestral: Ecoxarxanoia (EA) [60 riu] > CIC', 1, ''),
(524, '2014-08-18 23:42:56', 3, 79, '12', 'alta Projecte Autoocupat: Ecoxarxanoia (EA)', 1, ''),
(525, '2014-08-18 23:43:45', 3, 38, '17', 'Ecoxarxanoia (EA)', 2, 'Afegit H_per "referenciant > Marta (tuccia)"'),
(526, '2014-08-18 23:58:48', 3, 37, '18', 'Marta (tuccia)', 2, 'Modificat id_card.'),
(527, '2014-08-19 00:11:03', 3, 38, '17', 'Ecoxarxanoia (EA)', 2, 'Afegit H_per "referenciant > Sebas (bumbum)"'),
(528, '2014-08-19 00:39:46', 3, 86, '27', 'Lloguer', 1, ''),
(529, '2014-08-19 00:40:17', 3, 88, '13', 'XIPU: ?? > AureaSocial (Sardenya 261-263 - Barcelona)', 1, ''),
(530, '2014-08-19 00:46:43', 3, 79, '12', 'alta Projecte Autoocupat: Ecoxarxanoia (EA)', 2, 'Modificat rel_address_contracts.'),
(531, '2014-08-19 00:49:30', 3, 88, '13', 'XIPU: Ecoxarxanoia (EA) > AureaSocial (Sardenya 261-263 - Barcelona)', 3, '');
INSERT INTO `django_admin_log` (`id`, `action_time`, `user_id`, `content_type_id`, `object_id`, `object_repr`, `action_flag`, `change_message`) VALUES
(532, '2014-08-19 00:50:36', 3, 86, '28', 'Cessió', 1, ''),
(533, '2014-08-19 00:50:57', 3, 88, '14', 'XIPU: ?? > Casa del Comú (pl. del Pilar - Igualada)', 1, ''),
(534, '2014-08-19 00:51:08', 3, 79, '12', 'alta Projecte Autoocupat: Ecoxarxanoia (EA)', 2, 'Modificat rel_address_contracts.'),
(535, '2014-08-19 01:08:58', 3, 88, '14', 'XIPU: Ecoxarxanoia (EA) > Casa del Comú (pl. del Pilar - Igualada)', 2, 'Cap camp modificat.'),
(536, '2014-08-19 01:10:50', 3, 79, '12', 'alta Projecte Autoocupat: Ecoxarxanoia (EA)', 2, 'Cap camp modificat.'),
(537, '2014-08-19 01:49:07', 3, 55, '9', 'col·laborar', 2, 'Modificat parent.'),
(538, '2014-08-19 01:49:30', 3, 55, '10', 'contribuir (contribute)', 2, 'Modificat parent.'),
(539, '2014-08-19 01:49:51', 3, 55, '7', 'participar', 2, 'Modificat parent.'),
(540, '2014-08-19 01:50:28', 3, 38, '17', 'Ecoxarxanoia (EA)', 2, 'Afegit H_per "dinamitzant > Jeto Laface (jeto)"'),
(541, '2014-08-19 01:50:47', 3, 38, '17', 'Ecoxarxanoia (EA)', 2, 'Modificat relation per a H_per "participant > Jeto Laface (jeto)".'),
(542, '2014-08-19 01:55:15', 3, 37, '18', 'Marta (tuccia)', 2, 'Modificat id_card i email.'),
(543, '2014-08-19 01:56:14', 3, 37, '4', 'Sebas (bumbum)', 2, 'Modificat id_card i birth_date.'),
(544, '2014-08-19 16:05:23', 3, 79, '12', 'alta Projecte Autoocupat: Ecoxarxanoia (EA)', 2, 'Afegit Contracte d''Adreça CI "XIPU: ?? > pis de mallorca (Mallorca, 450 - Barcelona)"'),
(545, '2014-08-19 16:36:20', 3, 88, '12', 'XIPU: ?? > pis de mallorca (Mallorca, 450 - Barcelona)', 2, 'Cap camp modificat.'),
(546, '2014-08-19 16:36:37', 3, 88, '12', 'XIPU: ?? > pis de mallorca (Mallorca, 450 - Barcelona)', 2, 'Modificat name.'),
(549, '2014-08-19 16:38:42', 3, 88, '14', 'XIPU: Ecoxarxanoia (EA) > Casa del Comú (pl. del Pilar - Igualada)', 3, ''),
(550, '2014-08-19 19:13:40', 3, 79, '12', 'alta Projecte Autoocupat: Ecoxarxanoia (EA)', 2, 'Cap camp modificat.'),
(551, '2014-08-19 19:15:04', 3, 79, '12', 'alta Projecte Autoocupat: Ecoxarxanoia (EA)', 2, 'Modificat name.'),
(552, '2014-08-19 19:25:11', 3, 88, '15', 'XIPU: ?? > Casa del Comú (pl. del Pilar - Igualada)', 1, ''),
(553, '2014-08-19 19:25:22', 3, 79, '12', 'alta Projecte Autoocupat: Ecoxarxanoia (EA)', 2, 'Modificat rel_address_contracts.'),
(554, '2014-08-19 19:26:50', 3, 88, '15', 'XIPU: Ecoxarxanoia (EA) > Casa del Comú (pl. del Pilar - Igualada)', 3, ''),
(555, '2014-08-19 19:38:29', 3, 88, '16', 'XIPU: ?? > Casa del Comú (pl. del Pilar - Igualada)', 1, ''),
(556, '2014-08-19 19:38:52', 3, 79, '12', 'alta Projecte Autoocupat: Ecoxarxanoia (EA)', 2, 'Modificat rel_address_contracts.'),
(557, '2014-08-19 19:42:35', 3, 88, '16', 'XIPU: Ecoxarxanoia (EA) > Casa del Comú (pl. del Pilar - Igualada)', 3, ''),
(558, '2014-08-19 19:45:55', 3, 88, '17', 'XIPU: ?? > Casa del Comú (pl. del Pilar - Igualada)', 1, ''),
(559, '2014-08-19 19:47:25', 3, 88, '17', 'XIPU: ?? > Casa del Comú (pl. del Pilar - Igualada)', 3, ''),
(560, '2014-08-19 19:55:37', 3, 88, '18', 'XIPU: ?? > Casa del Comú (pl. del Pilar - Igualada)', 1, ''),
(561, '2014-08-19 19:56:24', 3, 79, '12', 'alta Projecte Autoocupat: Ecoxarxanoia (EA)', 2, 'Modificat rel_address_contracts.'),
(562, '2014-08-19 20:04:28', 3, 88, '18', 'XIPU: Ecoxarxanoia (EA) > Casa del Comú (pl. del Pilar - Igualada)', 2, 'Cap camp modificat.'),
(563, '2014-08-19 20:10:54', 3, 88, '18', 'XIPU: Ecoxarxanoia (EA) > Casa del Comú (pl. del Pilar - Igualada)', 2, 'Cap camp modificat.'),
(564, '2014-08-19 21:04:03', 3, 88, '19', 'XIPU: ?? > pis de mallorca (Mallorca, 450 - Barcelona)', 1, ''),
(565, '2014-08-19 21:04:09', 3, 79, '12', 'alta Projecte Autoocupat: Ecoxarxanoia (EA)', 2, 'Modificat rel_address_contracts.'),
(566, '2014-08-19 21:04:22', 3, 88, '19', 'XIPU: Ecoxarxanoia (EA) > pis de mallorca (Mallorca, 450 - Barcelona)', 2, 'Cap camp modificat.'),
(567, '2014-08-19 22:05:10', 3, 88, '18', 'Ecoxarxanoia: Casa del Comú', 2, 'Cap camp modificat.'),
(568, '2014-08-19 22:07:33', 3, 79, '12', 'alta Projecte Autoocupat: Ecoxarxanoia (EA)', 2, 'Cap camp modificat.'),
(569, '2014-08-19 23:56:05', 3, 98, '19', 'quota Trimestral (quarterly_fee)', 2, 'Modificat clas.'),
(570, '2014-08-19 23:57:06', 3, 98, '18', 'quota d''Alta (join_fee)', 2, 'Modificat clas.'),
(571, '2014-08-19 23:57:30', 3, 98, '27', 'contracte de Lloguer', 2, 'Modificat name.'),
(572, '2014-08-19 23:57:39', 3, 98, '28', 'contracte de Cessió', 2, 'Modificat name.'),
(573, '2014-08-20 00:39:29', 3, 88, '19', 'XIPU: ?? > pis de mallorca (Mallorca, 450 - Barcelona)', 3, ''),
(574, '2014-08-20 00:39:34', 3, 88, '18', 'XIPU: ?? > Casa del Comú (pl. del Pilar - Igualada)', 3, ''),
(577, '2014-08-20 00:44:10', 3, 79, '12', 'alta Projecte Autoocupat: Ecoxarxanoia (EA)', 3, ''),
(578, '2014-08-20 00:44:10', 3, 79, '10', 'alta Projecte Autoocupat: Sebas (bumbum)', 3, ''),
(579, '2014-08-20 00:45:08', 3, 83, '11', 'quota Trimestral: Ecoxarxanoia (EA) [60.00 riu] > CIC', 3, ''),
(580, '2014-08-20 00:45:08', 3, 83, '9', 'quota Trimestral: Sebas (bumbum) [6.00 h] > CIC', 3, ''),
(581, '2014-08-20 00:52:22', 3, 79, '20', 'alta Projecte Autoocupat: Ecoxarxanoia (EA)', 1, ''),
(582, '2014-08-20 00:52:50', 3, 79, '20', 'alta Projecte Autoocupat: Ecoxarxanoia (EA)', 2, 'Cap camp modificat.'),
(584, '2014-08-20 01:03:29', 3, 83, '1', 'quota d''Alta: Ecoxarxanoia (EA) [30 riu] > CIC', 1, ''),
(585, '2014-08-20 01:03:45', 3, 102, '2', 'alta Projecte Col·lectiu: Ecoxarxanoia (EA)', 1, ''),
(586, '2014-08-20 01:04:34', 3, 83, '3', 'quota d''Alta: Sebas (bumbum) [6 h] > CIC', 1, ''),
(587, '2014-08-20 01:04:56', 3, 101, '4', 'alta Soci Cooperatiu Individual: Sebas (bumbum)', 1, ''),
(588, '2014-08-20 01:06:19', 3, 100, '5', 'alta Soci Afí Individual: Marta (tuccia)', 1, ''),
(589, '2014-08-20 01:08:37', 3, 79, '6', 'alta Projecte Autoocupat: Sebas (bumbum)', 1, ''),
(590, '2014-08-20 01:08:59', 3, 83, '3', 'quota d''Alta: Sebas (bumbum) [6.00 h] > CIC', 2, 'Modificat payment_date.'),
(591, '2014-08-20 01:16:17', 3, 101, '4', 'alta Soci Cooperatiu Individual: Sebas (bumbum)', 2, 'Cap camp modificat.'),
(592, '2014-08-20 01:20:51', 3, 79, '6', 'alta Projecte Autoocupat: Sebas (bumbum)', 2, 'Afegit Contracte d''Adreça CI "XIPU: ?? > pis de mallorca (Mallorca, 450 - Barcelona)"'),
(593, '2014-08-20 01:21:36', 3, 88, '6', 'XIPU: ?? > pis de mallorca (Mallorca, 450 - Barcelona)', 2, 'Cap camp modificat.'),
(594, '2014-08-20 01:24:08', 3, 88, '6', 'XIPU: ?? > pis de mallorca (Mallorca, 450 - Barcelona)', 2, 'Cap camp modificat.'),
(596, '2014-08-20 01:31:45', 3, 79, '7', 'alta Projecte Autoocupat: Sebas (bumbum)', 1, ''),
(597, '2014-08-20 01:32:19', 3, 83, '8', 'quota Trimestral: Sebas (bumbum) [30 eco] > CIC', 1, ''),
(598, '2014-08-20 01:32:30', 3, 79, '7', 'alta Projecte Autoocupat: Sebas (bumbum)', 2, 'Modificat rel_fees.'),
(599, '2014-08-20 01:33:30', 3, 88, '9', 'XIPU: ?? > pis de mallorca (Mallorca, 450 - Barcelona)', 1, ''),
(600, '2014-08-20 01:33:35', 3, 79, '7', 'alta Projecte Autoocupat: Sebas (bumbum)', 2, 'Modificat rel_address_contracts.'),
(601, '2014-08-20 01:44:40', 3, 88, '9', 'Sebas: pis de mallorca', 2, 'Cap camp modificat.'),
(602, '2014-08-20 02:05:33', 3, 88, '9', 'Sebas (bumbum): pis de mallorca', 2, 'Cap camp modificat.'),
(603, '2014-08-20 02:07:51', 3, 88, '9', 'Sebas (bumbum): pis de mallorca', 2, 'Modificat name.'),
(604, '2014-08-20 02:07:56', 3, 88, '9', 'Sebas (bumbum): pis de mallorca', 2, 'Cap camp modificat.'),
(605, '2014-08-20 02:09:34', 3, 88, '9', 'Sebas (bumbum): pis de mallorca', 2, 'Cap camp modificat.'),
(606, '2014-08-20 02:11:49', 3, 88, '11', 'XIPU: ?? > AureaSocial', 1, ''),
(607, '2014-08-20 02:11:56', 3, 79, '7', 'alta Projecte Autoocupat: Sebas (bumbum)', 2, 'Modificat rel_address_contracts.'),
(608, '2014-08-20 02:13:29', 3, 88, '11', 'Sebas (bumbum): AureaSocial', 2, 'Cap camp modificat.'),
(609, '2014-08-20 02:14:05', 3, 79, '7', 'alta Projecte Autoocupat: Sebas (bumbum)', 2, 'Cap camp modificat.'),
(610, '2014-08-20 02:18:41', 3, 88, '11', 'Sebas (bumbum): AureaSocial', 2, 'Cap camp modificat.'),
(611, '2014-08-20 02:19:33', 3, 79, '7', 'alta Projecte Autoocupat: Sebas (bumbum)', 2, 'Cap camp modificat.'),
(612, '2014-08-20 02:19:58', 3, 88, '11', 'Sebas (bumbum): AureaSocial', 3, ''),
(613, '2014-08-20 02:31:12', 3, 88, '12', 'XIPU: ?? > Casa del Comú', 1, ''),
(614, '2014-08-20 02:31:18', 3, 79, '7', 'alta Projecte Autoocupat: Sebas (bumbum)', 2, 'Modificat rel_address_contracts.'),
(615, '2014-08-20 02:53:17', 3, 83, '8', 'quota Trimestral: Sebas (bumbum) [30.00 eco] > CIC', 2, 'Cap camp modificat.'),
(616, '2014-08-20 02:53:25', 3, 79, '7', 'alta Projecte Autoocupat: Sebas (bumbum)', 2, 'Cap camp modificat.'),
(617, '2014-08-20 02:53:38', 3, 83, '8', 'quota Trimestral: Sebas (bumbum) [30.00 eco] > CIC', 2, 'Modificat payment_date.'),
(618, '2014-08-20 02:53:49', 3, 79, '7', 'alta Projecte Autoocupat: Sebas (bumbum)', 2, 'Cap camp modificat.'),
(619, '2014-08-20 02:55:50', 3, 98, '29', 'quota 1T', 1, ''),
(620, '2014-08-20 02:56:02', 3, 83, '8', 'quota 1T: Sebas (bumbum) [30.00 eco] > CIC', 2, 'Modificat record_type.'),
(621, '2014-08-20 02:56:56', 3, 83, '8', 'quota 1T: Sebas (bumbum) [30.00 eco] > CIC', 2, 'Cap camp modificat.'),
(622, '2014-08-20 02:57:05', 3, 83, '8', 'quota 1T: Sebas (bumbum) [30.00 eco] > CIC', 2, 'Cap camp modificat.'),
(623, '2014-08-20 03:02:47', 3, 83, '8', 'quota 1T: Sebas (bumbum) [30.00 eco] > CIC', 2, 'Cap camp modificat.'),
(624, '2014-08-20 03:06:54', 3, 79, '7', 'alta Projecte Autoocupat: Sebas (bumbum)', 2, 'Cap camp modificat.'),
(625, '2014-08-20 03:07:33', 3, 79, '7', 'alta Projecte Autoocupat: Sebas (bumbum)', 2, 'Cap camp modificat.'),
(626, '2014-08-20 03:12:03', 3, 98, '30', 'quota 2T', 1, ''),
(627, '2014-08-20 03:12:34', 3, 83, '13', 'quota 2T: Sebas (bumbum) [30 eco] > CIC', 1, ''),
(628, '2014-08-20 03:12:41', 3, 79, '7', 'alta Projecte Autoocupat: Sebas (bumbum)', 2, 'Modificat rel_fees.'),
(629, '2014-08-20 03:16:45', 3, 79, '7', 'alta Projecte Autoocupat: Sebas (bumbum)', 2, 'Cap camp modificat.'),
(630, '2014-08-20 04:21:41', 3, 83, '8', 'quota 1T: Sebas (bumbum) [30.00 eco] > CIC', 2, 'Modificat payment_type.'),
(631, '2014-08-20 04:21:59', 3, 83, '13', 'quota 2T: Sebas (bumbum) [30.00 eco] > CIC', 2, 'Modificat deadline_date i payment_date.'),
(632, '2014-08-20 04:22:06', 3, 79, '7', 'alta Projecte Autoocupat: Sebas (bumbum)', 2, 'Cap camp modificat.'),
(633, '2014-08-20 14:19:28', 3, 83, '13', 'quota 2T: Sebas (bumbum) [30.00 eco] > CIC', 2, 'Modificat payment_date.'),
(634, '2014-08-20 14:19:36', 3, 79, '7', 'alta Projecte Autoocupat: Sebas (bumbum)', 2, 'Cap camp modificat.'),
(635, '2014-08-20 14:20:00', 3, 98, '31', 'quota 3T', 1, ''),
(636, '2014-08-20 14:20:19', 3, 83, '14', 'quota 3T: Sebas (bumbum) [6 h] > CIC', 1, ''),
(637, '2014-08-20 14:20:28', 3, 79, '7', 'alta Projecte Autoocupat: Sebas (bumbum)', 2, 'Modificat rel_fees.'),
(638, '2014-08-20 14:20:38', 3, 83, '14', 'quota 3T: Sebas (bumbum) [6.00 h] > CIC', 2, 'Modificat payment_date.'),
(639, '2014-08-20 14:20:42', 3, 79, '7', 'alta Projecte Autoocupat: Sebas (bumbum)', 2, 'Cap camp modificat.'),
(640, '2014-08-20 15:33:43', 3, 56, '3', 'Desenvolupament', 1, ''),
(641, '2014-08-20 15:34:54', 3, 37, '4', 'Sebas (bumbum)', 2, 'Afegit H_ofi "practicant > Desenvolupament" Afegit Compte CES "(eco) Sebas (bumbum) COOP0111"'),
(642, '2014-08-20 15:38:49', 5, 37, '19', 'Jeto Laface (jeto)', 2, 'Afegit H_ofi "aprenent > Desenvolupament"'),
(643, '2014-08-20 15:41:53', 3, 88, '12', 'bumbum (Sebas): Casa del Comú', 2, 'Cap camp modificat.'),
(644, '2014-08-20 15:42:18', 3, 88, '9', 'bumbum (Sebas): pis de mallorca', 2, 'Cap camp modificat.'),
(645, '2014-08-20 15:50:36', 3, 88, '9', 'bumbum (Sebas): pis de mallorca', 2, 'Modificat price i price_unit.'),
(646, '2014-08-20 16:06:10', 3, 79, '7', 'alta Projecte Autoocupat: bumbum (Sebas)', 2, 'Cap camp modificat.'),
(647, '2014-08-20 16:06:44', 3, 101, '4', 'alta Soci Cooperatiu Individual: Sebas (bumbum)', 2, 'Modificat ic_CESnum.'),
(648, '2014-08-20 16:07:03', 3, 101, '4', 'alta Soci Cooperatiu Individual: Sebas (bumbum)', 2, 'Cap camp modificat.'),
(649, '2014-08-20 16:07:14', 3, 79, '7', 'alta Projecte Autoocupat: bumbum (Sebas)', 2, 'Cap camp modificat.'),
(650, '2014-08-20 16:08:39', 3, 101, '4', 'COOP0111 (bumbum)', 2, 'Cap camp modificat.'),
(651, '2014-08-20 16:12:29', 3, 83, '13', 'quota 2T: bumbum (Sebas) [30.00 eco] > CIC', 2, 'Cap camp modificat.'),
(652, '2014-08-20 16:12:36', 3, 79, '7', 'alta Projecte Autoocupat: bumbum (Sebas)', 2, 'Cap camp modificat.'),
(653, '2014-08-20 16:12:48', 3, 83, '14', 'quota 3T: bumbum (Sebas) [6.00 h] > CIC', 2, 'Modificat payment_date.'),
(654, '2014-08-20 16:13:04', 3, 79, '7', 'alta Projecte Autoocupat: bumbum (Sebas)', 2, 'Cap camp modificat.'),
(655, '2014-08-20 16:25:57', 3, 98, '7', 'alta Soci Coop. Individual (iC_Person_Membership)', 2, 'Modificat name.'),
(656, '2014-08-20 16:26:15', 3, 98, '8', 'alta Proj. Col·lectiu (iC_Project_Membership)', 2, 'Modificat name.'),
(657, '2014-08-20 16:26:46', 3, 98, '9', 'alta Proj. Públic', 2, 'Modificat name.'),
(658, '2014-08-20 16:36:50', 3, 83, '8', 'quota 1T: bumbum (Sebas) [30.00 eco] > CIC', 2, 'Cap camp modificat.'),
(659, '2014-08-20 16:36:59', 3, 79, '7', 'alta Projecte Autoocupat: bumbum (Sebas)', 2, 'Cap camp modificat.'),
(660, '2014-08-20 16:55:03', 3, 98, '5', 'alta Proj. Autoocupat (iC_Self_Employed)', 2, 'Modificat name.'),
(661, '2014-08-20 16:55:22', 3, 98, '11', 'alta Proj. Firaire (iC_Stallholder)', 2, 'Modificat name.'),
(662, '2014-08-20 17:10:09', 3, 55, '22', ':Relació Persona - Empresa (rel_pers_comp)', 2, 'Modificat clas.'),
(663, '2014-08-20 17:11:28', 3, 55, '31', 'comprar', 1, ''),
(664, '2014-08-20 17:12:21', 3, 55, '31', 'comprar a l''empresa', 2, 'Modificat name, verb i gerund.'),
(665, '2014-08-20 17:12:43', 3, 55, '22', ':Relació Persona - Empresa (rel_pers_comp)', 2, 'Cap camp modificat.'),
(666, '2014-08-20 17:13:44', 3, 55, '32', 'treballar per l''empresa', 1, ''),
(667, '2014-08-20 17:18:35', 3, 55, '3', ':Relació Humà - Espai (rel_hum_spac)', 2, 'Modificat clas.'),
(668, '2014-08-20 17:20:08', 3, 55, '33', ':Relació Humà - Regió (rel_hum_regi)', 1, ''),
(669, '2014-08-20 17:23:54', 3, 55, '34', 'fer vida a', 1, ''),
(670, '2014-08-20 17:24:26', 3, 55, '24', ':Relació Persona - Adreça (rel_pers_addr)', 2, 'Modificat clas.'),
(671, '2014-08-20 17:56:48', 3, 64, '49', 'Formació', 1, ''),
(672, '2014-08-20 17:58:23', 3, 64, '50', 'obra Cultural', 1, ''),
(673, '2014-08-20 17:59:02', 3, 64, '51', 'obra Digital', 1, ''),
(674, '2014-08-20 17:59:12', 3, 64, '49', 'Formació', 2, 'Modificat parent.'),
(675, '2014-08-20 18:23:09', 3, 64, '52', 'formació CI (ic_learn)', 1, ''),
(676, '2014-08-20 18:25:46', 3, 39, '23', 'Públic (public)', 2, 'Modificat clas.'),
(677, '2014-08-20 19:03:09', 3, 64, '53', 'formació Acollida Autoocupats', 1, ''),
(678, '2014-08-20 19:03:40', 3, 64, '54', 'formació Moneda Social', 1, ''),
(679, '2014-08-20 19:30:51', 3, 67, '55', 'Màquina', 1, ''),
(680, '2014-08-20 19:31:05', 3, 67, '56', 'Vehicle', 1, ''),
(681, '2014-08-20 19:31:49', 3, 67, '57', 'Cotxe', 1, ''),
(682, '2014-08-20 20:20:30', 3, 60, '5', 'continent europeu', 1, ''),
(683, '2014-08-20 20:20:42', 3, 60, '1', 'Països Catalans', 2, 'Modificat parent.'),
(684, '2014-08-20 21:18:06', 3, 64, '53', 'sessió de formació col·lectiva', 2, 'Modificat name.'),
(685, '2014-08-20 21:18:47', 3, 64, '54', 'sessió de formació Individual', 2, 'Modificat name.'),
(686, '2014-08-20 21:18:55', 3, 64, '53', 'sessió de formació Col·lectiva', 2, 'Modificat name.'),
(687, '2014-08-20 21:19:47', 3, 63, '1', 'sessió d''Acollida', 1, ''),
(688, '2014-08-20 21:20:11', 3, 63, '2', 'sessió de Moneda Social', 1, ''),
(689, '2014-08-20 21:41:59', 3, 37, '4', 'Sebas (bumbum)', 2, 'Afegit Actiu "(Cotxe) peugeot 306"'),
(690, '2014-08-20 21:51:00', 3, 55, '35', ':Relació Humà - ObraMaterial (rel_hum_mate)', 1, ''),
(691, '2014-08-20 21:52:46', 3, 55, '36', 'titular', 1, ''),
(692, '2014-08-20 21:55:19', 3, 55, '36', 'titular el registre', 2, 'Modificat name, verb i gerund.'),
(693, '2014-08-20 21:57:24', 3, 55, '37', 'pertànyer', 1, ''),
(694, '2014-08-20 22:07:41', 3, 37, '4', 'Sebas (bumbum)', 2, 'Afegit H_mat "peugeot 306" Afegit H_rec "Compte CES: titulant el registre > Compte CES: (eco) Cooperativa Integral Catalana (CIC) COOP0111"'),
(695, '2014-08-20 22:08:33', 3, 37, '4', 'Sebas (bumbum)', 2, 'Modificat relation per a H_mat "pertanyent > peugeot 306".'),
(696, '2014-08-20 22:20:32', 3, 55, '38', ':Relació Humà - obra Inmaterial (rel_hum_nonm)', 1, ''),
(697, '2014-08-20 22:20:43', 3, 55, '35', ':Relació Humà - obra Material (rel_hum_mate)', 2, 'Modificat name.'),
(698, '2014-08-20 22:24:32', 3, 55, '39', 'representar', 1, ''),
(699, '2014-08-20 22:28:34', 3, 55, '40', 'oferir l''obra inmaterial', 1, ''),
(700, '2014-08-20 22:28:59', 3, 37, '4', 'Sebas (bumbum)', 2, 'Afegit H_inm "oferint l''obra inmaterial > sessió d''Acollida"'),
(701, '2014-08-20 22:30:55', 3, 98, '32', 'Sessió / Formació (Learn_Session)', 1, ''),
(702, '2014-08-20 22:32:32', 3, 81, '15', 'sessió d''Acollida: 2014-08-21 00:31:36+00:00 (Sebas) AureaSocial', 1, ''),
(703, '2014-08-20 22:37:06', 3, 81, '15', 'sessió d''Acollida: <built-in method date of datetime.datetime object at 0x7f9f70d81a50> (Sebas) AureaSocial', 2, 'Cap camp modificat.'),
(704, '2014-08-20 22:37:27', 3, 81, '15', 'sessió d''Acollida: 2014-08-21 (Sebas) AureaSocial', 2, 'Cap camp modificat.'),
(705, '2014-08-20 22:57:50', 3, 81, '15', 'sessió d''Acollida: 2014-08-21 (Sebas) AureaSocial', 2, 'Modificat assistants.'),
(706, '2014-08-20 23:49:06', 3, 81, '15', 'sessió d''Acollida: 2014-08-21 (Sebas) AureaSocial', 2, 'Cap camp modificat.'),
(707, '2014-08-20 23:50:10', 3, 81, '15', 'sessió d''Acollida: 2014-08-21 (Sebas) AureaSocial', 2, 'Modificat assistants.'),
(708, '2014-08-20 23:54:45', 3, 98, '33', 'reg Sessió d''Acollida (welcome_session)', 1, ''),
(709, '2014-08-20 23:55:17', 3, 81, '15', 'sessió d''Acollida: 2014-08-21 (Sebas) AureaSocial', 2, 'Modificat record_type.'),
(710, '2014-08-21 00:35:08', 3, 81, '15', 'sessió d''Acollida: 2014-08-21 (Sebas) AureaSocial', 2, 'Modificat assistants.'),
(711, '2014-08-21 00:39:16', 4, 37, '18', 'Marta (tuccia)', 2, 'Afegit H_pro "(Ecoxarxa) seguint > Ecoxarxanoia"'),
(712, '2014-08-21 01:19:41', 3, 55, '41', ':Relació ObraMaterial - Adreça (rel_mat_addr)', 1, ''),
(713, '2014-08-21 01:23:16', 3, 55, '42', 'aparcar', 1, ''),
(714, '2014-08-21 01:23:31', 3, 68, '1', '(Cotxe) peugeot 306', 2, 'Afegit M_adr "(Espai Polivalent Col·lectiu) aparcant > AureaSocial (Sardenya 261-263 - Barcelona)"'),
(715, '2014-08-21 01:30:27', 3, 55, '43', ':Relació ObraMaterial - Registre (rel_mat_reco)', 1, ''),
(716, '2014-08-21 01:31:33', 3, 55, '44', ':Relació Obra - Espai', 1, ''),
(717, '2014-08-21 01:32:04', 3, 55, '45', ':Relació Obra - Obra', 1, ''),
(718, '2014-08-21 01:33:53', 3, 55, '44', ':Relació ObraMaterial - Espai (rel_mat_spac)', 2, 'Modificat name i clas.'),
(719, '2014-08-21 01:34:27', 3, 55, '41', ':Relació ObraMaterial - Adreça (rel_mat_addr)', 2, 'Modificat parent.'),
(720, '2014-08-21 01:35:35', 3, 55, '45', ':Relació ObraMaterial - ObraMaterial (rel_mat_mate)', 2, 'Modificat name i clas.'),
(721, '2014-08-21 01:36:12', 3, 55, '43', ':Relació obra Material - Registre (rel_mat_reco)', 2, 'Modificat name.'),
(722, '2014-08-21 01:36:15', 3, 55, '43', ':Relació obra Material - Registre (rel_mat_reco)', 2, 'Cap camp modificat.'),
(723, '2014-08-21 01:36:46', 3, 55, '44', ':Relació obra Material - Espai (rel_mat_spac)', 2, 'Modificat name.'),
(724, '2014-08-21 01:37:48', 3, 55, '46', ':Relació Obra - Espai (rel_awo_spac)', 1, ''),
(725, '2014-08-21 01:38:18', 3, 55, '41', ':Relació obra Material - Adreça (rel_mat_addr)', 2, 'Modificat name.'),
(726, '2014-08-21 01:38:43', 3, 55, '44', ':Relació obra Material - Espai (rel_mat_spac)', 2, 'Modificat parent.'),
(727, '2014-08-21 01:39:19', 3, 55, '41', ':Relació obra Material - Adreça (rel_mat_addr)', 2, 'Modificat parent.'),
(728, '2014-08-21 01:40:44', 3, 55, '47', ':Relació Obra - Obra (rel_awo_arwo)', 1, ''),
(729, '2014-08-21 01:41:01', 3, 55, '43', ':Relació obra Material - Registre (rel_mat_reco)', 2, 'Modificat parent.'),
(730, '2014-08-21 01:41:30', 3, 55, '45', ':Relació obra Material - obra Material (rel_mat_mate)', 2, 'Modificat name i parent.'),
(731, '2014-08-21 01:45:14', 3, 55, '42', 'aparcar a', 2, 'Modificat name, verb i gerund.'),
(732, '2014-08-21 01:47:03', 3, 55, '44', ':Relació obra Material - obra Inmaterial (rel_mat_nonm)', 2, 'Modificat name, parent i clas.'),
(733, '2014-08-21 01:53:41', 3, 55, '46', ':Relació Obra - Espai', 2, 'Modificat clas.'),
(734, '2014-08-21 01:53:49', 3, 55, '47', ':Relació Obra - Obra', 2, 'Modificat clas.'),
(735, '2014-08-21 01:54:14', 3, 55, '48', ':Relació Obra - Art', 1, ''),
(736, '2014-08-21 01:54:40', 3, 55, '19', ':relació Projecte - Persona (rel_proj_pers)', 2, 'Modificat name.'),
(737, '2014-08-21 01:54:55', 3, 55, '18', ':relació Projecte - Empresa (rel_proj_empr)', 2, 'Modificat name.'),
(738, '2014-08-21 01:55:02', 3, 55, '21', ':relació Projecte - Projecte (rel_proj_proj)', 2, 'Modificat name.'),
(739, '2014-08-21 01:55:07', 3, 55, '5', ':relació Persona - Projecte (rel_pers_proj)', 2, 'Modificat name.'),
(740, '2014-08-21 01:55:13', 3, 55, '22', ':relació Persona - Empresa (rel_pers_comp)', 2, 'Modificat name.'),
(741, '2014-08-21 01:55:18', 3, 55, '6', ':relació Persona - Persona (rel_pers_pers)', 2, 'Modificat name.'),
(742, '2014-08-21 01:55:32', 3, 55, '15', ':relació Projecte - Adreça (rel_proj_addr)', 2, 'Modificat name.'),
(743, '2014-08-21 01:55:37', 3, 55, '24', ':relació Persona - Adreça (rel_pers_addr)', 2, 'Modificat name.'),
(744, '2014-08-21 01:55:42', 3, 55, '33', ':relació Humà - Regió (rel_hum_regi)', 2, 'Modificat name.'),
(745, '2014-08-21 01:55:54', 3, 55, '30', ':relació Humà - Registre (rel_hum_reco)', 2, 'Modificat name.'),
(746, '2014-08-21 01:55:59', 3, 55, '35', ':relació Humà - obra Material (rel_hum_mate)', 2, 'Modificat name.'),
(747, '2014-08-21 01:56:03', 3, 55, '38', ':relació Humà - obra Inmaterial (rel_hum_nonm)', 2, 'Modificat name.'),
(748, '2014-08-21 01:56:10', 3, 55, '41', ':relació obra Material - Adreça (rel_mat_addr)', 2, 'Modificat name.'),
(749, '2014-08-21 01:56:16', 3, 55, '43', ':relació obra Material - Registre (rel_mat_reco)', 2, 'Modificat name.'),
(750, '2014-08-21 01:56:20', 3, 55, '45', ':relació obra Material - obra Material (rel_mat_mate)', 2, 'Modificat name.'),
(751, '2014-08-21 01:56:27', 3, 55, '44', ':relació obra Material - obra Inmaterial (rel_mat_nonm)', 2, 'Modificat name.'),
(752, '2014-08-21 01:57:16', 3, 55, '49', ':relació obra Material - Ofici (rel_mat_jobs)', 1, ''),
(753, '2014-08-21 02:05:44', 3, 68, '1', '(Cotxe) peugeot 306', 2, 'Cap camp modificat.'),
(754, '2014-08-21 02:43:11', 3, 55, '50', ':relació obra Inmaterial - Adreça (rel_non_addr)', 1, ''),
(755, '2014-08-21 02:45:18', 3, 55, '51', ':relació obra Inmaterial - Registre (rel_non_reco)', 1, ''),
(756, '2014-08-21 02:47:31', 3, 55, '52', ':relació obra Inmaterial - Ofici (rel_non_jobs)', 1, ''),
(757, '2014-08-21 02:49:15', 3, 55, '53', ':relació obra Inmaterial - obra Inmaterial (rel_non_nonm)', 1, ''),
(758, '2014-08-21 02:55:30', 3, 55, '10', 'contribuir/col·laborar (contribute)', 2, 'Modificat verb, gerund i parent.'),
(759, '2014-08-21 02:59:27', 3, 55, '11', 'referenciar (reference)', 2, 'Modificat name.'),
(760, '2014-08-21 02:59:47', 3, 55, '8', 'dinamitzar', 2, 'Modificat name.'),
(761, '2014-08-21 02:59:59', 3, 55, '7', 'participar', 2, 'Modificat name.'),
(762, '2014-08-21 03:00:13', 3, 55, '20', 'utilitzar', 2, 'Modificat name.'),
(763, '2014-08-21 03:00:26', 3, 55, '9', 'col·laborar', 2, 'Modificat name.'),
(764, '2014-08-21 03:00:48', 3, 55, '27', 'seguir', 2, 'Modificat name.'),
(765, '2014-08-21 03:01:26', 3, 55, '10', 'contribuir/col·laborar (contribute)', 2, 'Modificat name.'),
(766, '2014-08-21 03:02:02', 3, 55, '31', 'comprar a l''empresa', 2, 'Modificat name.'),
(767, '2014-08-21 03:02:25', 3, 55, '32', 'treballar per l''empresa', 2, 'Modificat name.'),
(768, '2014-08-21 03:02:42', 3, 55, '28', 'apendre', 2, 'Modificat name.'),
(769, '2014-08-21 03:02:49', 3, 55, '29', 'practicar', 2, 'Modificat name.'),
(770, '2014-08-21 03:03:09', 3, 55, '17', 'gestionar l''espai', 2, 'Modificat name.'),
(771, '2014-08-21 03:03:27', 3, 55, '16', 'oferir l''espai', 2, 'Modificat name.'),
(772, '2014-08-21 03:03:54', 3, 55, '23', 'utilitzar l''espai', 2, 'Modificat name.'),
(773, '2014-08-21 03:04:09', 3, 55, '25', 'habitar', 2, 'Modificat name.'),
(774, '2014-08-21 03:04:21', 3, 55, '26', 'treballar', 2, 'Modificat name.'),
(775, '2014-08-21 03:04:53', 3, 55, '26', 'treballar a', 2, 'Modificat name, verb i gerund.'),
(776, '2014-08-21 03:05:13', 3, 55, '25', 'habitar a', 2, 'Modificat name, verb i gerund.'),
(777, '2014-08-21 03:05:40', 3, 55, '34', 'fer vida a', 2, 'Cap camp modificat.'),
(778, '2014-08-21 03:05:56', 3, 55, '36', 'titular el registre', 2, 'Modificat name.'),
(779, '2014-08-21 03:06:12', 3, 55, '37', 'pertànyer', 2, 'Modificat name.'),
(780, '2014-08-21 03:06:25', 3, 55, '39', 'representar', 2, 'Modificat name.'),
(781, '2014-08-21 03:06:39', 3, 55, '40', 'oferir l''obra inmaterial', 2, 'Modificat name.'),
(782, '2014-08-21 03:06:54', 3, 55, '42', 'aparcar a', 2, 'Modificat name.'),
(783, '2014-08-21 10:01:22', 3, 73, '3', ' (h * 5 = €) (h * 5 = €)', 1, ''),
(784, '2014-08-21 10:02:50', 3, 73, '3', ' (h * 5 = €) (h * 5.000 = eco)', 2, 'Modificat out_unit.'),
(785, '2014-08-21 10:03:00', 3, 73, '3', ' (h * 5.000 = eco) (h * 5.000 = eco)', 2, 'Modificat name.'),
(786, '2014-08-21 10:09:33', 3, 73, '3', 'Hora * 5.000 = EcoCoop', 2, 'Cap camp modificat.'),
(787, '2014-08-21 10:09:37', 3, 73, '3', 'Hora * 5.000 = EcoCoop', 2, 'Cap camp modificat.'),
(788, '2014-08-21 10:10:28', 3, 73, '3', 'Hora * 5.000 = EcoCoop', 2, 'Modificat name.'),
(789, '2014-08-21 10:11:05', 3, 73, '3', 'Hora * 5.000 = EcoCoop', 2, 'Cap camp modificat.'),
(790, '2014-08-21 10:13:27', 3, 70, '58', 'equivalencia Temps - Moneda', 1, ''),
(791, '2014-08-21 10:13:51', 3, 73, '3', 'Hora * 5.000 = EcoCoop', 2, 'Modificat record_type.'),
(792, '2014-08-21 10:14:19', 3, 70, '16', 'compte CES (AccountCes)', 2, 'Modificat name.'),
(793, '2014-08-21 10:14:27', 3, 70, '17', 'compte Criptomoneda (AccountCrypto)', 2, 'Modificat name.'),
(794, '2014-08-21 10:14:33', 3, 70, '18', 'compte Bancari (AccountCrypto)', 2, 'Modificat name.'),
(795, '2014-08-21 10:16:47', 3, 70, '59', 'equivalencia Moneda - Moneda', 1, ''),
(796, '2014-08-21 10:20:21', 3, 70, '60', 'equivalencia Àrea - Àrea', 1, ''),
(797, '2014-08-21 10:22:41', 3, 70, '61', 'equivalencia Temps - Temps', 1, ''),
(798, '2014-08-21 10:25:05', 3, 73, '3', 'EcoCoop * 5.000 = Hora', 2, 'Modificat in_unit, out_unit i name.'),
(799, '2014-08-21 10:26:05', 3, 70, '58', 'equivalencia Moneda - Temps', 2, 'Modificat name.'),
(800, '2014-08-21 10:27:33', 3, 73, '4', 'EcoCoop * 1 = Euro', 1, ''),
(801, '2014-08-21 10:28:01', 3, 73, '3', 'EcoCoop * 5 = Hora', 2, 'Modificat name.'),
(802, '2014-08-21 10:40:07', 3, 98, '34', 'reg Sessió MonedaSocial (socialcoin_session)', 1, ''),
(803, '2014-08-21 10:42:13', 3, 98, '35', 'quota alta Individual ((30_€))', 1, ''),
(804, '2014-08-21 10:43:12', 3, 98, '36', 'quota alta Col·lectiva ((60_€))', 1, ''),
(805, '2014-08-21 10:43:49', 3, 98, '35', 'quota alta Individual ((30_eco))', 2, 'Modificat clas.'),
(806, '2014-08-21 10:43:56', 3, 98, '36', 'quota alta Col·lectiva ((60_eco))', 2, 'Modificat clas.'),
(807, '2014-08-21 10:46:55', 3, 83, '3', 'quota alta Individual: bumbum (Sebas) [6.00 h] > CIC', 2, 'Modificat record_type.'),
(808, '2014-08-21 10:47:11', 3, 83, '1', 'quota alta Col·lectiva: EA (Ecoxarxanoia) [30.00 riu] > CIC', 2, 'Modificat record_type.'),
(809, '2014-08-21 11:16:22', 3, 83, '3', 'quota alta Individual: bumbum (Sebas) [6.00 h] > CIC', 2, 'Cap camp modificat.'),
(810, '2014-08-21 11:46:46', 3, 83, '3', 'quota alta Individual: bumbum (Sebas) [None h] > CIC', 2, 'Modificat amount.'),
(811, '2014-08-21 12:15:25', 3, 83, '3', 'quota alta Individual: bumbum (Sebas) [30 h] > CIC', 2, 'Cap camp modificat.'),
(812, '2014-08-21 12:28:21', 3, 83, '3', 'quota alta Individual: bumbum (Sebas) [6.0 h] > CIC', 2, 'Modificat amount.'),
(813, '2014-08-21 12:28:47', 3, 83, '3', 'quota alta Individual: bumbum (Sebas) [30.0 €] > CIC', 2, 'Modificat unit i amount.'),
(814, '2014-08-21 12:28:56', 3, 83, '3', 'quota alta Individual: bumbum (Sebas) [6.0 h] > CIC', 2, 'Modificat unit.'),
(815, '2014-08-21 12:43:18', 3, 83, '3', 'quota alta Individual: bumbum (Sebas) [30.0 €] > CIC', 2, 'Modificat unit.'),
(816, '2014-08-21 12:43:23', 3, 83, '3', 'quota alta Individual: bumbum (Sebas) [6.0 h] > CIC', 2, 'Modificat unit.'),
(817, '2014-08-21 12:43:29', 3, 83, '3', 'quota alta Individual: bumbum (Sebas) [30.0 eco] > CIC', 2, 'Modificat unit.'),
(818, '2014-08-21 12:43:34', 3, 83, '3', 'quota alta Individual: bumbum (Sebas) [30.0 riu] > CIC', 2, 'Modificat unit.'),
(819, '2014-08-21 12:43:47', 3, 83, '3', 'quota alta Individual: bumbum (Sebas) [6.0 h] > CIC', 2, 'Modificat unit.'),
(820, '2014-08-21 12:46:02', 3, 83, '3', 'quota alta Individual: bumbum (Sebas) [30.0 eco] > CIC', 2, 'Modificat unit.'),
(821, '2014-08-21 12:46:12', 3, 83, '3', 'quota alta Individual: bumbum (Sebas) [30.0 €] > CIC', 2, 'Modificat unit.'),
(822, '2014-08-21 12:46:22', 3, 83, '3', 'quota alta Individual: bumbum (Sebas) [6.0 h] > CIC', 2, 'Modificat unit.'),
(823, '2014-08-21 12:48:39', 3, 83, '3', 'quota alta Individual: bumbum (Sebas) [6.0 h] > CIC', 2, 'Cap camp modificat.'),
(824, '2014-08-21 12:48:47', 3, 83, '3', 'quota alta Individual: bumbum (Sebas) [30.0 eco] > CIC', 2, 'Modificat unit.'),
(825, '2014-08-21 12:49:26', 3, 83, '3', 'quota alta Individual: bumbum (Sebas) [30.0 eco] > CIC', 2, 'Cap camp modificat.'),
(826, '2014-08-21 12:49:30', 3, 83, '3', 'quota alta Individual: bumbum (Sebas) [30.0 €] > CIC', 2, 'Modificat unit.'),
(827, '2014-08-21 12:49:36', 3, 83, '3', 'quota alta Individual: bumbum (Sebas) [6.0 h] > CIC', 2, 'Modificat unit.'),
(828, '2014-08-21 12:50:04', 3, 83, '3', 'quota alta Individual: bumbum (Sebas) [30.0 riu] > CIC', 2, 'Modificat unit.'),
(829, '2014-08-21 12:52:27', 3, 83, '3', 'quota alta Individual: bumbum (Sebas) [6.0 h] > CIC', 2, 'Modificat unit.'),
(830, '2014-08-21 12:56:14', 3, 83, '1', 'quota alta Col·lectiva: EA (Ecoxarxanoia) [60.0 €] > CIC', 2, 'Modificat unit.'),
(831, '2014-08-21 12:56:23', 3, 83, '1', 'quota alta Col·lectiva: EA (Ecoxarxanoia) [60.0 riu] > CIC', 2, 'Modificat unit.'),
(832, '2014-08-21 12:56:29', 3, 83, '1', 'quota alta Col·lectiva: EA (Ecoxarxanoia) [12.0 h] > CIC', 2, 'Modificat unit.'),
(833, '2014-08-21 13:09:19', 3, 83, '1', 'quota alta Col·lectiva: EA (Ecoxarxanoia) [60.0 eco] > CIC', 2, 'Modificat unit.'),
(834, '2014-08-21 13:35:14', 3, 83, '1', 'quota alta Col·lectiva: EA (Ecoxarxanoia) [60.0 riu] > CIC', 2, 'Modificat unit.'),
(835, '2014-08-21 13:37:08', 3, 73, '5', 'EcoCoop * 1 = Riu', 1, ''),
(836, '2014-08-21 13:43:20', 3, 73, '5', 'Riu * 1.000 = EcoCoop', 2, 'Modificat in_unit i out_unit.'),
(837, '2014-08-21 13:43:27', 3, 73, '5', 'Riu * 1.000 = EcoCoop', 2, 'Modificat name.'),
(838, '2014-08-21 13:48:55', 3, 73, '5', 'Riu * 2.000 = EcoCoop', 2, 'Modificat rate i name.'),
(839, '2014-08-21 13:49:02', 3, 73, '5', 'Riu * 2.000 = EcoCoop', 2, 'Cap camp modificat.'),
(840, '2014-08-21 13:49:42', 3, 83, '1', 'quota alta Col·lectiva: EA (Ecoxarxanoia) [120.0 riu] > CIC', 2, 'Cap camp modificat.'),
(841, '2014-08-21 13:49:56', 3, 83, '1', 'quota alta Col·lectiva: EA (Ecoxarxanoia) [60.0 eco] > CIC', 2, 'Modificat unit.'),
(842, '2014-08-21 13:50:00', 3, 83, '1', 'quota alta Col·lectiva: EA (Ecoxarxanoia) [60.0 €] > CIC', 2, 'Modificat unit.'),
(843, '2014-08-21 13:50:04', 3, 83, '1', 'quota alta Col·lectiva: EA (Ecoxarxanoia) [12.0 h] > CIC', 2, 'Modificat unit.'),
(844, '2014-08-21 13:50:09', 3, 83, '1', 'quota alta Col·lectiva: EA (Ecoxarxanoia) [120.0 riu] > CIC', 2, 'Modificat unit.'),
(845, '2014-08-21 13:52:13', 3, 73, '5', 'Riu * 1 = EcoCoop', 2, 'Modificat rate i name.'),
(846, '2014-08-21 13:54:03', 3, 73, '5', 'Riu * 1 = Euro', 2, 'Modificat out_unit i name.'),
(847, '2014-08-21 13:54:07', 3, 73, '5', 'Riu * 1.000 = Euro', 2, 'Cap camp modificat.'),
(848, '2014-08-21 14:02:49', 3, 73, '5', 'Riu * 2.000 = Euro', 2, 'Modificat rate i name.'),
(849, '2014-08-21 14:07:31', 3, 73, '4', 'EcoCoop * 0.8 = Euro', 2, 'Modificat rate i name.'),
(850, '2014-08-21 14:08:23', 3, 73, '5', 'Riu * 1 = Euro', 2, 'Modificat rate i name.'),
(851, '2014-08-21 14:08:59', 3, 83, '1', 'quota alta Col·lectiva: EA (Ecoxarxanoia) [75.0 riu] > CIC', 2, 'Cap camp modificat.'),
(852, '2014-08-21 14:09:08', 3, 83, '1', 'quota alta Col·lectiva: EA (Ecoxarxanoia) [75.0 €] > CIC', 2, 'Modificat unit.'),
(853, '2014-08-21 14:09:20', 3, 83, '1', 'quota alta Col·lectiva: EA (Ecoxarxanoia) [60.0 eco] > CIC', 2, 'Modificat unit.'),
(854, '2014-08-21 14:09:25', 3, 83, '1', 'quota alta Col·lectiva: EA (Ecoxarxanoia) [12.0 h] > CIC', 2, 'Modificat unit.'),
(855, '2014-08-21 14:09:31', 3, 83, '1', 'quota alta Col·lectiva: EA (Ecoxarxanoia) [75.0 riu] > CIC', 2, 'Modificat unit.'),
(856, '2014-08-21 14:10:01', 3, 73, '4', 'EcoCoop * 1 = Euro', 2, 'Modificat rate i name.'),
(857, '2014-08-21 14:10:46', 3, 73, '5', 'Riu * 0.9 = Euro', 2, 'Modificat rate i name.'),
(858, '2014-08-21 14:10:59', 3, 83, '1', 'quota alta Col·lectiva: EA (Ecoxarxanoia) [54.0 riu] > CIC', 2, 'Cap camp modificat.'),
(859, '2014-08-21 14:11:06', 3, 83, '1', 'quota alta Col·lectiva: EA (Ecoxarxanoia) [60.0 €] > CIC', 2, 'Modificat unit.'),
(860, '2014-08-21 14:11:11', 3, 83, '1', 'quota alta Col·lectiva: EA (Ecoxarxanoia) [60.0 eco] > CIC', 2, 'Modificat unit.'),
(861, '2014-08-21 14:11:15', 3, 83, '1', 'quota alta Col·lectiva: EA (Ecoxarxanoia) [54.0 riu] > CIC', 2, 'Modificat unit.'),
(862, '2014-08-21 14:11:39', 3, 73, '5', 'Riu * 1 = Euro', 2, 'Modificat rate i name.'),
(863, '2014-08-21 14:16:30', 3, 83, '1', 'quota alta Col·lectiva: EA (Ecoxarxanoia) [60.0 riu] > CIC', 2, 'Cap camp modificat.'),
(864, '2014-08-21 14:18:37', 3, 83, '1', 'quota alta Col·lectiva: EA (Ecoxarxanoia) [60.0 riu] > CIC', 2, 'Cap camp modificat.'),
(865, '2014-08-21 14:18:44', 3, 83, '1', 'quota alta Col·lectiva: EA (Ecoxarxanoia) [12.0 h] > CIC', 2, 'Modificat unit.'),
(866, '2014-08-21 14:19:08', 3, 83, '3', 'quota alta Individual: bumbum (Sebas) [30.0 €] > CIC', 2, 'Modificat unit.'),
(867, '2014-08-21 14:19:11', 3, 83, '3', 'quota alta Individual: bumbum (Sebas) [30.0 eco] > CIC', 2, 'Modificat unit.'),
(868, '2014-08-21 14:19:16', 3, 83, '3', 'quota alta Individual: bumbum (Sebas) [30.0 riu] > CIC', 2, 'Modificat unit.'),
(869, '2014-08-21 14:19:21', 3, 83, '3', 'quota alta Individual: bumbum (Sebas) [6.0 h] > CIC', 2, 'Modificat unit.'),
(870, '2014-08-21 14:19:33', 3, 83, '3', 'quota alta Individual: bumbum (Sebas) [6.0 h] > CIC', 2, 'Cap camp modificat.'),
(871, '2014-08-21 14:48:17', 3, 83, '1', 'quota alta Col·lectiva: EA (Ecoxarxanoia) [12.0 h] > CIC', 2, 'Modificat name.'),
(872, '2014-08-21 15:16:54', 3, 100, '5', 'alta Soci Afí Individual: Marta (tuccia)', 2, 'Modificat ic_membership.'),
(873, '2014-08-21 15:17:00', 3, 100, '5', 'alta Soci Afí Individual: Marta (tuccia)', 2, 'Cap camp modificat.'),
(874, '2014-08-21 15:24:57', 4, 37, '18', 'Marta (tuccia)', 2, 'Cap camp modificat.'),
(875, '2014-08-21 15:53:13', 3, 63, '2', 'formació Moneda Social', 2, 'Modificat name.'),
(876, '2014-08-21 15:53:33', 3, 63, '1', 'formació d''Acollida Autoocupats', 2, 'Modificat name.'),
(877, '2014-08-21 15:54:09', 3, 81, '15', 'formació d''Acollida Autoocupats: 2014-08-21 (Sebas) AureaSocial', 2, 'Cap camp modificat.'),
(878, '2014-08-21 15:54:12', 3, 81, '15', 'formació d''Acollida Autoocupats: 2014-08-21 (Sebas) AureaSocial', 2, 'Cap camp modificat.'),
(879, '2014-08-21 15:56:30', 3, 63, '1', 'formació Acollida Autoocupats', 2, 'Modificat name.'),
(880, '2014-08-21 15:56:41', 3, 81, '15', 'formació Acollida Autoocupats: 2014-08-21 (Sebas) AureaSocial', 2, 'Cap camp modificat.'),
(881, '2014-08-21 15:57:17', 3, 63, '1', 'Acollida Autoocupats', 2, 'Modificat name.'),
(882, '2014-08-21 15:57:52', 3, 81, '15', 'Acollida Autoocupats: 2014-08-21 (Sebas) AureaSocial', 2, 'Cap camp modificat.'),
(883, '2014-08-21 15:57:55', 3, 81, '15', 'Acollida Autoocupats: 2014-08-21 (Sebas) AureaSocial', 2, 'Cap camp modificat.'),
(884, '2014-08-21 15:58:53', 3, 63, '1', 'acollida Autoocupats', 2, 'Modificat name.'),
(885, '2014-08-21 15:59:09', 3, 81, '15', 'acollida Autoocupats: 2014-08-21 (Sebas) AureaSocial', 2, 'Cap camp modificat.'),
(886, '2014-08-21 15:59:13', 3, 81, '15', 'acollida Autoocupats: 2014-08-21 (Sebas) AureaSocial', 2, 'Cap camp modificat.'),
(887, '2014-08-21 16:01:04', 4, 37, '18', 'Marta (tuccia)', 2, 'Cap camp modificat.'),
(888, '2014-08-21 16:02:21', 4, 37, '18', 'Marta (tuccia)', 2, 'Cap camp modificat.'),
(889, '2014-08-21 16:04:44', 3, 4, '4', 'tuccia', 2, 'Modificat groups.'),
(890, '2014-08-21 16:30:12', 3, 4, '6', 'creant', 3, ''),
(891, '2014-08-21 16:43:18', 3, 4, '7', 'creant', 3, ''),
(892, '2014-08-21 16:51:37', 3, 38, '23', 'C.R.E.A.N.T.', 3, ''),
(893, '2014-08-21 16:51:49', 3, 38, '21', 'C.R.E.A.N.T.', 3, ''),
(894, '2014-08-21 16:57:43', 3, 4, '8', 'creant', 3, ''),
(895, '2014-08-21 16:58:10', 3, 38, '25', 'C.R.E.A.N.T.', 3, ''),
(896, '2014-08-21 17:16:41', 3, 38, '27', 'C.R.E.A.N.T.', 3, ''),
(897, '2014-08-21 17:18:16', 3, 37, '26', ' Fresh (seb)', 3, ''),
(898, '2014-08-21 17:18:16', 3, 37, '24', ' Fresh (seb)', 3, ''),
(899, '2014-08-21 17:18:16', 3, 37, '22', ' Fresh (seb)', 3, ''),
(900, '2014-08-21 17:18:16', 3, 37, '20', ' Fresh (seb)', 3, ''),
(901, '2014-08-21 17:18:43', 3, 4, '9', 'creant', 3, ''),
(902, '2014-08-21 17:23:04', 3, 37, '28', 'Sebb Fresh (seb)', 2, 'Modificat name.'),
(903, '2014-08-21 17:26:09', 3, 3, '4', 'iC_Project_Membership', 2, 'Modificat permissions.'),
(905, '2014-08-21 17:34:56', 3, 37, '28', 'Sebb Fresh (seb)', 3, ''),
(906, '2014-08-21 17:35:10', 3, 38, '29', 'C.R.E.A.N.T.', 3, ''),
(907, '2014-08-21 17:35:27', 3, 4, '10', 'creant', 3, ''),
(908, '2014-08-21 18:58:31', 3, 37, '30', 'Sebb Fresh (seb)', 2, 'Modificat name.'),
(909, '2014-08-21 18:58:38', 3, 37, '30', 'Sebb Fresh (seb)', 3, ''),
(910, '2014-08-21 18:59:14', 3, 38, '31', 'ColectiuRural', 3, ''),
(911, '2014-08-21 18:59:52', 3, 4, '11', 'seb', 3, ''),
(912, '2014-08-21 19:07:48', 3, 37, '32', ' Fresh (seb)', 3, ''),
(913, '2014-08-21 19:08:03', 3, 38, '33', 'c.r.e.a.n.t.', 3, ''),
(914, '2014-08-21 19:08:14', 3, 4, '12', 'seb', 3, ''),
(915, '2014-08-21 19:37:12', 3, 37, '34', ' Fresh (seb)', 3, ''),
(916, '2014-08-21 19:37:32', 3, 38, '35', 'c.r.e.a.n.t.', 3, ''),
(917, '2014-08-21 19:37:41', 3, 4, '13', 'seb', 3, ''),
(918, '2014-08-21 19:45:22', 3, 98, '35', 'quota alta Individual ((30_eco) individual)', 2, 'Modificat clas.'),
(919, '2014-08-21 19:46:33', 3, 98, '36', 'quota alta Col·lectiva ((60_eco) collective)', 2, 'Modificat clas.'),
(920, '2014-08-21 19:50:06', 3, 37, '36', ' Fresh (seb)', 3, ''),
(921, '2014-08-21 19:50:17', 3, 38, '37', 'c.r.e.a.n.t.', 3, ''),
(922, '2014-08-21 19:50:31', 3, 4, '14', 'seb', 3, ''),
(923, '2014-08-21 20:11:48', 3, 37, '38', ' Fresh (seb)', 3, ''),
(924, '2014-08-21 20:12:02', 3, 38, '39', 'c.r.e.a.n.t.', 3, ''),
(925, '2014-08-21 20:12:14', 3, 4, '15', 'seb', 3, ''),
(926, '2014-08-22 00:17:51', 3, 4, '16', 'seb', 3, ''),
(927, '2014-08-22 00:18:15', 3, 37, '40', 'anonymous Fresh (seb)', 3, ''),
(928, '2014-08-22 00:20:56', 3, 37, '41', 'anonymous Fresh (seb)', 3, ''),
(929, '2014-08-22 00:21:11', 3, 4, '17', 'seb', 3, ''),
(930, '2014-08-22 00:25:35', 18, 83, '18', 'quota alta Individual: seb (anonymous) [6.0 h] > CIC', 2, 'Modificat unit.'),
(931, '2014-08-22 00:51:12', 18, 83, '18', 'quota alta Individual: seb (anonymous) [30.0 riu] > CIC', 2, 'Modificat unit.'),
(932, '2014-08-22 00:52:38', 18, 37, '42', 'Sebb Fresh (seb)', 2, 'Modificat name.'),
(933, '2014-08-22 01:13:16', 3, 37, '43', 'anonymous Cia (tuc)', 3, ''),
(934, '2014-08-22 01:13:31', 3, 38, '44', 'c.r.e.a.n.t.', 3, ''),
(935, '2014-08-22 01:13:43', 3, 4, '19', 'tuc', 3, ''),
(936, '2014-08-22 01:17:26', 3, 83, '21', 'quota alta Col·lectiva: tuc (anonymous) [60.0 €] > CIC', 2, 'Cap camp modificat.'),
(938, '2014-08-22 01:31:59', 3, 83, '21', 'quota alta Col·lectiva: tuc (Tuc) [60.00 €] > CIC', 3, ''),
(939, '2014-08-22 01:32:12', 3, 37, '45', 'Tuc Cia (tuc)', 3, ''),
(940, '2014-08-22 01:32:31', 3, 38, '46', 'c.r.e.a.n.t.', 3, ''),
(941, '2014-08-22 01:32:41', 3, 4, '20', 'tuc', 3, ''),
(942, '2014-08-22 01:33:58', 3, 4, '21', 'tuc', 3, ''),
(943, '2014-08-22 01:34:28', 3, 38, '48', 'c.r.e.a.n.t.', 3, ''),
(944, '2014-08-22 01:34:50', 3, 37, '47', 'anonymous Cia (tuc)', 3, ''),
(945, '2014-08-22 01:42:08', 3, 83, '24', 'quota alta Col·lectiva: c.r.e.a.n.t. [60.00 €] > CIC', 3, ''),
(946, '2014-08-22 01:42:42', 3, 38, '50', 'c.r.e.a.n.t.', 3, ''),
(947, '2014-08-22 01:42:55', 3, 37, '49', 'anonymous Cia (tuc)', 3, ''),
(948, '2014-08-22 01:43:13', 3, 4, '22', 'tuc', 3, ''),
(955, '2014-08-22 03:10:49', 3, 83, '25', 'quota alta Col·lectiva: c.r.e.a.n.t. (Col·lectiu Rural i Ecològic d''Arts i Natura per la Transformació) [12.0 h] > CIC', 2, 'Cap camp modificat.'),
(956, '2014-08-22 03:12:18', 3, 102, '26', 'alta Proj. Col·lectiu: c.r.e.a.n.t. (Col·lectiu Rural i Ecològic d''Arts i Natura per la Transformació)', 2, 'Cap camp modificat.'),
(957, '2014-08-22 03:13:49', 3, 83, '25', 'quota alta Col·lectiva: c.r.e.a.n.t. (Col·lectiu Rural i Ecològic d''Arts i Natura per la Transformació) [12.0 h] > CIC', 2, 'Cap camp modificat.'),
(958, '2014-08-22 03:30:27', 3, 38, '52', 'c.r.e.a.n.t. (Col·lectiu Rural i Ecològic d''Arts i Natura per la Transformació)', 3, ''),
(959, '2014-08-22 03:30:41', 3, 37, '51', 'Tuc Cia (tuc)', 3, ''),
(960, '2014-08-22 03:31:32', 3, 4, '23', 'tuc', 3, ''),
(961, '2014-08-22 03:32:05', 3, 101, '19', 'alta Soci Coop. Individual: seb (Sebb)', 2, 'Modificat contribution.'),
(962, '2014-08-22 13:06:28', 3, 37, '4', 'Sebas (bumbum)', 2, 'Eliminat H_rec "compte CES: titulant el registre > compte CES: (eco) Cooperativa Integral Catalana (CIC) COOP0111".'),
(963, '2014-08-22 13:06:53', 3, 37, '4', 'Sebas (bumbum)', 2, 'Eliminat Compte CES "(eco) Sebas (bumbum) COOP0111".'),
(964, '2014-08-22 13:08:14', 3, 74, '1', '(eco) CIC (Cooperativa Integral Catalana) COOP0001', 2, 'Cap camp modificat.'),
(965, '2014-08-22 13:13:59', 3, 74, '1', '(eco) CIC (Cooperativa Integral Catalana) COOP0001', 2, 'Cap camp modificat.'),
(966, '2014-08-22 13:19:50', 3, 37, '4', 'Sebas (bumbum)', 2, 'Afegit Compte CES "(eco) Sebas (bumbum) COOP0111"'),
(967, '2014-08-22 13:22:25', 3, 37, '4', 'Sebas (bumbum)', 2, 'Eliminat Compte CES "(eco) Sebas (bumbum) COOP0111".'),
(968, '2014-08-22 13:25:15', 3, 37, '4', 'Sebas (bumbum)', 2, 'Afegit Compte CES "(eco) Sebas (bumbum) COOP0111"'),
(969, '2014-08-22 13:25:49', 3, 37, '4', 'Sebas (bumbum)', 2, 'Eliminat Compte CES "(eco) Sebas (bumbum) COOP0111".'),
(970, '2014-08-22 13:27:07', 3, 37, '4', 'Sebas (bumbum)', 2, 'Afegit Compte CES "(eco) Sebas (bumbum) COOP0111"'),
(971, '2014-08-22 13:28:47', 3, 37, '4', 'Sebas (bumbum)', 2, 'Eliminat Compte CES "(eco) Sebas (bumbum) COOP0111".'),
(972, '2014-08-22 13:38:13', 3, 55, '36', 'titular el registre (holder)', 2, 'Modificat clas.'),
(973, '2014-08-22 13:38:33', 3, 37, '4', 'Sebas (bumbum)', 2, 'Afegit Compte CES "(eco) Sebas (bumbum) COOP0111"'),
(974, '2014-08-22 13:39:39', 3, 37, '4', 'Sebas (bumbum)', 2, 'Eliminat Compte CES "(eco) Sebas (bumbum) COOP0111".'),
(975, '2014-08-22 13:52:10', 3, 37, '4', 'Sebas (bumbum)', 2, 'Afegit H_rec "equivalencia Moneda - Moneda: Riu * 1 = Euro"'),
(976, '2014-08-22 14:15:41', 3, 37, '4', 'Sebas (bumbum)', 2, 'Afegit Compte CES "(eco) Sebas (bumbum) COOP0111"'),
(977, '2014-08-22 14:18:18', 3, 37, '4', 'Sebas (bumbum)', 2, 'Eliminat Compte CES "(eco) Sebas (bumbum) COOP0111".'),
(978, '2014-08-22 14:19:52', 3, 37, '4', 'Sebas (bumbum)', 2, 'Modificat relation per a H_rec "equivalencia Moneda - Moneda: titulant el registre > equivalencia Moneda - Moneda: Riu * 1 = Euro".'),
(979, '2014-08-22 14:20:10', 3, 37, '4', 'Sebas (bumbum)', 2, 'Afegit Compte CES "(eco) Sebas (bumbum) COOP0111"'),
(980, '2014-08-22 14:31:15', 3, 37, '4', 'Sebas (bumbum)', 2, 'Eliminat Compte CES "(eco) Sebas (bumbum) COOP0111".'),
(981, '2014-08-22 14:31:41', 3, 37, '4', 'Sebas (bumbum)', 2, 'Afegit Compte CES "(eco) Sebas (bumbum) COOP0111"'),
(982, '2014-08-22 14:38:36', 3, 37, '4', 'Sebas (bumbum)', 2, 'Eliminat Compte CES "(eco) Sebas (bumbum) COOP0111".'),
(983, '2014-08-22 14:41:48', 3, 37, '4', 'Sebas (bumbum)', 2, 'Afegit Compte CES "(eco) Sebas (bumbum) COOP0111"'),
(984, '2014-08-22 14:43:12', 3, 37, '4', 'Sebas (bumbum)', 2, 'Eliminat Compte CES "(eco) Sebas (bumbum) COOP0111".'),
(985, '2014-08-22 14:43:28', 3, 37, '4', 'Sebas (bumbum)', 2, 'Afegit Compte CES "(eco) Sebas (bumbum) COOP0111"'),
(986, '2014-08-22 14:48:04', 3, 37, '4', 'Sebas (bumbum)', 2, 'Eliminat Compte CES "(eco) Sebas (bumbum) COOP0111".'),
(987, '2014-08-22 14:51:12', 3, 37, '4', 'Sebas (bumbum)', 2, 'Afegit Compte CES "(eco) Sebas (bumbum) COOP0111"'),
(988, '2014-08-22 15:03:56', 3, 37, '4', 'Sebas (bumbum)', 2, 'Eliminat Compte CES "(eco) Sebas (bumbum) COOP0111".'),
(989, '2014-08-22 15:20:43', 3, 37, '4', 'Sebas (bumbum)', 2, 'Afegit Compte CES "(eco) Sebas (bumbum) COOP0111"'),
(990, '2014-08-22 15:26:44', 3, 37, '4', 'Sebas (bumbum)', 2, 'Eliminat H_rec "compte CES: titulant el registre > compte CES: (eco) Sebas (bumbum) COOP0111".'),
(991, '2014-08-22 17:28:13', 3, 37, '4', 'Sebas (bumbum)', 2, 'Afegit Compte CES "(eco) Sebas (bumbum) COOP0111"'),
(992, '2014-08-22 17:29:04', 3, 74, '39', '(eco) bumbum (Sebas) COOP0111', 3, ''),
(993, '2014-08-22 17:33:07', 3, 61, '62', 'Planeta', 1, ''),
(994, '2014-08-22 17:33:18', 3, 60, '6', 'planeta Terra', 1, ''),
(995, '2014-08-22 17:33:43', 3, 71, '7', 'Criptomoneda: FairCoin', 1, ''),
(996, '2014-08-22 17:48:20', 3, 70, '18', 'compte Bancari (AccountBank)', 2, 'Modificat clas.'),
(997, '2014-08-22 17:48:28', 3, 37, '4', 'Sebas (bumbum)', 2, 'Afegit Compte Criptomoneda "(FAC) Sebas (bumbum) fPZ9NaANowe8PyWAJ3sLZY3cFzGbUyZca4"'),
(998, '2014-08-22 17:58:53', 3, 37, '4', 'Sebas (bumbum)', 2, 'Eliminat H_rec "equivalencia Moneda - Moneda: titulant el registre > equivalencia Moneda - Moneda: Riu * 1 = Euro".'),
(999, '2014-08-22 18:39:46', 3, 102, '2', 'alta Proj. Col·lectiu: EA (Ecoxarxanoia)', 2, 'Cap camp modificat.'),
(1000, '2014-08-22 19:00:29', 3, 83, '13', 'quota 2T: bumbum (Sebas) [30.00 eco] > CIC', 2, 'Modificat payment_date.'),
(1001, '2014-08-22 19:01:01', 3, 83, '14', 'quota 3T: bumbum (Sebas) [6.00 h] > CIC', 2, 'Modificat payment_date.'),
(1002, '2014-08-22 19:09:50', 3, 83, '14', 'quota 3T: bumbum (Sebas) [6.00 h] > CIC', 2, 'Modificat payment_date.'),
(1003, '2014-08-22 19:09:59', 3, 83, '8', 'quota 1T: bumbum (Sebas) [30.00 eco] > CIC', 2, 'Modificat payment_date.'),
(1004, '2014-08-22 19:10:02', 3, 79, '7', 'alta Proj. Autoocupat: COOP0111 (bumbum)', 2, 'Cap camp modificat.'),
(1005, '2014-08-22 19:16:07', 3, 102, '2', 'alta Proj. Col·lectiu: EA (Ecoxarxanoia)', 2, 'Cap camp modificat.'),
(1006, '2014-08-22 19:35:12', 3, 58, '2', 'Casa del Comú (pl. del Pilar - Igualada)', 2, 'Modificat jobs.'),
(1007, '2014-08-22 20:46:44', 3, 102, '2', 'alta Proj. Col·lectiu: EA (Ecoxarxanoia)', 2, 'Cap camp modificat.'),
(1008, '2014-08-22 21:22:41', 3, 40, '53', 'triodos (Triodos Bank)', 1, ''),
(1009, '2014-08-22 21:22:59', 3, 75, '43', '(€) XIPU (Xarxa Integral de Professionals i Usuaries)  - triodos (Triodos Bank)', 1, ''),
(1010, '2014-08-22 21:25:30', 3, 79, '7', 'alta Proj. Autoocupat: COOP0111 (bumbum)', 2, 'Modificat rel_accountBank i mentor_membership.'),
(1011, '2014-08-22 23:30:38', 3, 38, '17', 'EA (Ecoxarxanoia)', 2, 'Modificat main_address per a H_adr "gestionant l''espai > Casa del Comú (pl. del Pilar - Igualada)". Modificat main_address per a H_adr "utilitzant l''espai > AureaSocial (Sardenya 261-263 - Barcelona)".'),
(1012, '2014-08-23 00:02:42', 3, 37, '42', 'Sebb Fresh (seb)', 2, 'Afegit H_pro "(Xarxa Mundial) seguint > Revolució Integral"'),
(1013, '2014-08-23 00:19:30', 3, 37, '42', 'seb', 2, 'Cap camp modificat.'),
(1014, '2014-08-23 01:00:29', 3, 37, '4', 'Sebas (bumbum)', 2, 'Afegit H_adr "treballant a > pis de mallorca (Mallorca, 450 - Barcelona)"'),
(1015, '2014-08-23 01:02:25', 3, 58, '3', 'pis de mallorca (Mallorca, 450 - Barcelona)', 2, 'Modificat jobs.'),
(1016, '2014-08-23 01:08:39', 3, 58, '3', 'pis de mallorca (Mallorca, 450 - Barcelona)', 2, 'Cap camp modificat.'),
(1017, '2014-08-23 01:23:16', 3, 58, '3', 'pis de mallorca (Mallorca, 450 - Barcelona)', 2, 'Modificat jobs.'),
(1018, '2014-08-23 01:24:11', 3, 58, '3', 'pis de mallorca (Mallorca, 450 - Barcelona)', 2, 'Cap camp modificat.'),
(1019, '2014-08-23 01:51:03', 3, 56, '4', 'Transport', 1, ''),
(1020, '2014-08-23 01:53:44', 3, 55, '54', 'servir per', 1, ''),
(1021, '2014-08-23 01:53:52', 3, 68, '1', '(Cotxe) peugeot 306', 2, 'Afegit M_ofi "servint per > Transport"'),
(1022, '2014-08-23 01:56:48', 3, 68, '1', '(Cotxe) peugeot 306', 2, 'Cap camp modificat.'),
(1023, '2014-08-23 02:12:51', 3, 39, '22', 'Ecoxarxa (ces)', 2, 'Modificat clas.'),
(1024, '2014-08-23 02:13:06', 3, 39, '24', 'Cooperativa Integral (ces)', 2, 'Modificat clas.'),
(1025, '2014-08-23 02:17:07', 3, 37, '4', 'Sebas (bumbum)', 2, 'Cap camp modificat.'),
(1026, '2014-08-23 02:37:43', 3, 37, '4', 'Sebas (bumbum)', 2, 'Cap camp modificat.'),
(1027, '2014-08-23 02:38:15', 3, 83, '8', 'quota 1T: bumbum (Sebas) [30.00 eco] > CIC', 2, 'Modificat payment_date.'),
(1028, '2014-08-23 02:58:32', 3, 101, '4', 'COOP0111 (bumbum)', 2, 'Modificat expositors.'),
(1029, '2014-08-23 03:01:24', 3, 101, '4', 'COOP0111 (bumbum)', 2, 'Cap camp modificat.'),
(1030, '2014-08-23 03:22:29', 3, 101, '4', 'COOP0111 (bumbum)', 2, 'Modificat expositors.'),
(1031, '2014-08-23 13:11:13', 3, 39, '63', 'Online (online)', 1, ''),
(1032, '2014-08-23 13:12:03', 3, 39, '27', 'Cooperatiu Col·lectiu', 2, 'Modificat parent.'),
(1033, '2014-08-23 13:12:14', 3, 39, '28', 'Grup de Consum', 2, 'Modificat parent.'),
(1034, '2014-08-23 18:08:08', 3, 83, '3', 'quota alta Individual: bumbum (Sebas) [30.0 eco]', 2, 'Modificat unit i payment_date.');
INSERT INTO `django_admin_log` (`id`, `action_time`, `user_id`, `content_type_id`, `object_id`, `object_repr`, `action_flag`, `change_message`) VALUES
(1035, '2014-08-23 18:08:18', 3, 101, '4', 'COOP0111 (bumbum)', 2, 'Cap camp modificat.'),
(1036, '2014-08-23 18:11:21', 3, 58, '3', 'pis de mallorca (Mallorca, 450 - Barcelona)', 2, 'Cap camp modificat.'),
(1037, '2014-08-23 18:11:39', 3, 88, '9', 'bumbum (Sebas): pis de mallorca', 2, 'Cap camp modificat.'),
(1038, '2014-08-23 18:13:20', 18, 37, '42', 'Sebb Fresh (seb)', 2, 'Afegit H_pro "(Ecoxarxa) contribuint puntualment > Ecoxarxanoia"'),
(1039, '2014-08-23 18:15:45', 3, 81, '15', 'acollida Autoocupats: 2014-08-21 (Sebas) AureaSocial', 2, 'Modificat assistants.'),
(1040, '2014-08-23 18:49:48', 3, 102, '2', 'alta Proj. Col·lectiu: EA (Ecoxarxanoia)', 2, 'Modificat expositors.'),
(1041, '2014-08-24 00:14:48', 3, 102, '2', 'alta Proj. Col·lectiu: EA (Ecoxarxanoia)', 2, 'Modificat expositors.'),
(1042, '2014-08-24 00:17:19', 3, 102, '2', 'alta Proj. Col·lectiu: EA (Ecoxarxanoia)', 2, 'Modificat expositors.'),
(1043, '2014-08-24 00:17:25', 3, 102, '2', 'alta Proj. Col·lectiu: EA (Ecoxarxanoia)', 2, 'Modificat expositors.'),
(1044, '2014-08-24 00:17:33', 3, 102, '2', 'alta Proj. Col·lectiu: EA (Ecoxarxanoia)', 2, 'Modificat expositors.'),
(1045, '2014-08-24 00:25:51', 3, 102, '2', 'alta Proj. Col·lectiu: EA (Ecoxarxanoia)', 2, 'Modificat expositors.'),
(1046, '2014-08-24 00:33:19', 3, 102, '2', 'alta Proj. Col·lectiu: EA (Ecoxarxanoia)', 2, 'Modificat project i expositors.'),
(1047, '2014-08-24 00:33:28', 3, 102, '2', 'alta Proj. Col·lectiu: EA (Ecoxarxanoia)', 2, 'Modificat project.'),
(1048, '2014-08-24 00:33:36', 3, 102, '2', 'alta Proj. Col·lectiu: EA (Ecoxarxanoia)', 2, 'Modificat project.'),
(1049, '2014-08-24 00:33:41', 3, 102, '2', 'alta Proj. Col·lectiu: EA (Ecoxarxanoia)', 2, 'Modificat project.'),
(1050, '2014-08-24 01:03:26', 3, 102, '2', 'alta Proj. Col·lectiu: EA (Ecoxarxanoia)', 2, 'Modificat expositors.'),
(1051, '2014-08-24 01:03:48', 3, 102, '2', 'alta Proj. Col·lectiu: EA (Ecoxarxanoia)', 2, 'Modificat expositors.'),
(1052, '2014-08-24 01:05:04', 3, 102, '2', 'alta Proj. Col·lectiu: EA (Ecoxarxanoia)', 2, 'Modificat expositors.'),
(1053, '2014-08-24 01:05:44', 3, 102, '2', 'alta Proj. Col·lectiu: EA (Ecoxarxanoia)', 2, 'Modificat expositors.'),
(1054, '2014-08-24 01:05:58', 3, 102, '2', 'alta Proj. Col·lectiu: EA (Ecoxarxanoia)', 2, 'Modificat expositors.'),
(1055, '2014-08-24 01:05:58', 3, 102, '2', 'alta Proj. Col·lectiu: EA (Ecoxarxanoia)', 2, 'Cap camp modificat.'),
(1056, '2014-08-24 01:06:04', 3, 102, '2', 'alta Proj. Col·lectiu: EA (Ecoxarxanoia)', 2, 'Cap camp modificat.'),
(1057, '2014-08-24 01:06:04', 3, 102, '2', 'alta Proj. Col·lectiu: EA (Ecoxarxanoia)', 2, 'Cap camp modificat.'),
(1058, '2014-08-24 01:06:16', 3, 102, '2', 'alta Proj. Col·lectiu: EA (Ecoxarxanoia)', 2, 'Modificat expositors.'),
(1059, '2014-08-24 01:06:17', 3, 102, '2', 'alta Proj. Col·lectiu: EA (Ecoxarxanoia)', 2, 'Cap camp modificat.'),
(1060, '2014-08-24 01:06:31', 3, 102, '2', 'alta Proj. Col·lectiu: EA (Ecoxarxanoia)', 2, 'Cap camp modificat.'),
(1061, '2014-08-24 01:06:31', 3, 102, '2', 'alta Proj. Col·lectiu: EA (Ecoxarxanoia)', 2, 'Cap camp modificat.'),
(1062, '2014-08-24 01:06:34', 3, 102, '2', 'alta Proj. Col·lectiu: EA (Ecoxarxanoia)', 2, 'Cap camp modificat.'),
(1063, '2014-08-24 01:06:35', 3, 102, '2', 'alta Proj. Col·lectiu: EA (Ecoxarxanoia)', 2, 'Cap camp modificat.'),
(1064, '2014-08-24 01:06:49', 3, 102, '2', 'alta Proj. Col·lectiu: EA (Ecoxarxanoia)', 2, 'Modificat project.'),
(1065, '2014-08-24 01:06:49', 3, 102, '2', 'alta Proj. Col·lectiu: EA (Ecoxarxanoia)', 2, 'Cap camp modificat.'),
(1066, '2014-08-24 01:07:17', 3, 102, '2', 'alta Proj. Col·lectiu: EA (Ecoxarxanoia)', 2, 'Modificat project.'),
(1067, '2014-08-24 01:07:17', 3, 102, '2', 'alta Proj. Col·lectiu: EA (Ecoxarxanoia)', 2, 'Cap camp modificat.'),
(1068, '2014-08-24 01:09:10', 3, 102, '2', 'alta Proj. Col·lectiu: EA (Ecoxarxanoia)', 2, 'Modificat expositors.'),
(1069, '2014-08-24 01:09:11', 3, 102, '2', 'alta Proj. Col·lectiu: EA (Ecoxarxanoia)', 2, 'Modificat expositors.'),
(1070, '2014-08-24 01:17:08', 3, 102, '2', 'alta Proj. Col·lectiu: EA (Ecoxarxanoia)', 2, 'Modificat expositors.'),
(1071, '2014-08-24 01:17:09', 3, 102, '2', 'alta Proj. Col·lectiu: EA (Ecoxarxanoia)', 2, 'Cap camp modificat.'),
(1072, '2014-08-24 01:33:50', 3, 102, '2', 'alta Proj. Col·lectiu: EA (Ecoxarxanoia)', 2, 'Modificat expositors.'),
(1073, '2014-08-24 01:33:57', 3, 102, '2', 'alta Proj. Col·lectiu: EA (Ecoxarxanoia)', 2, 'Modificat expositors.'),
(1074, '2014-08-24 16:34:54', 3, 102, '2', 'alta Proj. Col·lectiu: EA (Ecoxarxanoia)', 2, 'Modificat expositors.'),
(1075, '2014-08-24 16:35:32', 3, 102, '2', 'alta Proj. Col·lectiu: EA (Ecoxarxanoia)', 2, 'Modificat expositors.'),
(1076, '2014-08-24 17:46:42', 3, 58, '1', 'AureaSocial (Sardenya 261-263 - Barcelona)', 2, 'Cap camp modificat.'),
(1077, '2014-08-24 17:59:05', 3, 37, '4', 'Sebas (bumbum)', 2, 'Modificat address per a H_adr "treballant a > AureaSocial (Sardenya 261-263 - Barcelona)".'),
(1078, '2014-08-24 17:59:39', 3, 37, '4', 'Sebas (bumbum)', 2, 'Modificat address per a H_adr "treballant a > pis de mallorca (Mallorca, 450 - Barcelona)".'),
(1079, '2014-08-24 18:07:42', 3, 37, '4', 'Sebas (bumbum)', 2, 'Modificat address per a H_adr "treballant a > Casa del Comú (pl. del Pilar - Igualada)".'),
(1080, '2014-08-24 18:11:34', 3, 37, '4', 'Sebas (bumbum)', 2, 'Afegit H_pro "(Ecoxarxa) rel? > Ecoxarxanoia"'),
(1081, '2014-08-24 18:11:47', 3, 37, '4', 'Sebas (bumbum)', 2, 'Modificat project per a H_pro "(Cooperativa Integral) rel? > Cooperativa Integral Catalana".'),
(1082, '2014-08-24 18:17:49', 3, 37, '4', 'Sebas (bumbum)', 2, 'Modificat project per a H_pro "(Ecoxarxa) rel? > Ecoxarxanoia".'),
(1083, '2014-08-24 18:18:28', 3, 37, '4', 'Sebas (bumbum)', 2, 'Modificat project per a H_pro "(Cooperativa Integral) rel? > Cooperativa Integral Catalana".'),
(1084, '2014-08-24 18:20:52', 3, 37, '4', 'Sebas (bumbum)', 2, 'Modificat project per a H_pro "(Ecoxarxa) rel? > Ecoxarxanoia".'),
(1085, '2014-08-24 18:37:55', 3, 37, '4', 'Sebas (bumbum)', 2, 'Modificat project per a H_pro "(Xarxa Mundial) rel? > Xarxa de Cooperatives Integrals".'),
(1086, '2014-08-24 18:40:05', 3, 37, '4', 'Sebas (bumbum)', 2, 'Modificat project per a H_pro "(Ecoxarxa) rel? > Ecoxarxanoia".'),
(1087, '2014-08-24 22:48:21', 3, 90, '20', 'Llicència soci: ?? ', 1, ''),
(1088, '2014-08-24 22:48:28', 3, 79, '7', 'alta Proj. Autoocupat: COOP0111 (bumbum)', 2, 'Modificat rel_licences.'),
(1089, '2014-08-24 22:52:39', 3, 90, '20', 'Llicència soci: ?? ', 3, ''),
(1090, '2014-08-24 22:53:05', 3, 90, '21', 'Llicència soci: ?? ', 1, ''),
(1091, '2014-08-24 22:53:09', 3, 79, '7', 'alta Proj. Autoocupat: COOP0111 (bumbum)', 2, 'Modificat rel_licences.'),
(1092, '2014-08-24 22:54:07', 3, 90, '21', 'Llicència soci: COOP0111 (bumbum)', 2, 'Cap camp modificat.'),
(1093, '2014-08-24 22:54:16', 3, 79, '7', 'alta Proj. Autoocupat: COOP0111 (bumbum)', 2, 'Cap camp modificat.'),
(1094, '2014-08-24 22:57:36', 3, 90, '21', 'Llicència soci: COOP0111 (bumbum)', 2, 'Modificat rel_job.'),
(1095, '2014-08-24 23:02:47', 3, 90, '21', 'Llicència soci: COOP0111 (bumbum)', 2, 'Modificat rel_address.'),
(1096, '2014-08-24 23:06:26', 3, 90, '21', 'Llicència soci: COOP0111 (bumbum)', 2, 'Modificat rel_address.'),
(1097, '2014-08-24 23:14:44', 3, 90, '21', 'Llicència soci: COOP0111 (bumbum)', 2, 'Modificat rel_job.'),
(1098, '2014-08-24 23:14:51', 3, 90, '21', 'Llicència soci: COOP0111 (bumbum)', 2, 'Modificat rel_address.'),
(1099, '2014-08-24 23:14:57', 3, 90, '21', 'Llicència soci: COOP0111 (bumbum)', 2, 'Modificat rel_job.'),
(1100, '2014-08-24 23:23:13', 3, 90, '21', 'Llicència soci: COOP0111 (bumbum)', 2, 'Modificat rel_address i rel_job.'),
(1101, '2014-08-24 23:23:56', 3, 90, '21', 'Llicència soci: COOP0111 (bumbum)', 2, 'Modificat number.'),
(1102, '2014-08-24 23:24:04', 3, 90, '21', 'Llicència soci: COOP0111 (bumbum)', 2, 'Cap camp modificat.'),
(1103, '2014-08-24 23:24:08', 3, 79, '7', 'alta Proj. Autoocupat: COOP0111 (bumbum)', 2, 'Cap camp modificat.'),
(1104, '2014-08-24 23:54:22', 3, 41, '64', 'Asseguradora', 1, ''),
(1105, '2014-08-24 23:54:38', 3, 40, '54', 'Arç (Arç Assegurances)', 1, ''),
(1106, '2014-08-24 23:57:20', 3, 89, '22', 'Assegurança soci: ?? ', 1, ''),
(1107, '2014-08-24 23:57:24', 3, 79, '7', 'alta Proj. Autoocupat: COOP0111 (bumbum)', 2, 'Modificat rel_insurances.'),
(1108, '2014-08-25 00:00:41', 3, 89, '22', 'Arç: COOP0111 (bumbum)', 2, 'Modificat rel_address.'),
(1109, '2014-08-25 00:01:06', 3, 89, '22', 'Arç: COOP0111 (bumbum)', 2, 'Modificat rel_job.'),
(1110, '2014-08-25 00:01:29', 3, 89, '22', 'Arç: COOP0111 (bumbum)', 2, 'Modificat rel_address.'),
(1111, '2014-08-25 00:01:34', 3, 89, '22', 'Arç: COOP0111 (bumbum)', 2, 'Modificat rel_job.'),
(1112, '2014-08-25 00:33:21', 3, 89, '22', 'Arç: COOP0111 (bumbum)', 2, 'Modificat rel_job.'),
(1113, '2014-08-25 00:33:30', 3, 79, '7', 'alta Proj. Autoocupat: COOP0111 (bumbum)', 2, 'Cap camp modificat.'),
(1114, '2014-08-25 00:34:35', 3, 89, '22', 'Arç: COOP0111 (bumbum)', 2, 'Modificat rel_address.'),
(1115, '2014-08-25 00:34:40', 3, 79, '7', 'alta Proj. Autoocupat: COOP0111 (bumbum)', 2, 'Cap camp modificat.'),
(1116, '2014-08-25 00:36:56', 3, 89, '22', 'Arç: COOP0111 (bumbum)', 2, 'Modificat rel_address.'),
(1117, '2014-08-25 00:37:01', 3, 79, '7', 'alta Proj. Autoocupat: COOP0111 (bumbum)', 2, 'Cap camp modificat.'),
(1118, '2014-08-25 00:37:16', 3, 90, '21', 'Llicència soci: COOP0111 (bumbum)', 2, 'Modificat rel_address.'),
(1119, '2014-08-25 00:37:21', 3, 79, '7', 'alta Proj. Autoocupat: COOP0111 (bumbum)', 2, 'Cap camp modificat.'),
(1120, '2014-08-25 00:42:38', 3, 75, '43', '(€) XIPU (Xarxa Integral de Professionals i Usuaries) 2347563984582345 - triodos (Triodos Bank)', 2, 'Modificat number.'),
(1121, '2014-08-25 00:42:42', 3, 75, '43', '(€) XIPU (Xarxa Integral de Professionals i Usuaries) 2347563984582345 - triodos (Triodos Bank)', 2, 'Cap camp modificat.'),
(1122, '2014-08-25 00:44:35', 3, 75, '43', '(€) Xarxa Integral de Professionals i Usuaries 2347563984582345 - triodos', 2, 'Cap camp modificat.'),
(1123, '2014-08-25 00:46:03', 3, 75, '43', 'triodos: Xarxa Integral de Professionals i Usuaries 2347563984582345', 2, 'Cap camp modificat.'),
(1124, '2014-08-25 00:46:29', 3, 75, '43', 'triodos: XIPU 2347563984582345', 2, 'Cap camp modificat.'),
(1125, '2014-08-25 00:47:49', 3, 74, '1', '(eco) CIC (Cooperativa Integral Catalana) COOP0001', 2, 'Cap camp modificat.'),
(1126, '2014-08-25 00:47:54', 3, 74, '38', '(eco) bumbum (Sebas) COOP0111', 2, 'Cap camp modificat.'),
(1127, '2014-08-25 01:00:19', 3, 81, '15', 'acollida Autoocupats: 2014-08-21 (Sebas) AureaSocial', 2, 'Modificat assistants.'),
(1128, '2014-08-25 01:19:56', 3, 81, '15', 'acollida Autoocupats: 2014-08-21 (Sebas) AureaSocial', 2, 'Modificat assistants.'),
(1129, '2014-08-25 01:36:06', 3, 81, '15', 'acollida Autoocupats: 2014-08-21 (Sebas) AureaSocial', 2, 'Cap camp modificat.'),
(1130, '2014-08-25 01:36:55', 3, 81, '23', 'formació Moneda Social: 2014-08-25 (Marta) AureaSocial', 1, ''),
(1131, '2014-08-25 01:47:40', 3, 79, '7', 'alta Proj. Autoocupat: COOP0111 (bumbum)', 2, 'Modificat rel_accountBank.'),
(1132, '2014-08-25 01:49:14', 3, 81, '23', 'formació Moneda Social: 2014-08-25 (Marta) AureaSocial', 2, 'Modificat assistants.'),
(1133, '2014-08-25 01:53:18', 3, 81, '23', 'formació Moneda Social: 2014-08-25 (Marta) AureaSocial', 2, 'Modificat assistants.'),
(1134, '2014-08-25 01:53:30', 3, 81, '23', 'formació Moneda Social: 2014-08-25 (Marta) AureaSocial', 2, 'Modificat assistants.'),
(1135, '2014-08-25 02:03:04', 3, 90, '21', 'Llicència soci: COOP0111 (bumbum)', 2, 'Modificat rel_address i rel_job.'),
(1136, '2014-08-25 02:03:07', 3, 90, '21', 'Llicència soci: COOP0111 (bumbum)', 2, 'Cap camp modificat.'),
(1137, '2014-08-25 02:25:20', 3, 83, '24', 'quota 1T: EA (Ecoxarxanoia) [30 riu]', 1, ''),
(1138, '2014-08-25 02:38:20', 3, 79, '26', 'alta Proj. Autoocupat: alta Proj. Col·lectiu: EA (Ecoxarxanoia)', 1, ''),
(1139, '2014-08-25 02:39:56', 3, 79, '26', 'alta Proj. Autoocupat: alta Proj. Col·lectiu: EA (Ecoxarxanoia)', 2, 'Cap camp modificat.'),
(1140, '2014-08-25 02:40:14', 3, 79, '26', 'alta Proj. Autoocupat: alta Proj. Col·lectiu: EA (Ecoxarxanoia)', 3, ''),
(1141, '2014-08-25 02:40:28', 3, 81, '15', 'acollida Autoocupats: 2014-08-21 (Sebas) AureaSocial', 2, 'Modificat assistants.'),
(1142, '2014-08-25 02:40:59', 3, 79, '27', 'alta Proj. Autoocupat: alta Proj. Col·lectiu: EA (Ecoxarxanoia)', 1, ''),
(1143, '2014-08-25 02:41:43', 3, 79, '27', 'alta Proj. Autoocupat: alta Proj. Col·lectiu: EA (Ecoxarxanoia)', 2, 'Modificat rel_fees.'),
(1144, '2014-08-25 02:42:50', 3, 79, '27', 'alta Proj. Autoocupat: alta Proj. Col·lectiu: EA (Ecoxarxanoia)', 2, 'Cap camp modificat.'),
(1145, '2014-08-25 02:43:44', 3, 83, '14', 'quota 3T: bumbum (Sebas) [6.00 h]', 2, 'Cap camp modificat.'),
(1146, '2014-08-25 02:45:23', 3, 83, '8', 'quota 1T: bumbum (Sebas) [30.00 eco]', 2, 'Cap camp modificat.'),
(1147, '2014-08-25 02:47:47', 3, 83, '14', 'quota 3T: bumbum (Sebas) [45.00 eco]', 2, 'Modificat unit, amount, payment_type i rel_account.'),
(1148, '2014-08-25 02:56:26', 3, 83, '14', 'quota 3T: bumbum (Sebas) [45.00 eco]', 2, 'Modificat rel_account.'),
(1149, '2014-08-25 02:56:51', 3, 83, '14', 'quota 3T: bumbum (Sebas) [45.00 FAC]', 2, 'Modificat unit i rel_account.'),
(1150, '2014-08-25 02:57:43', 3, 83, '14', 'quota 3T: bumbum (Sebas) [45.00 FAC]', 2, 'Modificat rel_account.'),
(1151, '2014-08-25 02:58:32', 3, 83, '14', 'quota 3T: bumbum (Sebas) [45.00 €]', 2, 'Modificat unit.'),
(1152, '2014-08-25 02:59:20', 3, 79, '28', 'alta Proj. Autoocupat: alta Soci Coop. Individual: seb (Sebb)', 1, ''),
(1153, '2014-08-25 03:01:10', 3, 102, '2', 'alta Proj. Col·lectiu: EA (Ecoxarxanoia)', 2, 'Modificat join_date.'),
(1154, '2014-08-25 03:05:07', 3, 102, '2', 'alta Proj. Col·lectiu: EA (Ecoxarxanoia)', 2, 'Modificat expositors.'),
(1155, '2014-08-25 03:05:16', 3, 102, '2', 'alta Proj. Col·lectiu: EA (Ecoxarxanoia)', 2, 'Modificat expositors.'),
(1156, '2014-08-25 03:06:44', 3, 100, '5', 'alta Soci Afí Individual: Marta (tuccia)', 2, 'Cap camp modificat.'),
(1157, '2014-08-25 03:09:09', 3, 100, '29', 'alta Soci Afí Individual: Jeto Laface (jeto)', 1, ''),
(1158, '2014-08-25 03:12:11', 3, 101, '19', 'alta Soci Coop. Individual: seb (Sebb)', 2, 'Modificat expositors.'),
(1159, '2014-08-25 03:20:32', 3, 81, '15', 'acollida Autoocupats: 2014-08-21 (Sebas) AureaSocial', 2, 'Modificat assistants.'),
(1160, '2014-08-25 10:40:04', 3, 56, '5', 'Facilitació CI (ic_facilitate)', 1, ''),
(1161, '2014-08-25 10:40:47', 3, 37, '4', 'Sebas (bumbum)', 2, 'Afegit H_ofi "practicant > Facilitació CI (ic_facilitate)"'),
(1162, '2014-08-25 10:47:59', 3, 37, '18', 'Marta (tuccia)', 2, 'Afegit H_ofi "practicant > Facilitació CI (ic_facilitate)"'),
(1163, '2014-08-25 10:48:49', 3, 58, '1', 'AureaSocial (Sardenya 261-263 - Barcelona)', 2, 'Modificat jobs.'),
(1164, '2014-08-25 10:58:11', 3, 58, '1', 'AureaSocial (Sardenya 261-263 - Barcelona)', 2, 'Modificat jobs.'),
(1165, '2014-08-25 10:58:23', 3, 58, '1', 'AureaSocial (Sardenya 261-263 - Barcelona)', 2, 'Modificat jobs.'),
(1166, '2014-08-25 11:00:41', 3, 81, '23', 'formació Moneda Social: 2014-08-25 (Marta) AureaSocial', 2, 'Modificat assistants.'),
(1167, '2014-08-25 11:01:57', 3, 81, '23', 'formació Moneda Social: 2014-08-25 (Marta) AureaSocial', 2, 'Cap camp modificat.'),
(1168, '2014-08-25 11:45:49', 3, 37, '56', 'Jordi Madorell (jordi)', 1, ''),
(1169, '2014-08-25 11:50:35', 3, 101, '31', 'alta Soci Coop. Individual: duub (anonymous)', 2, 'Cap camp modificat.'),
(1170, '2014-08-25 11:50:59', 3, 79, '32', 'alta Proj. Autoocupat: alta Soci Coop. Individual: duub (anonymous)', 1, ''),
(1171, '2014-08-25 11:51:49', 3, 83, '30', 'quota alta Individual: duub (anonymous) [30.0 €]', 2, 'Modificat payment_type i payment_date.'),
(1172, '2014-08-25 11:52:01', 3, 83, '30', 'quota alta Individual: duub (anonymous) [30.0 €]', 2, 'Modificat payment_date.'),
(1173, '2014-08-25 11:52:19', 3, 101, '31', 'alta Soci Coop. Individual: duub (anonymous)', 2, 'Modificat contribution.'),
(1174, '2014-08-25 11:52:29', 3, 79, '32', 'alta Proj. Autoocupat: alta Soci Coop. Individual: duub (anonymous)', 2, 'Cap camp modificat.'),
(1175, '2014-08-25 11:53:03', 3, 83, '33', 'quota 1T: duub (anonymous) [45 €]', 1, ''),
(1176, '2014-08-25 11:53:05', 3, 79, '32', 'alta Proj. Autoocupat: alta Soci Coop. Individual: duub (anonymous)', 2, 'Modificat rel_fees.'),
(1177, '2014-08-25 11:53:36', 3, 81, '15', 'acollida Autoocupats: 2014-08-21 (Sebas) AureaSocial', 2, 'Modificat assistants.'),
(1178, '2014-08-25 11:55:04', 3, 88, '34', 'XIPU: ?? > pis de mallorca', 1, ''),
(1179, '2014-08-25 11:55:06', 3, 79, '32', 'alta Proj. Autoocupat: alta Soci Coop. Individual: duub (anonymous)', 2, 'Modificat rel_address_contracts.'),
(1180, '2014-08-25 11:59:17', 3, 81, '23', 'formació Moneda Social: 2014-08-25 (Marta) AureaSocial', 2, 'Modificat assistants.'),
(1181, '2014-08-25 11:59:55', 3, 79, '32', 'alta Proj. Autoocupat: alta Soci Coop. Individual: duub (anonymous)', 2, 'Modificat mentor_membership.'),
(1182, '2014-08-25 12:03:12', 3, 89, '35', 'Assegurança soci: ?? ', 1, ''),
(1183, '2014-08-25 12:03:34', 3, 79, '32', 'alta Proj. Autoocupat: alta Soci Coop. Individual: duub (anonymous)', 2, 'Modificat rel_insurances.'),
(1184, '2014-08-25 12:07:12', 3, 90, '36', 'Llicència soci: ?? ', 1, ''),
(1185, '2014-08-25 12:07:17', 3, 79, '32', 'alta Proj. Autoocupat: alta Soci Coop. Individual: duub (anonymous)', 2, 'Modificat rel_licences.'),
(1186, '2014-08-25 12:13:19', 3, 37, '55', 'Duub Cognom (duub)', 2, 'Modificat name.'),
(1187, '2014-08-25 12:13:24', 3, 101, '31', 'alta Soci Coop. Individual: duub (Duub)', 2, 'Cap camp modificat.'),
(1188, '2014-08-25 12:14:55', 3, 83, '30', 'quota alta Individual: duub (Duub) [30.0 €]', 2, 'Modificat payment_date.'),
(1189, '2014-08-25 12:16:52', 3, 101, '31', 'COOP0874 (duub)', 2, 'Modificat ic_CESnum i join_date.'),
(1190, '2014-08-25 12:18:22', 3, 83, '33', 'quota 3T: duub (Duub) [45.00 €]', 2, 'Modificat record_type.'),
(1191, '2014-08-25 12:19:55', 3, 83, '30', 'quota alta Individual: duub (Duub) [30.0 €]', 2, 'Modificat payment_date.'),
(1192, '2014-08-25 12:23:30', 3, 81, '23', 'formació Moneda Social: 2014-08-25 (Marta) AureaSocial', 2, 'Modificat assistants.'),
(1193, '2014-08-25 12:35:32', 3, 38, '57', 'Creant', 1, ''),
(1194, '2014-08-25 12:37:07', 3, 83, '37', 'quota alta Col·lectiva: Creant [60.0 €]', 1, ''),
(1195, '2014-08-25 12:38:39', 3, 38, '57', 'Creant', 2, 'Cap camp modificat.'),
(1196, '2014-08-25 12:40:47', 3, 83, '37', 'quota alta Col·lectiva: Creant [60.0 €]', 2, 'Cap camp modificat.'),
(1197, '2014-08-25 12:41:01', 3, 83, '37', 'quota alta Col·lectiva: Creant [12.0 h]', 2, 'Modificat unit.'),
(1198, '2014-08-25 12:41:09', 3, 83, '37', 'quota alta Col·lectiva: Creant [60.0 riu]', 2, 'Modificat unit.'),
(1199, '2014-08-25 12:41:15', 3, 83, '37', 'quota alta Col·lectiva: Creant [60.0 eco]', 2, 'Modificat unit.'),
(1200, '2014-08-25 12:41:26', 3, 83, '37', 'quota alta Col·lectiva: Creant [60.0 eco]', 2, 'Modificat issue_date, deadline_date i payment_type.'),
(1201, '2014-08-25 12:46:20', 3, 102, '2', 'alta Proj. Col·lectiu: EA (Ecoxarxanoia)', 2, 'Modificat join_date i expositors.'),
(1202, '2014-08-25 12:46:37', 3, 79, '38', 'alta Proj. Autoocupat: alta Proj. Col·lectiu: EA (Ecoxarxanoia)', 1, ''),
(1203, '2014-08-25 12:46:55', 3, 81, '15', 'acollida Autoocupats: 2014-08-21 (Sebas) AureaSocial', 2, 'Modificat assistants.'),
(1204, '2014-08-25 12:49:23', 3, 81, '15', 'acollida Autoocupats: 2014-08-21 (Sebas) AureaSocial', 2, 'Modificat assistants.'),
(1205, '2014-08-25 12:50:33', 3, 37, '19', 'Jeto Laface (jeto)', 2, 'Modificat id_card.'),
(1206, '2014-08-25 12:52:49', 3, 79, '27', 'alta Proj. Autoocupat: alta Proj. Col·lectiu: EA (Ecoxarxanoia)', 3, ''),
(1207, '2014-08-25 12:56:16', 3, 79, '32', 'alta Proj. Autoocupat: COOP0874 (duub)', 2, 'Modificat mentor_membership.'),
(1208, '2014-08-25 13:02:06', 19, 37, '55', 'Duub Cognom (duub)', 2, 'Cap camp modificat.'),
(1209, '2014-08-25 13:04:50', 3, 73, '3', 'EcoCoop * 5.000 = Hora', 2, 'Cap camp modificat.'),
(1210, '2014-08-25 13:07:14', 3, 81, '23', 'formació Moneda Social: 2014-08-25 (Marta) AureaSocial', 2, 'Modificat assistants.'),
(1211, '2014-08-25 13:08:04', 3, 81, '23', 'formació Moneda Social: 2014-08-25 (Marta) AureaSocial', 2, 'Cap camp modificat.'),
(1212, '2014-08-25 13:13:34', 3, 56, '6', 'Restauració', 1, ''),
(1213, '2014-08-25 13:13:40', 3, 90, '36', 'Llicència soci: COOP0874 (duub)', 2, 'Modificat rel_job.'),
(1214, '2014-08-25 13:13:46', 3, 90, '36', 'Llicència soci: COOP0874 (duub)', 2, 'Cap camp modificat.'),
(1215, '2014-08-25 13:16:21', 3, 86, '14', 'Llicència d''activitat (iC_Licence)', 2, 'Modificat name.'),
(1216, '2014-08-25 13:17:54', 3, 90, '21', 'Llicència d''activitat: COOP0111 (bumbum)', 2, 'Cap camp modificat.'),
(1217, '2014-08-25 13:18:31', 3, 90, '36', 'Llicència d''activitat: COOP0874 (duub)', 2, 'Cap camp modificat.'),
(1218, '2014-08-25 13:24:26', 3, 38, '57', 'Creant', 2, 'Modificat project_type.'),
(1219, '2014-08-25 13:26:12', 3, 38, '57', 'Creant', 2, 'Cap camp modificat.'),
(1220, '2014-08-25 13:38:49', 3, 37, '42', 'Sebb Fresh (seb)', 2, 'Modificat email.'),
(1221, '2014-08-25 13:39:14', 3, 4, '18', 'seb', 2, 'Modificat email.'),
(1222, '2014-08-25 13:40:18', 3, 4, '18', 'seb', 2, 'Modificat email.'),
(1223, '2014-08-25 13:41:38', 3, 38, '17', 'EA (Ecoxarxanoia)', 2, 'Eliminat H_per "referenciant > Sebas (bumbum)".'),
(1224, '2014-08-25 13:42:41', 3, 102, '2', 'alta Proj. Col·lectiu: EA (Ecoxarxanoia)', 2, 'Modificat project.'),
(1225, '2014-08-25 13:42:50', 3, 102, '2', 'alta Proj. Col·lectiu: EA (Ecoxarxanoia)', 2, 'Modificat project.'),
(1226, '2014-08-25 13:43:41', 3, 83, '1', 'quota alta Col·lectiva: EA (Ecoxarxanoia) [60.0 €]', 2, 'Modificat unit.'),
(1227, '2014-08-25 13:53:32', 3, 101, '31', 'COOP0874 (duub)', 2, 'Modificat expositors.'),
(1228, '2014-08-25 13:53:50', 3, 101, '31', 'COOP0874 (duub)', 2, 'Modificat expositors.'),
(1229, '2014-08-25 13:54:04', 3, 101, '31', 'COOP0874 (duub)', 2, 'Modificat expositors.'),
(1230, '2014-08-25 18:59:53', 3, 83, '1', 'quota alta Col·lectiva: EA (Ecoxarxanoia) [60.0 €]', 2, 'Cap camp modificat.'),
(1231, '2014-08-25 23:12:19', 3, 38, '57', 'Creant', 2, 'Cap camp modificat.'),
(1232, '2014-08-25 23:20:49', 3, 102, '39', 'alta Proj. Col·lectiu: Creant', 1, ''),
(1233, '2014-08-25 23:22:47', 3, 83, '37', 'quota alta Col·lectiva: Creant [12.0 h]', 2, 'Modificat unit.'),
(1234, '2014-08-25 23:28:03', 3, 38, '58', 'Calafou', 1, ''),
(1235, '2014-08-25 23:36:10', 3, 102, '40', 'alta Proj. Col·lectiu: Calafou', 1, ''),
(1236, '2014-08-25 23:51:49', 3, 38, '57', 'Creant (Productiu Public)', 3, ''),
(1237, '2014-08-25 23:53:36', 3, 38, '59', 'Creant (Nucli d''Autogestió Local)', 1, ''),
(1238, '2014-08-25 23:53:40', 3, 102, '41', 'alta Proj. Col·lectiu: Creant (Nucli d''Autogestió Local)', 1, ''),
(1239, '2014-08-25 23:54:10', 3, 102, '41', 'alta Proj. Col·lectiu: Creant', 2, 'Cap camp modificat.'),
(1240, '2014-08-25 23:55:42', 3, 79, '42', 'alta Proj. Autoocupat: alta Proj. Col·lectiu: Creant', 1, ''),
(1241, '2014-08-25 23:56:33', 3, 81, '15', 'acollida Autoocupats: 2014-08-21 (Sebas) AureaSocial', 2, 'Modificat assistants.'),
(1242, '2014-08-25 23:59:13', 3, 38, '59', 'Creant (Nucli d''Autogestió Local)', 2, 'Afegit H_per "referenciant > Sebb Fresh (seb)"'),
(1243, '2014-08-26 00:00:02', 3, 38, '59', 'Creant (Nucli d''Autogestió Local)', 2, 'Afegit H_per "participant > Jeto Laface (jeto)"'),
(1244, '2014-08-26 00:02:03', 3, 79, '42', 'alta Proj. Autoocupat: alta Proj. Col·lectiu: Creant', 2, 'Cap camp modificat.'),
(1245, '2014-08-26 00:02:23', 3, 79, '42', 'alta Proj. Autoocupat: alta Proj. Col·lectiu: Creant', 2, 'Modificat rel_insurances.'),
(1246, '2014-08-26 00:02:54', 3, 79, '42', 'alta Proj. Autoocupat: alta Proj. Col·lectiu: Creant', 2, 'Cap camp modificat.'),
(1247, '2014-08-26 23:45:04', 3, 90, '21', 'Llicència d''activitat: COOP0111 (bumbum)', 2, 'Modificat number.'),
(1248, '2014-08-26 23:48:24', 3, 90, '21', 'Llicència d''activitat: COOP0111 (bumbum)', 2, 'Cap camp modificat.'),
(1249, '2014-08-26 23:50:55', 3, 88, '9', 'bumbum (Sebas): pis de mallorca', 2, 'Modificat start_date.'),
(1250, '2014-08-26 23:51:14', 3, 90, '21', 'Llicència d''activitat: COOP0111 (bumbum)', 2, 'Modificat number i start_date.'),
(1251, '2014-08-26 23:51:57', 3, 79, '7', 'alta Proj. Autoocupat: COOP0111 (bumbum)', 2, 'Cap camp modificat.'),
(1252, '2014-08-27 08:37:14', 3, 80, '43', 'alta Proj. Autoocupat: alta Proj. Col·lectiu: Creant', 1, ''),
(1253, '2014-08-27 08:40:41', 3, 64, '65', 'Imatge digital (img)', 1, ''),
(1254, '2014-08-27 08:43:03', 3, 65, '3', 'Cara cumple 8 de la Noa', 1, ''),
(1255, '2014-08-27 08:43:11', 3, 80, '43', 'alta Proj. Autoocupat: alta Proj. Col·lectiu: Creant', 2, 'Modificat rel_images.'),
(1256, '2014-08-27 08:46:08', 3, 80, '43', 'alta Proj. Autoocupat: alta Proj. Col·lectiu: Creant', 2, 'Cap camp modificat.'),
(1257, '2014-08-27 08:47:43', 3, 80, '43', 'alta Proj. Autoocupat: alta Proj. Col·lectiu: Creant', 2, 'Modificat rel_images.'),
(1258, '2014-08-27 08:52:02', 3, 80, '43', 'alta Proj. Autoocupat: alta Proj. Col·lectiu: Creant', 2, 'Cap camp modificat.'),
(1259, '2014-08-27 21:01:38', 3, 65, '3', 'Cara cumple 8 de la Noa', 2, 'Cap camp modificat.'),
(1260, '2014-08-27 21:12:18', 3, 65, '4', 'jeto seb', 1, ''),
(1261, '2014-08-27 21:12:21', 3, 80, '43', 'alta Proj. Autoocupat: alta Proj. Col·lectiu: Creant', 2, 'Modificat rel_images.'),
(1262, '2014-08-27 22:46:14', 3, 65, '4', 'jeto seb', 2, 'Cap camp modificat.'),
(1263, '2014-08-27 22:46:22', 3, 65, '3', 'Cara cumple 8 de la Noa', 2, 'Cap camp modificat.'),
(1264, '2014-08-27 22:46:59', 3, 65, '4', 'Jeto seb', 2, 'Modificat name.'),
(1265, '2014-08-27 22:47:07', 3, 80, '43', 'alta Proj. Autoocupat: alta Proj. Col·lectiu: Creant', 2, 'Cap camp modificat.'),
(1266, '2014-08-27 22:58:03', 3, 80, '43', 'alta Proj. Autoocupat: alta Proj. Col·lectiu: Creant', 2, 'Modificat rel_address_contracts.'),
(1267, '2014-08-27 23:01:13', 3, 65, '5', 'debian bulbs', 1, ''),
(1268, '2014-08-27 23:01:19', 3, 80, '43', 'alta Proj. Autoocupat: alta Proj. Col·lectiu: Creant', 2, 'Modificat rel_images.'),
(1269, '2014-08-27 23:05:31', 3, 81, '23', 'formació Moneda Social: 2014-08-25 (Marta) AureaSocial', 2, 'Modificat assistants.'),
(1270, '2014-08-27 23:09:52', 3, 80, '44', 'alta Proj. Autoocupat: COOP0111 (bumbum)', 1, ''),
(1271, '2014-08-27 23:30:19', 3, 80, '44', 'alta Proj. Autoocupat: COOP0111 (bumbum)', 2, 'Modificat rel_images.'),
(1272, '2014-08-27 23:37:12', 3, 80, '43', 'alta Proj. Firaire: alta Proj. Col·lectiu: Creant', 2, 'Cap camp modificat.'),
(1273, '2014-08-27 23:37:16', 3, 80, '43', 'alta Proj. Firaire: alta Proj. Col·lectiu: Creant', 2, 'Cap camp modificat.'),
(1274, '2014-08-27 23:37:22', 3, 80, '44', 'alta Proj. Firaire: COOP0111 (bumbum)', 2, 'Cap camp modificat.'),
(1275, '2014-08-27 23:50:57', 3, 100, '5', 'alta Soci Afí Individual: Marta (tuccia)', 3, ''),
(1276, '2014-08-27 23:51:50', 3, 38, '58', 'Calafou (PAIC sense facturació)', 2, 'Cap camp modificat.'),
(1277, '2014-08-28 00:39:27', 3, 83, '3', 'quota alta Individual: bumbum (Sebas) [30.0 eco]', 2, 'Modificat payment_date.'),
(1278, '2014-08-28 00:39:31', 3, 78, '4', 'COOP0111 (bumbum)', 2, 'Cap camp modificat.'),
(1279, '2014-08-28 00:39:33', 3, 78, '4', 'COOP0111 (bumbum)', 2, 'Cap camp modificat.'),
(1280, '2014-08-28 00:52:00', 3, 79, '42', 'alta Proj. Autoocupat: alta Proj. Col·lectiu: Creant', 3, ''),
(1281, '2014-08-28 00:52:25', 3, 79, '28', 'alta Proj. Autoocupat: alta Soci Coop. Individual: seb (Sebb)', 3, ''),
(1282, '2014-08-28 01:21:21', 3, 79, '44', 'alta Proj. Firaire: COOP0111 (bumbum)', 3, ''),
(1283, '2014-08-28 01:24:50', 3, 80, '46', 'alta Proj. Firaire: alta Soci Coop. Individual: seb (Sebb)', 1, ''),
(1284, '2014-08-28 01:25:36', 3, 80, '46', 'alta Proj. Firaire: alta Proj. Col·lectiu: Calafou', 2, 'Modificat ic_membership.'),
(1285, '2014-08-28 02:27:07', 3, 38, '17', 'EA (Ecoxarxanoia)', 2, 'Eliminat H_per "referenciant > Marta (tuccia)".'),
(1286, '2014-08-28 02:45:27', 3, 38, '17', 'EA (Ecoxarxanoia)', 2, 'Modificat telephone_cell.'),
(1287, '2014-08-28 02:45:48', 3, 38, '17', 'EA (Ecoxarxanoia)', 2, 'Modificat description.'),
(1288, '2014-08-28 02:46:18', 3, 58, '2', 'Casa del Comú (pl. del Pilar - Igualada)', 2, 'Modificat postalcode.'),
(1289, '2014-08-28 02:46:48', 3, 38, '17', 'EA (Ecoxarxanoia)', 2, 'Afegit H_per "referenciant > Marta (tuccia)"'),
(1290, '2014-08-28 02:47:43', 3, 79, '38', 'alta Proj. Autoocupat: alta Proj. Col·lectiu: Calafou', 2, 'Modificat ic_membership.'),
(1291, '2014-08-28 02:50:19', 3, 79, '38', 'alta Proj. Autoocupat: alta Proj. Col·lectiu: Creant', 2, 'Modificat ic_membership.'),
(1292, '2014-08-28 03:00:41', 3, 38, '59', 'Creant (Nucli d''Autogestió Local)', 2, 'Modificat telephone_cell.'),
(1293, '2014-08-28 03:01:13', 3, 38, '59', 'Creant (Nucli d''Autogestió Local)', 2, 'Modificat description.'),
(1294, '2014-08-28 03:01:43', 3, 38, '59', 'Creant (Nucli d''Autogestió Local)', 2, 'Afegit H_adr "pis de mallorca (Mallorca, 450 - Barcelona)"'),
(1295, '2014-08-28 03:02:03', 3, 38, '59', 'Creant (Nucli d''Autogestió Local)', 2, 'Modificat main_address per a H_adr "pis de mallorca (Mallorca, 450 - Barcelona)".'),
(1296, '2014-08-28 03:02:32', 3, 58, '3', 'pis de mallorca (Mallorca, 450 - Barcelona)', 2, 'Modificat postalcode.'),
(1297, '2014-08-28 03:21:35', 3, 83, '33', 'quota 3T: duub (Duub) [45.00 €]', 2, 'Modificat payment_type.'),
(1298, '2014-08-28 03:22:57', 3, 83, '33', 'quota 3T: duub (Duub) [45.00 €]', 2, 'Modificat issue_date.'),
(1299, '2014-08-28 03:29:47', 3, 98, '37', 'quota 4T', 1, ''),
(1300, '2014-08-28 03:31:19', 3, 83, '47', 'quota 4T: Creant [45 h]', 1, ''),
(1301, '2014-08-28 03:31:23', 3, 79, '43', 'alta Proj. Firaire: alta Proj. Col·lectiu: Creant', 2, 'Modificat rel_fees.'),
(1302, '2014-08-28 03:31:33', 3, 79, '43', 'alta Proj. Firaire: alta Proj. Col·lectiu: Creant', 2, 'Modificat rel_fees.'),
(1303, '2014-08-28 03:33:18', 3, 79, '38', 'alta Proj. Autoocupat: alta Proj. Col·lectiu: Creant', 3, ''),
(1304, '2014-08-28 03:33:30', 3, 79, '43', 'alta Proj. Firaire: alta Proj. Col·lectiu: Creant', 2, 'Modificat rel_fees.'),
(1305, '2014-08-28 03:37:42', 3, 83, '47', 'quota 4T: Creant [45.00 €]', 2, 'Modificat unit.'),
(1306, '2014-08-28 12:25:15', 3, 65, '3', 'Cara cumple 8 de la Noa', 3, ''),
(1307, '2014-08-28 12:41:56', 3, 83, '47', 'quota 4T: Creant [45.00 €]', 2, 'Cap camp modificat.'),
(1308, '2014-08-28 12:42:32', 3, 79, '43', 'alta Proj. Firaire: alta Proj. Col·lectiu: Creant', 2, 'Cap camp modificat.'),
(1309, '2014-08-28 16:56:33', 3, 80, '46', 'alta Proj. Firaire: alta Proj. Col·lectiu: Calafou', 3, ''),
(1310, '2014-08-28 17:33:56', 3, 80, '48', 'alta Proj. Firaire: alta Proj. Col·lectiu: EA (Ecoxarxanoia)', 1, ''),
(1311, '2014-08-28 17:48:27', 3, 79, '49', 'alta Proj. Autoocupat: alta Proj. Col·lectiu: Creant', 1, ''),
(1312, '2014-08-28 17:50:34', 3, 79, '49', 'alta Proj. Autoocupat: alta Proj. Col·lectiu: Creant', 3, ''),
(1313, '2014-08-28 17:51:14', 3, 79, '50', 'alta Proj. Autoocupat: alta Proj. Col·lectiu: Creant', 1, ''),
(1314, '2014-08-28 17:52:35', 3, 79, '50', 'alta Proj. Autoocupat: alta Proj. Col·lectiu: Creant', 3, ''),
(1315, '2014-08-28 18:08:13', 3, 79, '51', 'alta Proj. Autoocupat: COOP0111 (bumbum)', 1, ''),
(1316, '2014-08-28 18:35:47', 3, 79, '51', 'alta Proj. Autoocupat: COOP0111 (bumbum)', 3, ''),
(1317, '2014-08-28 18:41:38', 3, 79, '52', 'alta Proj. Autoocupat: alta Proj. Col·lectiu: Calafou', 1, ''),
(1318, '2014-08-28 18:41:47', 3, 79, '52', 'alta Proj. Autoocupat: alta Proj. Col·lectiu: Creant', 2, 'Modificat ic_membership.'),
(1319, '2014-08-28 18:42:14', 3, 79, '52', 'alta Proj. Autoocupat: alta Proj. Col·lectiu: Calafou', 2, 'Cap camp modificat.'),
(1320, '2014-08-28 18:42:26', 3, 79, '52', 'alta Proj. Autoocupat: alta Proj. Col·lectiu: Creant', 2, 'Modificat ic_membership.'),
(1321, '2014-08-28 18:43:10', 3, 79, '52', 'alta Proj. Autoocupat: alta Proj. Col·lectiu: Creant', 2, 'Modificat ic_membership.'),
(1322, '2014-08-28 18:45:20', 3, 79, '52', 'alta Proj. Autoocupat: COOP0111 (bumbum)', 2, 'Modificat ic_membership.'),
(1323, '2014-08-28 18:47:19', 3, 79, '52', 'alta Proj. Autoocupat: COOP0111 (bumbum)', 2, 'Modificat ic_membership.'),
(1324, '2014-08-28 18:50:23', 3, 79, '52', 'alta Proj. Autoocupat: alta Soci Coop. Individual: seb (Sebb)', 2, 'Modificat ic_membership.'),
(1325, '2014-08-28 18:50:33', 3, 79, '52', 'alta Proj. Autoocupat: alta Soci Coop. Individual: seb (Sebb)', 3, ''),
(1326, '2014-08-28 18:59:54', 3, 102, '53', 'alta Proj. Col·lectiu: Creant (Nucli d''Autogestió Local)', 1, ''),
(1327, '2014-08-28 19:05:00', 3, 102, '53', 'alta Proj. Col·lectiu: Creant', 2, 'Cap camp modificat.'),
(1328, '2014-08-28 19:22:21', 3, 102, '53', 'alta Proj. Col·lectiu: Creant', 3, ''),
(1329, '2014-08-28 19:24:58', 3, 102, '54', 'alta Proj. Col·lectiu: Creant (Nucli d''Autogestió Local)', 1, ''),
(1330, '2014-08-28 19:25:18', 3, 102, '54', 'alta Proj. Col·lectiu: Creant', 3, ''),
(1331, '2014-08-28 19:25:50', 3, 102, '55', 'alta Proj. Col·lectiu: Creant (Nucli d''Autogestió Local)', 1, ''),
(1332, '2014-08-28 19:30:16', 3, 102, '55', 'alta Proj. Col·lectiu: Creant', 3, ''),
(1333, '2014-08-28 19:35:59', 3, 102, '56', 'alta Proj. Col·lectiu: Creant (Nucli d''Autogestió Local)', 1, ''),
(1334, '2014-08-28 19:38:33', 3, 102, '56', 'alta Proj. Col·lectiu: Creant', 3, ''),
(1335, '2014-08-28 19:40:27', 3, 102, '57', 'alta Proj. Col·lectiu: XCI (Xarxa de Cooperatives Integrals)', 1, ''),
(1336, '2014-08-28 19:40:33', 3, 102, '57', 'alta Proj. Col·lectiu: XCI (Xarxa de Cooperatives Integrals)', 3, ''),
(1337, '2014-08-28 20:05:29', 3, 39, '13', 'Projecte CI (ic_project)', 2, 'Modificat clas.'),
(1338, '2014-08-28 20:05:31', 3, 39, '13', 'Projecte CI (ic_project)', 2, 'Cap camp modificat.'),
(1339, '2014-08-28 20:07:56', 3, 39, '31', 'Autoocupat (iC_Self_Employed)', 2, 'Modificat clas.'),
(1340, '2014-08-28 20:09:04', 3, 39, '31', 'Autoocupat (selfemployed)', 2, 'Modificat clas.'),
(1341, '2014-08-28 20:11:18', 3, 39, '66', 'Rebost (ic_larder)', 1, ''),
(1342, '2014-08-28 20:11:20', 3, 39, '66', 'Rebost (ic_larder)', 2, 'Cap camp modificat.'),
(1343, '2014-08-28 20:20:32', 3, 101, '58', 'alta Soci Coop. Individual: Marta (tuccia)', 1, ''),
(1344, '2014-08-28 22:08:00', 3, 83, '59', 'quota alta Individual: tuccia (Marta) [30.0 €]', 1, ''),
(1345, '2014-08-28 22:12:14', 3, 101, '58', 'alta Soci Coop. Individual: tuccia (Marta)', 2, 'Cap camp modificat.'),
(1346, '2014-08-28 22:12:30', 3, 101, '58', 'alta Soci Coop. Individual: tuccia (Marta)', 2, 'Modificat join_fee.'),
(1347, '2014-08-28 22:12:58', 3, 101, '58', 'alta Soci Coop. Individual: tuccia (Marta)', 2, 'Cap camp modificat.'),
(1348, '2014-08-28 22:13:06', 3, 101, '58', 'alta Soci Coop. Individual: tuccia (Marta)', 2, 'Modificat join_fee.'),
(1349, '2014-08-28 23:14:24', 3, 83, '60', 'quota alta Individual: tuccia (Marta) [30.0 €]', 1, ''),
(1350, '2014-08-28 23:14:58', 3, 101, '58', 'alta Soci Coop. Individual: tuccia (Marta)', 2, 'Cap camp modificat.'),
(1351, '2014-08-28 23:15:16', 3, 101, '58', 'alta Soci Coop. Individual: tuccia (Marta)', 2, 'Modificat join_fee.'),
(1352, '2014-08-28 23:16:11', 3, 101, '58', 'alta Soci Coop. Individual: tuccia (Marta)', 2, 'Cap camp modificat.'),
(1353, '2014-08-28 23:16:23', 3, 101, '58', 'alta Soci Coop. Individual: tuccia (Marta)', 2, 'Cap camp modificat.'),
(1354, '2014-08-28 23:16:34', 3, 101, '58', 'alta Soci Coop. Individual: tuccia (Marta)', 2, 'Modificat join_fee.'),
(1355, '2014-08-28 23:17:13', 3, 83, '59', 'quota alta Individual: tuccia (Marta) [30.0 €]', 3, ''),
(1356, '2014-08-28 23:20:44', 3, 101, '58', 'alta Soci Coop. Individual: tuccia (Marta)', 2, 'Modificat join_fee.'),
(1357, '2014-08-28 23:22:19', 3, 101, '58', 'alta Soci Coop. Individual: tuccia (Marta)', 2, 'Modificat join_fee.'),
(1358, '2014-08-28 23:23:14', 3, 101, '58', 'alta Soci Coop. Individual: tuccia (Marta)', 2, 'Cap camp modificat.'),
(1359, '2014-08-28 23:24:23', 3, 101, '58', 'alta Soci Coop. Individual: tuccia (Marta)', 2, 'Modificat join_fee.'),
(1360, '2014-08-28 23:26:21', 3, 101, '58', 'alta Soci Coop. Individual: tuccia (Marta)', 2, 'Modificat join_fee.'),
(1361, '2014-08-28 23:27:52', 3, 101, '58', 'alta Soci Coop. Individual: tuccia (Marta)', 3, ''),
(1362, '2014-08-28 23:28:14', 3, 83, '60', 'quota alta Individual: tuccia (Marta) [30.00 €]', 3, ''),
(1363, '2014-08-28 23:28:40', 3, 101, '61', 'alta Soci Coop. Individual: Marta (tuccia)', 1, ''),
(1364, '2014-08-28 23:28:56', 3, 83, '62', 'quota alta Individual: tuccia (Marta) [30.0 €]', 1, ''),
(1365, '2014-08-28 23:29:16', 3, 101, '61', 'alta Soci Coop. Individual: tuccia (Marta)', 2, 'Modificat join_fee.'),
(1366, '2014-08-28 23:41:42', 3, 83, '62', 'quota alta Individual: tuccia (Marta) [30.00 €]', 3, ''),
(1367, '2014-08-28 23:42:51', 3, 101, '63', 'alta Soci Coop. Individual: Marta (tuccia)', 1, ''),
(1368, '2014-08-28 23:47:24', 3, 83, '64', 'quota alta Individual: tuccia (Marta) [30.0 €]', 1, ''),
(1369, '2014-08-28 23:47:31', 3, 83, '65', 'quota alta Individual: tuccia (Marta) [30.0 €]', 1, ''),
(1370, '2014-08-28 23:47:44', 3, 83, '64', 'quota alta Individual: tuccia (Marta) [30.00 €]', 3, ''),
(1371, '2014-08-28 23:55:33', 3, 83, '66', 'quota alta Individual: tuccia (Marta) [30.0 €]', 1, ''),
(1372, '2014-08-28 23:59:05', 3, 83, '67', 'quota alta Individual: tuccia (Marta) [30.0 €]', 1, ''),
(1373, '2014-08-28 23:59:59', 3, 83, '68', 'quota alta Individual: tuccia (Marta) [30.0 €]', 1, ''),
(1374, '2014-08-29 00:01:34', 3, 83, '69', 'quota alta Individual: tuccia (Marta) [30.0 €]', 1, ''),
(1375, '2014-08-29 00:02:00', 3, 83, '69', 'quota alta Individual: tuccia (Marta) [30.00 €]', 3, ''),
(1376, '2014-08-29 00:02:00', 3, 83, '68', 'quota alta Individual: tuccia (Marta) [30.00 €]', 3, ''),
(1377, '2014-08-29 00:02:00', 3, 83, '67', 'quota alta Individual: tuccia (Marta) [30.00 €]', 3, ''),
(1378, '2014-08-29 00:02:00', 3, 83, '66', 'quota alta Individual: tuccia (Marta) [30.00 €]', 3, ''),
(1379, '2014-08-29 00:02:00', 3, 83, '65', 'quota alta Individual: tuccia (Marta) [30.00 €]', 3, ''),
(1380, '2014-08-29 00:04:00', 3, 83, '70', 'quota alta Individual: tuccia (Marta) [30.0 €]', 1, ''),
(1381, '2014-08-29 00:04:41', 3, 83, '71', 'quota alta Individual: tuccia (Marta) [30.0 €]', 1, ''),
(1382, '2014-08-29 00:13:57', 3, 83, '72', 'quota alta Individual: tuccia (Marta) [30.0 €]', 1, ''),
(1383, '2014-08-29 00:14:36', 3, 83, '72', 'quota alta Individual: tuccia (Marta) [30.00 €]', 3, ''),
(1384, '2014-08-29 00:14:36', 3, 83, '71', 'quota alta Individual: tuccia (Marta) [30.00 €]', 3, ''),
(1385, '2014-08-29 00:14:36', 3, 83, '70', 'quota alta Individual: tuccia (Marta) [30.00 €]', 3, ''),
(1386, '2014-08-29 00:14:59', 3, 83, '73', 'quota alta Individual: tuccia (Marta) [30.0 €]', 1, ''),
(1387, '2014-08-29 00:48:36', 3, 83, '74', 'quota alta Individual: tuccia (Marta) [30.0 €]', 1, ''),
(1388, '2014-08-29 00:57:48', 3, 83, '74', 'quota alta Individual: tuccia (Marta) [30.00 €]', 3, ''),
(1389, '2014-08-29 00:57:48', 3, 83, '73', 'quota alta Individual: tuccia (Marta) [30.00 €]', 3, ''),
(1390, '2014-08-29 00:58:04', 3, 83, '75', 'quota alta Individual: tuccia (Marta) [30.0 €]', 1, ''),
(1391, '2014-08-29 00:58:46', 3, 83, '75', 'quota alta Individual: tuccia (Marta) [30.00 €]', 3, ''),
(1392, '2014-08-29 00:59:19', 3, 83, '76', 'quota alta Individual: tuccia (Marta) [30.0 €]', 1, ''),
(1393, '2014-08-29 00:59:55', 3, 83, '77', 'quota alta Individual: tuccia (Marta) [30.0 €]', 1, ''),
(1394, '2014-08-29 01:02:02', 3, 83, '78', 'quota alta Individual: tuccia (Marta) [30.0 €]', 1, ''),
(1395, '2014-08-29 01:06:45', 3, 83, '79', 'quota alta Individual: tuccia (Marta) [30.0 €]', 1, ''),
(1396, '2014-08-29 01:10:37', 3, 83, '80', 'quota alta Individual: tuccia (Marta) [30.0 €]', 1, ''),
(1397, '2014-08-29 01:18:48', 3, 83, '80', 'quota alta Individual: tuccia (Marta) [30.00 €]', 3, ''),
(1398, '2014-08-29 01:18:48', 3, 83, '79', 'quota alta Individual: tuccia (Marta) [30.00 €]', 3, ''),
(1399, '2014-08-29 01:18:48', 3, 83, '78', 'quota alta Individual: tuccia (Marta) [30.00 €]', 3, ''),
(1400, '2014-08-29 01:18:48', 3, 83, '77', 'quota alta Individual: tuccia (Marta) [30.00 €]', 3, ''),
(1401, '2014-08-29 01:18:48', 3, 83, '76', 'quota alta Individual: tuccia (Marta) [30.00 €]', 3, ''),
(1402, '2014-08-29 03:01:35', 3, 38, '60', 'Balabiro (Cooperatiu Col·lectiu)', 1, ''),
(1403, '2014-08-29 03:01:40', 3, 102, '82', 'alta Proj. Col·lectiu: Balabiro (Cooperatiu Col·lectiu)', 1, ''),
(1404, '2014-08-29 03:02:47', 3, 83, '83', 'quota alta Col·lectiva: Balabiro [60.00 €]', 2, 'Modificat deadline_date.'),
(1405, '2014-08-29 03:03:04', 3, 83, '83', 'quota alta Col·lectiva: Balabiro [60.00 €]', 2, 'Modificat payment_type.'),
(1406, '2014-08-29 03:04:17', 3, 83, '83', 'quota alta Col·lectiva: Balabiro [60.00 h]', 2, 'Modificat unit.'),
(1407, '2014-08-29 03:12:27', 3, 83, '83', 'quota alta Col·lectiva: Balabiro [60.00 h]', 2, 'Modificat payment_type.'),
(1408, '2014-08-29 03:13:11', 3, 83, '83', 'quota alta Col·lectiva: Balabiro [60.00 €]', 2, 'Modificat unit i payment_type.'),
(1409, '2014-08-29 03:13:41', 3, 83, '83', 'quota alta Col·lectiva: Balabiro [60.00 h]', 2, 'Modificat unit.'),
(1410, '2014-08-29 03:15:51', 3, 83, '83', 'quota alta Col·lectiva: Balabiro [12.0 €]', 2, 'Modificat unit.'),
(1411, '2014-08-29 03:16:25', 3, 83, '83', 'quota alta Col·lectiva: Balabiro [60.0 h]', 2, 'Modificat unit.'),
(1412, '2014-08-29 11:53:13', 1, 3, '3', 'iC_Akin_Membership', 2, 'Modificado/a permissions.'),
(1413, '2014-08-29 12:08:41', 20, 43, '10', 'AureaSocial (Sardenya 261-263 - Barcelona)', 1, ''),
(1414, '2014-08-29 12:15:03', 1, 3, '4', 'iC_Project_Membership', 2, 'Modificado/a permissions.'),
(1415, '2014-08-29 12:15:38', 1, 3, '4', 'iC_Project_Membership', 2, 'Modificado/a permissions.'),
(1416, '2014-08-29 12:16:41', 1, 3, '2', 'iC_Person_Membership', 2, 'Modificado/a permissions.'),
(1417, '2014-08-29 12:17:04', 1, 3, '2', 'iC_Person_Membership', 2, 'Modificado/a permissions.'),
(1418, '2014-08-29 12:34:44', 1, 3, '5', 'gestión_económica', 1, ''),
(1419, '2014-08-29 12:34:57', 1, 3, '6', 'comisión_de_acogida', 1, ''),
(1420, '2014-08-29 12:36:37', 1, 3, '7', 'iC_Self_Employed', 1, ''),
(1421, '2014-08-29 12:38:06', 1, 3, '8', 'iC_Stallholder', 1, ''),
(1422, '2014-08-29 16:27:30', 1, 101, '19', 'alta Soci Coop. Individual: seb (Sebb)', 2, 'Modificado/a expositors.'),
(1423, '2014-08-29 16:27:41', 1, 101, '19', 'alta Soci Coop. Individual: seb (Sebb)', 2, 'Modificado/a expositors.'),
(1424, '2014-08-29 16:28:05', 1, 101, '4', 'COOP0111 (bumbum)', 2, 'Modificado/a expositors.'),
(1425, '2014-08-30 17:16:26', 1, 83, '47', 'quota 4T: Creant [45.00 €]', 2, 'Modificado/a payment_type y rel_account.'),
(1426, '2014-08-30 17:17:08', 1, 69, '44', 'compte Criptomoneda: frfrf', 1, ''),
(1427, '2014-08-30 17:17:12', 1, 83, '47', 'quota 4T: Creant [45.00 €]', 2, 'Modificado/a rel_account.'),
(1428, '2014-08-30 17:33:43', 1, 69, '45', 'compte Criptomoneda: gsdgfg', 1, ''),
(1429, '2014-08-30 17:33:45', 1, 83, '47', 'quota 4T: Creant [45.00 €]', 2, 'Modificado/a rel_account.'),
(1430, '2014-08-30 17:46:54', 1, 69, '46', 'ertrewy', 1, ''),
(1431, '2014-08-30 17:47:09', 1, 69, '47', 'compte Bancari: ertrewy', 1, ''),
(1432, '2014-08-30 17:47:25', 1, 69, '48', 'equivalencia Moneda - Temps: grhgerhrefdhfd', 1, ''),
(1433, '2014-08-30 17:49:47', 1, 69, '49', '', 1, ''),
(1434, '2014-08-30 18:09:11', 1, 69, '50', 'compte Criptomoneda: eee', 1, ''),
(1435, '2014-08-30 18:09:14', 1, 83, '47', 'quota 4T: Creant [45.00 €]', 2, 'Modificado/a payment_type.'),
(1436, '2014-08-30 18:09:31', 1, 69, '51', 'compte CES: ces2345', 1, ''),
(1437, '2014-08-30 18:09:34', 1, 83, '47', 'quota 4T: Creant [45.00 €]', 2, 'No ha cambiado ningún campo.'),
(1438, '2014-08-30 18:09:43', 1, 83, '47', 'quota 4T: Creant [45.00 €]', 2, 'Modificado/a payment_type.'),
(1439, '2014-08-30 18:09:58', 1, 69, '52', 'compte CES: 2345', 1, ''),
(1440, '2014-08-30 18:10:01', 1, 83, '47', 'quota 4T: Creant [45.00 €]', 2, 'No ha cambiado ningún campo.'),
(1441, '2014-08-30 18:18:07', 1, 69, '53', 'equivalencia Moneda - Moneda: wwwwww', 1, ''),
(1442, '2014-08-30 18:18:10', 1, 83, '47', 'quota 4T: Creant [45.00 €]', 2, 'No ha cambiado ningún campo.'),
(1443, '2014-08-30 18:18:59', 1, 69, '54', 'compte CES: ssss', 1, ''),
(1444, '2014-08-30 18:19:02', 1, 83, '47', 'quota 4T: Creant [45.00 €]', 2, 'No ha cambiado ningún campo.'),
(1445, '2014-08-30 18:19:53', 1, 69, '55', 'compte CES: ggggggggggggg', 1, ''),
(1446, '2014-08-30 18:19:56', 1, 83, '47', 'quota 4T: Creant [45.00 €]', 2, 'No ha cambiado ningún campo.'),
(1447, '2014-08-30 18:24:34', 1, 83, '33', 'quota 3T: duub (Duub) [45.00 €]', 2, 'Modificado/a payment_type y rel_account.'),
(1448, '2014-08-31 10:05:04', 1, 69, '56', 'compte Criptomoneda: retr', 1, ''),
(1449, '2014-08-31 10:05:07', 1, 83, '30', 'quota alta Individual: duub (Duub) [30.00 €]', 2, 'Modificado/a payment_type y rel_account.'),
(1450, '2014-09-03 17:29:23', 1, 4, '1', 'aleph', 2, 'Modificado/a groups.'),
(1451, '2014-09-04 05:59:24', 34, 100, '95', 'alta Soci Afí Individual: miguel perez lopez (miki)', 2, 'Modificado/a ic_membership.'),
(1452, '2014-09-04 15:16:23', 1, 3, '3', 'iC_Akin_Membership', 2, 'Modificat permissions.'),
(1453, '2014-09-04 15:17:07', 1, 3, '3', 'iC_Akin_Membership', 2, 'Modificat permissions.'),
(1454, '2014-09-04 15:18:28', 1, 3, '3', 'iC_Akin_Membership', 2, 'Modificat permissions.'),
(1455, '2014-09-04 15:18:43', 1, 3, '3', 'iC_Akin_Membership', 2, 'Modificat permissions.'),
(1456, '2014-09-04 15:19:42', 1, 3, '3', 'iC_Akin_Membership', 2, 'Modificat permissions.'),
(1457, '2014-09-04 15:20:11', 1, 3, '3', 'iC_Akin_Membership', 2, 'Modificat permissions.'),
(1458, '2014-09-04 15:20:51', 34, 58, '4', 'qqqqq (qqqq - qqqqqq)', 1, ''),
(1459, '2014-09-04 15:20:54', 34, 37, '77', 'miguel perez lopez (miki)', 2, 'Añadido/a "qqqqq (qqqq - qqqqqq)" H_adr.'),
(1460, '2014-09-04 15:21:03', 1, 3, '3', 'iC_Akin_Membership', 2, 'Modificat permissions.'),
(1461, '2014-09-04 15:21:20', 1, 3, '3', 'iC_Akin_Membership', 2, 'Modificat permissions.'),
(1462, '2014-09-04 18:18:05', 34, 37, '77', 'miguel perez lopez (miki)', 2, 'No ha cambiado ningún campo.'),
(1463, '2014-09-04 18:27:13', 34, 37, '77', 'miguel perez lopez (miki)', 2, 'No ha cambiado ningún campo.'),
(1464, '2014-09-04 18:27:17', 34, 37, '77', 'miguel perez lopez (miki)', 2, 'No ha cambiado ningún campo.'),
(1465, '2014-09-04 18:49:48', 34, 37, '77', 'miguel perez lopez (miki)', 2, 'No ha cambiado ningún campo.'),
(1466, '2014-09-04 18:55:13', 34, 37, '77', 'miguel perez lopez (miki)', 2, 'No ha cambiado ningún campo.'),
(1467, '2014-09-04 19:09:33', 34, 37, '77', 'miguel perez lopez (miki)', 2, 'No ha cambiado ningún campo.'),
(1468, '2014-09-04 19:24:38', 34, 37, '77', 'miguel perez lopez (miki)', 2, 'No ha cambiado ningún campo.'),
(1469, '2014-09-04 19:25:07', 34, 37, '77', 'miguel perez lopez (miki)', 2, 'No ha cambiado ningún campo.'),
(1472, '2014-09-04 19:31:48', 34, 37, '77', 'miguel perez lopez (miki)', 2, 'No ha cambiado ningún campo.'),
(1473, '2014-09-04 19:32:24', 34, 37, '77', 'miguel perez lopez (miki)', 2, 'No ha cambiado ningún campo.'),
(1474, '2014-09-04 19:33:23', 34, 37, '77', 'miguel perez lopez (miki)', 2, 'No ha cambiado ningún campo.'),
(1475, '2014-09-04 19:33:43', 34, 37, '77', 'miguel perez lopez (miki)', 2, 'No ha cambiado ningún campo.'),
(1476, '2014-09-04 19:35:47', 34, 37, '77', 'miguel perez lopez (miki)', 2, 'No ha cambiado ningún campo.'),
(1477, '2014-09-04 19:35:52', 34, 37, '77', 'miguel perez lopez (miki)', 2, 'No ha cambiado ningún campo.'),
(1478, '2014-09-04 19:38:33', 34, 37, '77', 'miguel perez lopez (miki)', 2, 'No ha cambiado ningún campo.'),
(1479, '2014-09-04 19:39:02', 34, 37, '77', 'miguel perez lopez (miki)', 2, 'No ha cambiado ningún campo.'),
(1480, '2014-09-04 19:39:18', 34, 37, '77', 'miguel perez lopez (miki)', 2, 'Cap camp modificat.'),
(1481, '2014-09-04 19:39:46', 34, 37, '77', 'miguel perez lopez (miki)', 2, 'Cap camp modificat.'),
(1482, '2014-09-04 19:40:14', 34, 37, '77', 'miguel perez lopez (miki)', 2, 'Cap camp modificat.'),
(1483, '2014-09-04 19:41:17', 34, 37, '77', 'miguel perez lopez (miki)', 2, 'Cap camp modificat.'),
(1484, '2014-09-04 19:41:24', 34, 37, '77', 'miguel perez lopez (miki)', 2, 'Cap camp modificat.'),
(1485, '2014-09-04 19:42:35', 34, 37, '77', 'miguel perez lopez (miki)', 2, 'Cap camp modificat.'),
(1486, '2014-09-04 19:43:07', 34, 37, '77', 'miguel perez lopez (miki)', 2, 'Cap camp modificat.'),
(1487, '2014-09-04 19:44:13', 34, 37, '77', 'miguel perez lopez (miki)', 2, 'Cap camp modificat.'),
(1496, '2014-09-04 20:00:46', 34, 37, '77', 'miguel perez lopez (miki)', 2, 'Cap camp modificat.'),
(1497, '2014-09-04 20:00:51', 34, 37, '77', 'miguel perez lopez (miki)', 2, 'Cap camp modificat.'),
(1498, '2014-09-04 20:00:56', 34, 37, '77', 'miguel perez lopez (miki)', 2, 'Cap camp modificat.'),
(1499, '2014-09-04 20:01:39', 34, 37, '77', 'miguel perez lopez (miki)', 2, 'Cap camp modificat.'),
(1500, '2014-09-04 20:01:44', 34, 37, '77', 'miguel perez lopez (miki)', 2, 'Cap camp modificat.'),
(1501, '2014-09-04 20:01:47', 34, 37, '77', 'miguel perez lopez (miki)', 2, 'Cap camp modificat.'),
(1502, '2014-09-04 20:05:43', 34, 100, '95', 'alta Soci Afí Individual: miguel perez lopez (miki)', 2, 'Cap camp modificat.'),
(1503, '2014-09-04 20:08:52', 34, 100, '95', 'alta Soci Afí Individual: miguel perez lopez (miki)', 2, 'Cap camp modificat.'),
(1505, '2014-09-04 20:14:21', 34, 100, '95', 'alta Soci Afí Individual: miguel perez lopez (miki)', 2, 'Cap camp modificat.'),
(1506, '2014-09-04 20:14:31', 34, 100, '95', 'alta Soci Afí Individual: miguel perez lopez (miki)', 2, 'Cap camp modificat.'),
(1507, '2014-09-04 20:14:34', 34, 100, '95', 'alta Soci Afí Individual: miguel perez lopez (miki)', 2, 'Cap camp modificat.');
INSERT INTO `django_admin_log` (`id`, `action_time`, `user_id`, `content_type_id`, `object_id`, `object_repr`, `action_flag`, `change_message`) VALUES
(1508, '2014-09-04 20:16:02', 34, 100, '95', 'alta Soci Afí Individual: miguel perez lopez (miki)', 2, 'Cap camp modificat.'),
(1509, '2014-09-04 21:04:10', 34, 100, '95', 'alta Soci Afí Individual: miguel perez lopez (miki)', 2, 'Cap camp modificat.'),
(1510, '2014-09-04 21:25:36', 37, 100, '106', 'alta Soci Afí Individual: Juan Lopez Gutierrez (afinito)', 2, 'Cap camp modificat.'),
(1511, '2014-09-04 21:42:00', 38, 37, '81', 'Luis hiuyt teett (cooper)', 2, 'Cap camp modificat.'),
(1512, '2014-09-04 21:42:23', 38, 101, '108', 'alta Soci Coop. Individual: cooper (Luis)', 2, 'Modificat join_date.'),
(1513, '2014-09-04 21:42:26', 38, 101, '108', 'alta Soci Coop. Individual: cooper (Luis)', 2, 'Cap camp modificat.'),
(1514, '2014-09-04 22:03:01', 38, 83, '107', 'quota alta Individual: cooper (Luis) [30.0 €]', 2, 'Modificat payment_type.'),
(1515, '2014-09-04 22:56:38', 1, 3, '6', 'iC_Welcome', 2, 'Modificat name i permissions.'),
(1516, '2014-09-04 23:02:36', 1, 83, '107', 'quota alta Individual: cooper (Luis) [30.0 €]', 2, 'Modificat payment_type i payment_date.'),
(1517, '2014-09-04 23:40:20', 1, 4, '21', 'person', 2, 'Modificat username, first_name, last_name, is_staff i groups.'),
(1518, '2014-09-04 23:40:33', 1, 4, '1', 'aleph', 2, 'Modificat password.'),
(1519, '2014-09-04 23:51:18', 1, 3, '6', 'iC_Welcome', 2, 'Modificat permissions.'),
(1520, '2014-09-04 23:51:37', 1, 3, '6', 'iC_Welcome', 2, 'Modificat permissions.'),
(1521, '2014-09-04 23:54:55', 21, 101, '108', 'dsfdfdsf (cooper)', 2, 'Modificat ic_CESnum.'),
(1522, '2014-09-05 00:10:15', 1, 4, '39', 'lolo', 1, ''),
(1523, '2014-09-05 00:10:21', 1, 4, '39', 'lolo', 2, 'Modificat groups.'),
(1524, '2014-09-05 00:30:19', 1, 4, '39', 'lolo', 2, 'Modificat is_staff.'),
(1525, '2014-09-05 02:06:47', 1, 3, '3', 'iC_Akin_Membership', 2, 'Modificat permissions.'),
(1526, '2014-09-05 02:20:20', 21, 83, '117', 'quota alta Individual: asdgsda (sdh) [30.0 €]', 2, 'Modificat payment_type i payment_date.'),
(1527, '2014-09-05 02:20:44', 21, 78, '118', 'dgsdgsdg (asdgsda)', 2, 'Modificat ic_CESnum.'),
(1528, '2014-09-05 03:11:58', 1, 4, '38', 'cooper', 2, 'Modificat is_staff i groups.'),
(1529, '2014-09-05 03:12:26', 38, 83, '122', 'quota alta Col·lectiva: wwwwwwwwwwwwwwww [60.0 €]', 2, 'Modificat payment_type i payment_date.'),
(1530, '2014-09-05 03:15:22', 38, 78, '123', 'sdfsdgsd ()', 2, 'Modificat ic_CESnum.'),
(1531, '2014-09-05 03:15:42', 44, 37, '88', 'wwwwwwwww (swwwwwww)', 2, 'Cap camp modificat.'),
(1532, '2014-09-05 14:08:39', 1, 3, '6', 'pu', 2, 'Modificat name i permissions.'),
(1533, '2014-09-05 14:16:29', 1, 3, '6', 'iC_Welcome', 2, 'Modificat name.'),
(1534, '2014-09-05 14:50:11', 34, 37, '77', 'miguel perez lopez (miki)', 2, 'Cap camp modificat.'),
(1535, '2014-09-05 17:37:05', 38, 79, '124', 'alta Proj. Autoocupat: sdfsdgsd ()', 1, ''),
(1536, '2014-09-05 17:42:15', 38, 79, '125', 'alta Proj. Autoocupat: sdfsdgsd ()', 1, ''),
(1537, '2014-09-05 17:43:01', 1, 3, '6', 'iC_Welcome', 2, 'Modificat permissions.'),
(1538, '2014-09-05 17:43:25', 38, 79, '126', 'alta Proj. Autoocupat: sdfsdgsd ()', 1, ''),
(1539, '2014-09-05 17:50:21', 38, 79, '126', 'alta Proj. Autoocupat: sdfsdgsd ()', 3, ''),
(1540, '2014-09-05 17:50:21', 38, 79, '125', 'alta Proj. Autoocupat: sdfsdgsd ()', 3, ''),
(1541, '2014-09-05 17:52:02', 42, 37, '84', 'Aleph Null (proyecto)', 2, 'Modificat name, surnames, id_card, nickname2, birth_date, website i telephone_cell.'),
(1542, '2014-09-05 17:54:03', 42, 38, '85', 'enredaos (cicicdev)', 2, 'Modificat name, nickname, project_type, website, ecommerce, socialweb, email, birth_date, parent i description.'),
(1543, '2014-09-05 17:55:19', 38, 102, '123', '09890 lH ()', 2, 'Modificat ic_CESnum.'),
(1544, '2014-09-05 17:56:02', 38, 102, '123', '09890 lH ()', 2, 'Modificat contribution i description.'),
(1545, '2014-09-05 17:56:14', 38, 79, '124', 'alta Proj. Autoocupat: 09890 lH ()', 2, 'Cap camp modificat.'),
(1546, '2014-09-05 17:58:38', 38, 81, '15', 'acollida Autoocupats: 2014-08-21 (Sebas) AureaSocial', 2, 'Modificat assistants.'),
(1547, '2014-09-05 18:14:08', 38, 4, '42', 'proyecto', 2, 'Modificat groups.'),
(1548, '2014-09-05 18:47:07', 38, 4, '42', 'proyecto', 2, 'Modificat first_name i last_name.'),
(1549, '2014-09-05 19:41:17', 38, 83, '127', 'quota alta Individual: zzz (zzzzz) [30.0 €]', 2, 'Modificat payment_type i payment_date.'),
(1550, '2014-09-05 19:41:40', 38, 78, '128', '3456 (zzz)', 2, 'Modificat ic_CESnum.'),
(1551, '2014-09-05 19:53:18', 38, 79, '129', 'alta Proj. Autoocupat: 3456 (zzz)', 1, ''),
(1552, '2014-09-05 19:53:46', 38, 37, '90', 'zzzzz zzzz (zzz)', 2, 'Modificat website, telephone_cell, telephone_land i description.'),
(1553, '2014-09-05 19:53:55', 38, 79, '129', 'alta Proj. Autoocupat: 3456 (zzz)', 2, 'Cap camp modificat.'),
(1554, '2014-09-05 19:54:15', 38, 37, '90', 'zzzzz zzzz (zzz)', 2, 'Afegit H_adr "treballant a > pis de mallorca (Mallorca, 450 - Barcelona)"'),
(1555, '2014-09-05 19:54:21', 38, 79, '129', 'alta Proj. Autoocupat: 3456 (zzz)', 2, 'Cap camp modificat.'),
(1556, '2014-09-05 19:54:38', 38, 101, '128', '3456 (zzz)', 2, 'Modificat expositors i description.'),
(1557, '2014-09-05 19:54:43', 38, 79, '129', 'alta Proj. Autoocupat: 3456 (zzz)', 2, 'Cap camp modificat.'),
(1558, '2014-09-05 19:55:27', 38, 37, '90', 'zzzzz zzzz (zzz)', 2, 'Modificat main_address per a H_adr "treballant a > pis de mallorca (Mallorca, 450 - Barcelona)".'),
(1559, '2014-09-05 19:55:33', 38, 79, '129', 'alta Proj. Autoocupat: 3456 (zzz)', 2, 'Cap camp modificat.'),
(1560, '2014-09-05 19:55:39', 38, 79, '129', 'alta Proj. Autoocupat: 3456 (zzz)', 2, 'Modificat organic.'),
(1561, '2014-09-05 22:34:35', 38, 81, '15', 'acollida Autoocupats: 2014-08-21 (Sebas) AureaSocial', 2, 'Cap camp modificat.'),
(1562, '2014-09-05 22:35:38', 38, 81, '23', 'formació Moneda Social: 2014-08-25 (Marta) AureaSocial', 2, 'Modificat assistants.'),
(1563, '2014-09-06 03:44:33', 42, 58, '5', 'direcion a proyecto (gsg - dgsdgdsg)', 1, ''),
(1564, '2014-09-06 03:44:36', 42, 37, '84', 'Aleph Null (proyecto)', 2, 'Afegit H_adr "direcion a proyecto (gsg - dgsdgdsg)"'),
(1565, '2014-09-06 03:57:21', 42, 58, '6', 'gsdgsdgdsg (dgdsgdsg - dgsdgdsg)', 1, ''),
(1566, '2014-09-06 03:57:26', 42, 38, '85', 'enredaos (cicicdev)', 2, 'Afegit H_adr "gsdgsdgdsg (dgdsgdsg - dgsdgdsg)"'),
(1567, '2014-09-06 03:57:50', 42, 38, '85', 'enredaos (cicicdev)', 2, 'Afegit H_per "referenciant > Aleph Null (proyecto)"'),
(1568, '2014-09-06 05:05:08', 46, 58, '7', 'gfdjgfdjgfdj (fdgjfgjfgjgjfgjgf - fgjfgjfgjfg)', 1, ''),
(1569, '2014-09-06 05:05:15', 46, 37, '91', 'elnomdelprovant cognoms del provant (prueba_person)', 2, 'Afegit H_adr "gfdjgfdjgfdj (fdgjfgjfgjgjfgjgf - fgjfgjfgjfg)"'),
(1570, '2014-09-06 05:08:45', 38, 83, '130', 'quota alta Individual: prueba_person (elnomdelprovant) [30.0 €]', 2, 'Modificat payment_type i payment_date.'),
(1571, '2014-09-06 05:09:13', 46, 101, '131', 'alta Soci Coop. Individual: prueba_person (elnomdelprovant)', 2, 'Cap camp modificat.'),
(1572, '2014-09-06 05:10:07', 38, 78, '131', 'COOP4567 (prueba_person)', 2, 'Modificat ic_CESnum, contribution, expositors i description.'),
(1573, '2014-09-06 05:12:53', 38, 81, '15', 'acollida Autoocupats: 2014-08-21 (Sebas) AureaSocial', 2, 'Modificat assistants.'),
(1574, '2014-09-06 05:14:52', 38, 79, '132', 'alta Proj. Autoocupat: COOP4567 (prueba_person)', 1, ''),
(1575, '2014-09-06 05:18:41', 38, 81, '15', 'acollida Autoocupats: 2014-08-21 (Sebas) AureaSocial', 2, 'Modificat assistants.'),
(1576, '2014-09-06 06:12:33', 38, 58, '7', 'gfdjgfdjgfdj (fdgjfgjfgjgjfgjgf - fgjfgjfgjfg)', 2, 'Modificat postalcode i description.'),
(1577, '2014-09-06 06:15:39', 38, 58, '7', 'gfdjgfdjgfdj (fdgjfgjfgjgjfgjgf - fgjfgjfgjfg)', 2, 'Modificat region.'),
(1578, '2014-09-06 06:15:44', 38, 37, '91', 'elnomdelprovant cognoms del provant (prueba_person)', 2, 'Modificat description.'),
(1579, '2014-09-06 06:36:24', 38, 3, '7', 'iC_Self_Employed', 2, 'Modificat permissions.'),
(1580, '2014-09-06 07:36:59', 38, 83, '135', 'quota alta Individual: angel (angel) [30.0 €]', 2, 'Modificat payment_type i payment_date.'),
(1581, '2014-09-06 07:38:05', 38, 78, '136', '686786 (angel)', 2, 'Modificat ic_CESnum.'),
(1582, '2014-09-06 07:41:42', 38, 83, '137', 'quota alta Col·lectiva: FinDualidad [60.0 €]', 2, 'Modificat payment_type i payment_date.'),
(1583, '2014-09-06 07:42:13', 38, 78, '138', 'OOPC3464 ()', 2, 'Modificat ic_CESnum.'),
(1584, '2014-09-06 11:28:57', 53, 58, '8', 'la meva de casa (calle del cuerno - jaen)', 1, ''),
(1585, '2014-09-06 11:29:05', 53, 37, '99', 'prudecolec indivicual soci (pcol)', 2, 'Afegit H_adr "habitant a > la meva de casa (calle del cuerno - jaen)"'),
(1586, '2014-09-06 11:29:51', 38, 83, '142', 'quota alta Individual: pcol (prudecolec) [30.0 €]', 2, 'Modificat payment_type i payment_date.'),
(1587, '2014-09-06 11:30:27', 38, 78, '143', '545656 (pcol)', 2, 'Modificat ic_CESnum, expositors i description.'),
(1588, '2014-09-06 11:30:33', 38, 78, '143', '545656 (pcol)', 2, 'Modificat contribution.'),
(1589, '2014-09-06 11:31:55', 38, 83, '144', 'quota 4T: pcol (prudecolec) [12 eco]', 1, ''),
(1590, '2014-09-06 11:31:58', 38, 79, '145', 'alta Proj. Autoocupat: 545656 (pcol)', 1, ''),
(1591, '2014-09-06 11:46:31', 38, 4, '38', 'cooper', 2, 'Modificat password.'),
(1592, '2014-09-06 11:46:38', 38, 4, '52', 'demian', 2, 'Modificat username.'),
(1593, '2014-09-06 11:48:36', 38, 81, '15', 'acollida Autoocupats: 2014-08-21 (Sebas) AureaSocial', 2, 'Modificat assistants.'),
(1594, '2014-09-06 11:50:47', 38, 79, '146', 'alta Proj. Autoocupat: 686786 (angel)', 1, ''),
(1595, '2014-09-07 09:56:32', 1, 36, '98', 'ddddd (453264346)', 2, 'Modificat name, telephone_land, telephone_cell i project_website.'),
(1596, '2014-09-07 10:02:20', 1, 36, '101', 'juanito', 1, ''),
(1597, '2014-09-07 11:27:28', 1, 36, '102', 'dsgdgsdgsdg', 1, ''),
(1598, '2014-09-07 15:30:41', 1, 36, '103', 'jacionto', 1, ''),
(1599, '2014-09-07 16:30:29', 1, 3, '6', 'iC_Welcome', 2, 'Modificat permissions.'),
(1600, '2014-09-07 16:30:56', 1, 3, '6', 'iC_Welcome', 2, 'Modificat permissions.'),
(1601, '2014-09-07 16:33:25', 1, 3, '6', 'iC_Welcome', 2, 'Modificat permissions.'),
(1602, '2014-09-07 16:33:30', 1, 3, '6', 'iC_Welcome', 2, 'Modificat permissions.'),
(1603, '2014-09-07 16:34:08', 1, 4, '38', 'cooper', 2, 'Modificat groups.'),
(1604, '2014-09-07 16:34:17', 1, 4, '38', 'cooper', 2, 'Modificat groups.'),
(1605, '2014-09-07 16:37:06', 1, 4, '38', 'cooper', 2, 'Modificat groups.'),
(1606, '2014-09-07 16:37:15', 1, 4, '38', 'cooper', 2, 'Modificat is_superuser.'),
(1607, '2014-09-07 16:37:25', 1, 4, '38', 'cooper', 2, 'Modificat is_superuser i groups.'),
(1608, '2014-09-07 16:37:36', 1, 4, '38', 'cooper', 2, 'Modificat groups.'),
(1609, '2014-09-07 16:37:55', 1, 3, '7', 'iC_Self_Employed', 2, 'Modificat permissions.'),
(1610, '2014-09-07 16:48:13', 1, 3, '4', 'iC_Project_Membership', 2, 'Modificat permissions.'),
(1611, '2014-09-07 16:48:50', 1, 4, '55', 'proyectivo', 1, ''),
(1612, '2014-09-07 16:49:18', 1, 4, '55', 'proyectivo', 2, 'Modificat first_name, last_name, email, is_staff i groups.'),
(1613, '2014-09-07 16:49:54', 1, 4, '55', 'proyectivo', 2, 'Modificat is_superuser.'),
(1614, '2014-09-07 16:52:09', 1, 4, '55', 'proyectivo', 2, 'Modificat user_permissions.'),
(1615, '2014-09-07 16:52:17', 1, 4, '55', 'proyectivo', 2, 'Modificat is_superuser.'),
(1616, '2014-09-07 17:00:09', 1, 3, '3', 'iC_Akin_Membership', 2, 'Modificat permissions.'),
(1617, '2014-09-07 17:00:18', 1, 3, '5', 'gestión_económica', 2, 'Modificat permissions.'),
(1618, '2014-09-07 17:00:21', 1, 3, '5', 'gestión_económica', 2, 'Cap camp modificat.'),
(1619, '2014-09-07 19:23:57', 1, 36, 'None', '2323232', 1, ''),
(1620, '2014-09-07 19:27:48', 1, 36, 'None', '2323232', 1, ''),
(1621, '2014-09-07 19:30:44', 1, 36, 'None', 'rtrtrtrtr', 1, ''),
(1622, '2014-09-07 19:31:42', 1, 36, 'None', 'dgdsgdsg', 1, ''),
(1623, '2014-09-07 19:33:22', 1, 36, 'None', 'dgsdg', 1, ''),
(1624, '2014-09-07 19:35:20', 1, 36, 'None', 'asgg', 1, ''),
(1625, '2014-09-07 19:36:39', 1, 36, 'None', 'wetew', 1, ''),
(1626, '2014-09-07 19:37:54', 1, 36, 'None', 'kiko', 1, ''),
(1627, '2014-09-07 20:32:06', 1, 38, '112', 'Jacinto (Públic)', 2, 'Modificat name i project_type.'),
(1628, '2014-09-07 20:43:22', 1, 38, '112', 'Jacinto (Públic)', 2, 'Cap camp modificat.'),
(1629, '2014-09-07 20:43:42', 1, 38, '113', 'kiko', 2, 'Cap camp modificat.'),
(1630, '2014-09-07 20:44:05', 1, 37, '100', 'sdgdg asdgsdg (sdgdg)', 2, 'Cap camp modificat.'),
(1633, '2014-09-07 20:47:35', 1, 37, '100', 'sdgdg asdgsdg (sdgdg)', 2, 'Cap camp modificat.'),
(1634, '2014-09-07 20:52:11', 1, 37, '100', 'sdgdg asdgsdg (sdgdg)', 2, 'Cap camp modificat.'),
(1635, '2014-09-07 20:52:28', 1, 37, '100', 'sdgdg asdgsdg (sdgdg)', 2, 'Cap camp modificat.'),
(1636, '2014-09-07 20:53:09', 1, 37, '100', 'sdgdg asdgsdg (sdgdg)', 2, 'Cap camp modificat.'),
(1637, '2014-09-07 20:54:00', 1, 37, '99', 'prudecolec indivicual soci (pcol)', 2, 'Cap camp modificat.'),
(1638, '2014-09-07 20:54:20', 1, 37, '99', 'prudecolec indivicual soci (pcol)', 2, 'Cap camp modificat.'),
(1640, '2014-09-07 20:58:07', 1, 37, '100', 'sdgdg asdgsdg (sdgdg)', 2, 'Cap camp modificat.'),
(1641, '2014-09-07 20:58:15', 1, 38, '111', 'asgg', 2, 'Cap camp modificat.'),
(1642, '2014-09-07 20:58:24', 1, 38, '112', 'Jacinto (Públic)', 2, 'Cap camp modificat.'),
(1643, '2014-09-07 20:59:37', 1, 36, 'None', 'metalescena', 1, ''),
(1644, '2014-09-07 21:00:31', 1, 36, 'None', 'tttt', 1, ''),
(1645, '2014-09-07 21:01:24', 1, 38, '115', 'gestion', 2, 'Modificat name.'),
(1646, '2014-09-07 21:01:37', 1, 38, '115', 'gestion', 2, 'Cap camp modificat.'),
(1647, '2014-09-07 21:01:41', 1, 38, '115', 'gestion', 2, 'Cap camp modificat.'),
(1648, '2014-09-07 21:52:58', 1, 38, '67', 'dsgsdgdg (dgsdgdgdsgdg)', 2, 'Modificat name, nickname, project_type, website i socialweb.'),
(1649, '2014-09-07 22:03:05', 1, 38, '67', 'dsgsdgdg (dgsdgdgdsgdg)', 2, 'Cap camp modificat.'),
(1650, '2014-09-07 22:16:58', 1, 36, 'None', 'lolo', 1, ''),
(1651, '2014-09-07 22:19:19', 1, 36, 'None', '44444s', 1, ''),
(1652, '2014-09-07 22:57:04', 1, 98, '38', 'Tipus parada firaire (iC_tent_type)', 1, ''),
(1653, '2014-09-07 22:57:56', 1, 98, '39', 'Carpa (iC_tent_type)', 1, ''),
(1654, '2014-09-07 22:58:30', 1, 98, '38', 'Tipus parada firaire (iC_tent_type)', 2, 'Cap camp modificat.'),
(1655, '2014-09-07 22:58:41', 1, 98, '39', 'Carpa (iC_tent_type)', 2, 'Modificat parent.'),
(1656, '2014-09-07 22:58:57', 1, 98, '39', 'Carpa', 2, 'Modificat clas.'),
(1657, '2014-09-07 22:59:13', 1, 98, '38', 'Tipus parada firaire (tent_type)', 2, 'Modificat clas.'),
(1658, '2014-09-08 12:00:46', 1, 38, '115', 'gestion', 2, 'Afegit H_per "referenciant > Duub Cognom (duub)"'),
(1659, '2014-09-08 12:02:49', 1, 38, '115', 'gestion', 2, 'Afegit H_per "referenciant > Duub Cognom (duub)"'),
(1660, '2014-09-08 12:12:59', 1, 36, 'None', 'mosi', 1, ''),
(1661, '2014-09-08 12:13:58', 1, 38, '119', 'mosi', 2, 'Afegit H_per "referenciant > ssdsdgdsg sdgdg (dgsdgdsg)"'),
(1662, '2014-09-08 16:40:55', 57, 37, '120', 'marcos (marcos)', 2, 'Cap camp modificat.'),
(1663, '2014-09-08 16:42:29', 1, 3, '3', 'iC_Akin_Membership', 2, 'Modificat permissions.'),
(1664, '2014-09-08 16:42:45', 1, 3, '3', 'iC_Akin_Membership', 2, 'Modificat permissions.'),
(1665, '2014-09-08 16:55:25', 1, 83, '220', 'quota alta Individual: majte (nujta) [30.0 €]', 2, 'Modificat payment_type i payment_date.'),
(1666, '2014-09-08 16:56:06', 1, 78, '221', '45346436 (majte)', 2, 'Modificat ic_CESnum.'),
(1667, '2014-09-08 17:05:57', 1, 78, '221', 'alta Soci Coop. Individual: majte (nujta)', 2, 'Modificat ic_CESnum.'),
(1668, '2014-09-08 17:36:31', 1, 36, 'None', 'erti', 1, ''),
(1669, '2014-09-08 17:41:13', 1, 36, 'None', 'mares', 1, ''),
(1670, '2014-09-08 21:57:22', 1, 79, '124', 'alta Proj. Autoocupat: 09890 lH ()', 2, 'Cap camp modificat.'),
(1671, '2014-09-09 03:07:44', 1, 78, '236', ' (!record_type) > mares', 2, 'Modificat expositors.'),
(1672, '2014-09-09 03:15:32', 1, 78, '236', ' (!record_type) > mares', 2, 'Modificat join_fee.'),
(1673, '2014-09-09 03:52:37', 1, 38, '125', 'mares', 2, 'Cap camp modificat.'),
(1674, '2014-09-09 03:53:34', 1, 36, '126', 'dfsdgsdgsdgdgd', 1, ''),
(1677, '2014-09-09 04:06:06', 1, 78, '236', ' (!record_type) > project persona (anonymous)', 2, 'Modificat human.'),
(1678, '2014-09-09 12:08:23', 1, 78, '221', 'alta Soci Coop. Individual: marcos (marcos)', 2, 'Modificat human.'),
(1679, '2014-09-09 13:48:04', 1, 78, '223', 'alta Proj. Col·lectiu: PROJECTO1', 2, 'Modificat expositors.'),
(1680, '2014-09-09 20:34:43', 1, 36, '122', 'project persona (anonymous)', 2, 'Cap camp modificat.'),
(1681, '2014-09-09 20:59:02', 1, 36, '122', 'project persona (55555555)', 2, 'Modificat name, birth_date i death_date.'),
(1682, '2014-09-09 21:40:52', 1, 78, '223', 'alta Proj. Col·lectiu: PROJECTO1', 2, 'Modificat expositors.'),
(1683, '2014-09-09 21:42:37', 1, 36, '123', 'PROJECTO1', 2, 'Cap camp modificat.'),
(1684, '2014-09-09 21:42:54', 1, 36, '127', 'dddd (ddd)', 1, ''),
(1685, '2014-09-09 21:44:06', 1, 36, '123', 'PROJECTO1', 2, 'Cap camp modificat.'),
(1686, '2014-09-09 21:44:14', 1, 36, '128', 'gggg', 1, ''),
(1687, '2014-09-09 21:44:22', 1, 36, '129', 'ggg', 1, ''),
(1688, '2014-09-09 21:46:11', 1, 36, '123', 'PROJECTO1', 3, ''),
(1689, '2014-09-09 21:50:34', 1, 78, '143', '545656 (pcol)', 2, 'Cap camp modificat.'),
(1690, '2014-09-09 21:51:07', 1, 36, '130', '66666666666666666', 1, ''),
(1691, '2014-09-09 21:55:41', 1, 37, '99', 'prudecolec indivicual soci (pcol)', 2, 'Cap camp modificat.'),
(1692, '2014-09-09 21:59:00', 1, 36, '99', 'pcol (prudecolec)', 2, 'Cap camp modificat.'),
(1693, '2014-09-09 21:59:40', 1, 36, '99', 'pcol (prudecolec)', 2, 'Cap camp modificat.'),
(1694, '2014-09-09 22:01:37', 1, 36, '99', 'pcol (prudecolec)', 2, 'Cap camp modificat.'),
(1695, '2014-09-09 22:02:12', 1, 36, '99', 'pcol (prudecolec)', 2, 'Cap camp modificat.'),
(1696, '2014-09-09 22:04:59', 1, 36, '99', 'pcol (prudecolec)', 2, 'Cap camp modificat.'),
(1697, '2014-09-09 22:06:40', 1, 36, '99', 'pcol (prudecolec)', 2, 'Cap camp modificat.'),
(1700, '2014-09-09 22:22:24', 1, 36, '99', 'pcol (prudecolec)', 2, 'Cap camp modificat.'),
(1701, '2014-09-09 22:23:13', 1, 36, '99', 'pcol (prudecolec)', 2, 'Cap camp modificat.'),
(1702, '2014-09-09 22:25:16', 1, 36, '131', 'eee', 1, ''),
(1703, '2014-09-09 22:36:22', 1, 36, '99', 'pcol (prudecolec)', 2, 'Cap camp modificat.'),
(1704, '2014-09-09 22:38:21', 1, 36, '99', 'pcol (prudecolec1)', 2, 'Modificat name.'),
(1705, '2014-09-09 22:38:40', 1, 36, '99', 'pcol (prudecolec1)', 2, 'Cap camp modificat.'),
(1706, '2014-09-09 22:41:00', 1, 36, '99', 'pcol (prudecolec1)', 2, 'Cap camp modificat.'),
(1707, '2014-09-09 22:42:08', 1, 36, '99', 'pcol (prudecolec1)', 2, 'Cap camp modificat.'),
(1708, '2014-09-09 22:50:33', 1, 36, '99', 'pcol (prudecolec1)', 2, 'Cap camp modificat.'),
(1709, '2014-09-09 22:50:42', 1, 36, '99', 'pcol (prudecolec1)', 2, 'Cap camp modificat.'),
(1710, '2014-09-09 22:51:02', 1, 36, '99', 'pcol (prudecolec1)', 2, 'Cap camp modificat.'),
(1711, '2014-09-09 22:51:23', 1, 36, '99', 'pcol (prudecolec1)', 2, 'Cap camp modificat.'),
(1712, '2014-09-09 22:51:54', 1, 36, '99', 'pcol (prudecolec1)', 2, 'Cap camp modificat.'),
(1713, '2014-09-09 22:52:44', 1, 36, '99', 'pcol (prudecolec1)', 2, 'Cap camp modificat.'),
(1714, '2014-09-09 22:52:55', 1, 36, '99', 'pcol (prudecolec1)', 2, 'Modificat death_date.'),
(1715, '2014-09-09 22:53:13', 1, 36, '99', 'pcol (prudecolec1)', 2, 'Cap camp modificat.'),
(1716, '2014-09-09 22:54:10', 1, 36, '99', 'pcol (prudecolec1)', 2, 'Cap camp modificat.'),
(1717, '2014-09-09 22:54:25', 1, 36, '99', 'pcol (prudecolec1)', 2, 'Cap camp modificat.'),
(1718, '2014-09-09 22:54:44', 1, 36, '99', 'pcol (prudecolec1)', 2, 'Cap camp modificat.'),
(1719, '2014-09-09 22:55:10', 1, 36, '99', 'pcol (456)', 2, 'Modificat name.'),
(1720, '2014-09-09 22:55:50', 1, 36, '132', 'er', 1, ''),
(1722, '2014-09-09 22:57:21', 1, 78, '143', '545656 ()', 2, 'Modificat human i end_date.'),
(1723, '2014-09-09 23:07:42', 1, 36, '120', 'marcos (marcosrrrrrr)', 2, 'Modificat name.'),
(1724, '2014-09-09 23:59:42', 1, 36, '133', 'yutyiyoitotu', 1, ''),
(1725, '2014-09-09 23:59:48', 1, 78, '221', 'alta Soci Coop. Individual: yutyiyoitotu', 2, 'Modificat human.'),
(1726, '2014-09-10 00:01:22', 1, 36, '133', '4444444444444', 2, 'Modificat name.'),
(1727, '2014-09-10 00:02:15', 1, 36, '133', '4444444444444', 2, 'Cap camp modificat.'),
(1728, '2014-09-10 00:03:00', 1, 36, '133', '4444444444444', 2, 'Cap camp modificat.'),
(1729, '2014-09-10 00:03:18', 1, 36, '133', '4444444444444', 2, 'Modificat birth_date.'),
(1730, '2014-09-10 00:03:37', 1, 36, '133', '33333333333333', 2, 'Modificat name.'),
(1731, '2014-09-10 00:03:40', 1, 78, '221', 'alta Soci Coop. Individual: 33333333333333', 2, 'Cap camp modificat.'),
(1732, '2014-09-10 00:04:26', 1, 36, '133', '2222222222222', 2, 'Modificat name.'),
(1733, '2014-09-10 00:04:42', 1, 36, '133', '111111111111', 2, 'Modificat name.'),
(1734, '2014-09-10 00:05:42', 1, 36, '133', '2222222', 2, 'Modificat name.'),
(1735, '2014-09-10 00:05:54', 1, 36, '133', 'wwwwwwwww', 2, 'Modificat name.'),
(1736, '2014-09-10 00:07:51', 1, 36, '133', '33333333333', 2, 'Modificat name.'),
(1737, '2014-09-10 00:08:01', 1, 36, '133', '111111', 2, 'Modificat name.'),
(1738, '2014-09-10 12:42:29', 1, 36, '134', 'humol', 1, ''),
(1739, '2014-09-10 12:42:35', 1, 78, '236', ' (!record_type) > humol', 2, 'Modificat human.'),
(1740, '2014-09-10 12:42:47', 1, 36, '134', 'humol1', 2, 'Modificat name.'),
(1741, '2014-09-10 12:57:31', 1, 78, '236', ' (!record_type) > dfsdgsdgsdgdgd', 2, 'Modificat human.'),
(1742, '2014-09-10 12:59:41', 1, 36, '135', 'juanillo', 1, ''),
(1743, '2014-09-10 12:59:45', 1, 78, '236', ' (!record_type) > juanillo', 2, 'Modificat human.'),
(1744, '2014-09-10 13:00:05', 1, 78, '236', ' (!record_type) > marcos (marcosrrrrrr)', 2, 'Modificat human.'),
(1745, '2014-09-10 13:00:37', 1, 78, '221', 'alta Soci Coop. Individual: juanillo', 2, 'Modificat human.'),
(1746, '2014-09-10 13:04:00', 1, 36, '135', 'juanillo', 3, ''),
(1747, '2014-09-10 17:29:17', 1, 78, '233', ' (!record_type) > mares', 2, 'Modificat expositors.'),
(1748, '2014-09-12 19:07:42', 1, 58, '9', 'hdffdhfdh (hfdhfhdfh - fdhfdhfdh)', 1, ''),
(1749, '2014-09-12 22:47:54', 1, 78, '184', 'CIC (!record_type) > dgsdgdsg (ssdsdgdsg)', 2, 'Modificat expositors.'),
(1750, '2014-09-12 23:08:06', 1, 78, '184', 'CIC (!record_type) > dgsdgdsg (ssdsdgdsg)', 2, 'Modificat expositors.'),
(1751, '2014-09-12 23:08:15', 1, 78, '184', 'CIC (!record_type) > dgsdgdsg (ssdsdgdsg)', 2, 'Modificat expositors.'),
(1752, '2014-09-12 23:08:26', 1, 78, '184', 'CIC (!record_type) > dgsdgdsg (ssdsdgdsg)', 2, 'Modificat expositors.'),
(1753, '2014-09-12 23:14:44', 1, 58, '10', 'ttretwre (yreyrey - yreyry)', 1, ''),
(1754, '2014-09-12 23:14:59', 1, 36, '135', 'etwetet', 1, ''),
(1755, '2014-09-12 23:15:28', 1, 36, '118', 'dgsdgdsg (ssdsdgdsg)', 2, 'Cap camp modificat.'),
(1756, '2014-09-12 23:15:45', 1, 36, '118', 'dgsdgdsg (ssdsdgdsg)', 2, 'Cap camp modificat.'),
(1757, '2014-09-12 23:26:10', 1, 36, '136', 'gfdfg', 1, ''),
(1758, '2014-09-12 23:26:33', 1, 36, '118', 'dgsdgdsg (ssdsdgdsg)', 2, 'Cap camp modificat.'),
(1759, '2014-09-12 23:28:10', 1, 36, '137', 'dfsdfdsfds', 1, ''),
(1760, '2014-09-12 23:35:33', 1, 36, '138', '44444', 1, ''),
(1761, '2014-09-12 23:35:43', 1, 36, '118', 'dgsdgdsg (ssdsdgdsg)', 2, 'Modificat birth_date.'),
(1762, '2014-09-12 23:36:54', 1, 36, '118', 'dgsdgdsg (aaaaaaaaaaaaaaaaa)', 2, 'Modificat name.'),
(1763, '2014-09-12 23:39:29', 1, 36, '118', 'dgsdgdsg (bbbbbbbb)', 2, 'Modificat name.'),
(1764, '2014-09-12 23:41:07', 1, 36, '118', 'dgsdgdsg (cccccccc)', 2, 'Modificat name.'),
(1765, '2014-09-12 23:41:16', 1, 36, '139', 'wwwwwwwwwww', 1, ''),
(1766, '2014-09-12 23:42:24', 1, 78, '184', 'CIC (!record_type) > wwwwwwwwwww', 2, 'Modificat human i expositors.'),
(1767, '2014-09-12 23:42:53', 1, 78, '184', 'CIC (!record_type) > wwwwwwwwwww', 2, 'Modificat expositors.'),
(1768, '2014-09-12 23:43:10', 1, 78, '184', 'CIC (!record_type) > dfsdgsdgsdgdgd', 2, 'Modificat human.'),
(1769, '2014-09-13 00:53:00', 1, 58, '9', 'kiko (hfdhfhdfh - fdhfdhfdh)', 2, 'Modificat name.'),
(1770, '2014-09-13 00:56:49', 1, 58, '2', 'Casa del Comúm (pl. del Pilar - Igualada)', 2, 'Modificat name.'),
(1771, '2014-09-13 00:58:05', 1, 36, '126', 'martí lopez', 2, 'Modificat name.'),
(1772, '2014-09-13 00:58:22', 1, 36, '140', 'gggggg', 1, ''),
(1773, '2014-09-13 00:58:24', 1, 78, '184', 'CIC (!record_type) > gggggg', 2, 'Modificat human i expositors.'),
(1774, '2014-09-13 00:58:40', 1, 58, '11', 'gdgdsgsdg (gsdgdsgsdgsdg - dgsgsdgsd)', 1, ''),
(1775, '2014-09-13 00:58:54', 1, 58, '7', 'dddddddddd (fdgjfgjfgjgjfgjgf - fgjfgjfgjfg)', 2, 'Modificat name.'),
(1776, '2014-09-13 00:59:45', 1, 58, '10', 'ttretwre (yreyrey - yreyry)', 3, ''),
(1777, '2014-09-13 00:59:52', 1, 36, '140', 'gggggg', 3, ''),
(1778, '2014-09-13 01:11:50', 1, 36, '141', 'etewtwetwetwet', 1, ''),
(1779, '2014-09-13 01:12:00', 1, 36, '120', 'marcos (marcosrrrrrree)', 2, 'Modificat name.'),
(1780, '2014-09-13 02:05:18', 1, 36, '142', 'maranu', 1, ''),
(1781, '2014-09-13 02:12:08', 1, 36, '143', 'tryry', 1, ''),
(1782, '2014-09-13 02:13:17', 1, 36, '144', 'hdfhfdh', 1, ''),
(1783, '2014-09-13 02:14:02', 1, 36, '145', 'fdhfh', 1, ''),
(1784, '2014-09-13 02:14:41', 1, 36, '146', 'fhfh', 1, ''),
(1785, '2014-09-13 02:15:22', 1, 36, '147', 'jfgjgj', 1, ''),
(1786, '2014-09-13 02:16:22', 1, 36, '148', 'hfdhf', 1, ''),
(1787, '2014-09-13 02:17:01', 1, 36, '149', 'gdgdsgsdg', 1, ''),
(1788, '2014-09-13 02:17:38', 1, 36, '83', 'asdgsda (hfhfh)', 2, 'Modificat name.'),
(1789, '2014-09-13 02:17:51', 1, 36, '150', 'fhfh', 1, ''),
(1790, '2014-09-13 02:19:50', 1, 36, '83', 'asdgsda (hfhfh)', 2, 'Modificat birth_date.'),
(1791, '2014-09-13 02:20:14', 1, 36, '151', '77', 1, ''),
(1792, '2014-09-13 02:20:30', 1, 36, '152', '66', 1, ''),
(1793, '2014-09-13 02:21:48', 1, 36, '83', 'asdgsda (hfhfh6)', 2, 'Modificat name.'),
(1794, '2014-09-13 02:29:34', 1, 36, '83', 'asdgsda (gggggggggggggg)', 2, 'Modificat name.'),
(1795, '2014-09-13 02:30:49', 1, 36, '83', 'asdgsda (gggggggggggggg)', 2, 'Cap camp modificat.'),
(1798, '2014-09-13 05:43:14', 1, 36, '153', 'ttttttttttttt', 1, ''),
(1799, '2014-09-13 06:15:37', 1, 36, '154', 'ttttttttttttt', 1, ''),
(1802, '2014-09-13 06:38:07', 1, 36, '83', 'asdgsda (ggggggggggggggf)', 2, 'Modificat name.'),
(1803, '2014-09-13 06:39:06', 1, 36, '155', '44555646', 1, ''),
(1804, '2014-09-13 06:40:31', 1, 36, '156', 'gsdgsdg', 1, ''),
(1805, '2014-09-13 06:41:19', 1, 36, '157', 'hghghhg', 1, ''),
(1806, '2014-09-13 06:42:08', 1, 36, '158', '454hhhhhhhhh', 1, ''),
(1807, '2014-09-13 06:51:31', 1, 36, '83', 'asdgsda (ggggggggg44gggggf)', 2, 'Modificat name.'),
(1808, '2014-09-13 06:51:52', 1, 58, '12', '74575 (746745745745 - 74)', 1, ''),
(1809, '2014-09-13 06:51:57', 1, 78, '118', 'dgsdgsdg (asdgsda)', 2, 'Modificat expositors.'),
(1810, '2014-09-13 06:52:09', 1, 58, '12', '66666666 (746745745745 - 74)', 2, 'Modificat name.'),
(1811, '2014-09-13 06:52:41', 1, 78, '118', 'dgsdgsdg (asdgsda)', 2, 'Modificat expositors.'),
(1812, '2014-09-13 06:52:48', 1, 78, '118', 'dgsdgsdg (asdgsda)', 2, 'Modificat expositors.'),
(1813, '2014-09-13 07:04:51', 1, 78, '2', 'alta Proj. Col·lectiu: EA (Ecoxarxanoia)', 2, 'Modificat expositors.'),
(1814, '2014-09-13 07:05:00', 1, 78, '2', 'alta Proj. Col·lectiu: EA (Ecoxarxanoia)', 2, 'Modificat expositors.'),
(1815, '2014-09-13 07:05:05', 1, 78, '2', 'alta Proj. Col·lectiu: EA (Ecoxarxanoia)', 2, 'Modificat expositors.'),
(1816, '2014-09-13 08:32:38', 1, 36, '149', 'castillo', 2, 'Modificat name.'),
(1817, '2014-09-13 08:34:31', 1, 36, '148', 'montaña', 2, 'Modificat name.'),
(1818, '2014-09-13 08:36:42', 1, 36, '148', 'montaña', 2, 'Cap camp modificat.'),
(1819, '2014-09-13 08:37:16', 1, 36, '150', 'piqueta', 2, 'Modificat name.'),
(1820, '2014-09-13 08:37:35', 1, 36, '159', 'flor', 1, ''),
(1821, '2014-09-13 08:43:41', 1, 36, '160', 'oso', 1, ''),
(1822, '2014-09-13 08:53:03', 1, 36, '147', 'jfgjgj', 3, ''),
(1823, '2014-09-13 08:53:41', 1, 78, '2', 'alta Proj. Col·lectiu: 77', 2, 'Modificat human i expositors.'),
(1824, '2014-09-13 08:54:06', 1, 36, '151', 'lago', 2, 'Modificat name.'),
(1825, '2014-09-13 08:54:28', 1, 36, '155', '44555646', 3, ''),
(1826, '2014-09-13 08:54:46', 1, 78, '2', 'alta Proj. Col·lectiu: project persona (55555555)', 2, 'Modificat human.'),
(1827, '2014-09-13 08:55:15', 1, 78, '2', 'alta Proj. Col·lectiu: hghghhg', 2, 'Modificat human.'),
(1828, '2014-09-13 08:55:35', 1, 36, '157', 'guancho', 2, 'Modificat name.'),
(1829, '2014-09-13 08:56:03', 1, 36, '158', 'pizza', 2, 'Modificat name.'),
(1830, '2014-09-13 08:56:17', 1, 78, '2', 'alta Proj. Col·lectiu: pizza', 2, 'Modificat human.'),
(1831, '2014-09-13 08:57:03', 1, 36, '83', 'asdgsda (ggggggggg44gggggf)', 3, ''),
(1832, '2014-09-13 08:57:31', 1, 78, '2', 'alta Proj. Col·lectiu: erti', 2, 'Modificat human.'),
(1833, '2014-09-13 08:57:40', 1, 36, '124', 'erti', 3, ''),
(1834, '2014-09-13 09:11:58', 1, 36, '132', 'er', 3, ''),
(1835, '2014-09-13 09:14:03', 1, 36, '96', 'FinDualidad', 3, ''),
(1836, '2014-09-13 09:28:00', 1, 36, '117', 'edificio', 2, 'Modificat name.'),
(1837, '2014-09-13 09:28:33', 1, 36, '120', 'marcos (marcoree)', 2, 'Modificat name.'),
(1838, '2014-09-13 09:29:42', 1, 36, '150', 'piqueta2', 2, 'Modificat name.'),
(1842, '2014-09-13 09:37:20', 1, 36, '118', 'dgsdgdsg (cccccccc)', 3, ''),
(1843, '2014-09-13 09:38:37', 1, 36, '153', 'ttttttttttttt', 3, ''),
(1844, '2014-09-13 09:39:28', 1, 36, '154', 'ttttttttttttt', 3, ''),
(1845, '2014-09-13 09:40:59', 1, 36, '106', '2323232', 3, ''),
(1846, '2014-09-13 09:42:37', 1, 36, '104', '2323232', 3, ''),
(1847, '2014-09-13 09:44:47', 1, 36, '133', '111111', 3, ''),
(1848, '2014-09-13 09:45:58', 1, 36, '111', 'asgg', 3, ''),
(1849, '2014-09-13 09:47:53', 1, 36, '122', 'project persona (55555555)', 3, ''),
(1850, '2014-09-13 09:57:20', 1, 58, '11', 'la buena (gsdgdsgsdgsdg - dgsgsdgsd)', 2, 'Modificat name.'),
(1851, '2014-09-13 09:58:26', 1, 58, '13', 'la casa seva (sfdgasfgh - dsgadghfdh)', 1, ''),
(1852, '2014-09-13 09:58:32', 1, 78, '108', 'dsfdfdsf (cooper)', 2, 'Modificat expositors.'),
(1853, '2014-09-13 09:58:52', 1, 58, '14', 'la casa de latre (gjfkfhkfhk - jf)', 1, ''),
(1854, '2014-09-13 09:59:14', 1, 58, '15', '456457457 (745745745745 - 45745745745745)', 1, ''),
(1855, '2014-09-13 10:00:00', 1, 78, '108', 'dsfdfdsf (cooper)', 2, 'Modificat expositors.'),
(1856, '2014-09-13 10:00:06', 1, 78, '108', 'dsfdfdsf (cooper)', 2, 'Modificat expositors.'),
(1857, '2014-09-13 11:03:52', 1, 36, '60', 'Balabiro1', 2, 'Modificat name.'),
(1858, '2014-09-13 11:04:05', 1, 78, '82', 'alta Proj. Col·lectiu: Balabiro1', 2, 'Cap camp modificat.'),
(1859, '2014-09-13 11:04:22', 1, 58, '16', 'teryeye (reryy - ryreyrey)', 1, ''),
(1860, '2014-09-13 11:04:50', 1, 58, '17', 'ytrutu (utru - trutru)', 1, ''),
(1861, '2014-09-13 11:04:55', 1, 78, '82', 'alta Proj. Col·lectiu: Balabiro1', 2, 'Modificat expositors.'),
(1862, '2014-09-13 11:05:17', 1, 78, '82', 'alta Proj. Col·lectiu: Balabiro1', 2, 'Modificat expositors.'),
(1863, '2014-09-13 11:05:57', 1, 58, '12', 'trsrtu (746745745745 - 74)', 2, 'Modificat name.'),
(1864, '2014-09-13 12:09:02', 1, 36, '87', 'hfhdf', 2, 'Cap camp modificat.'),
(1865, '2014-09-13 12:15:14', 1, 36, '87', 'hfhdf', 2, 'Cap camp modificat.'),
(1866, '2014-09-13 12:20:39', 1, 58, '15', 'tre (745745745745 - 45745745745745)', 2, 'Modificat name.'),
(1867, '2014-09-13 12:23:08', 1, 58, '1', 'AureaSocial3 (Sardenya 261-263 - Barcelona)', 2, 'Modificat name.'),
(1868, '2014-09-13 12:25:04', 1, 58, '1', 'AureaSocial32 (Sardenya 261-263 - Barcelona)', 2, 'Modificat name.'),
(1869, '2014-09-13 12:25:27', 1, 58, '1', 'AureaSocial32 (Sardenya 261-263 - Barcelona)', 2, 'Cap camp modificat.'),
(1870, '2014-09-13 12:25:37', 1, 58, '1', 'AureaSocial32 (Sardenya 261-263 - Barcelona)', 3, ''),
(1871, '2014-09-13 12:25:50', 1, 36, '87', 'hfhdfrrr', 2, 'Modificat name.'),
(1872, '2014-09-13 13:28:46', 1, 81, '238', 'acollida Autoocupats: 2014-09-13 (Sebas) Casa del Comúm', 1, ''),
(1873, '2014-09-13 14:57:33', 1, 81, '241', 'acollida Autoocupats: 2014-09-13 (Sebas) Casa del Comúm', 1, ''),
(1874, '2014-09-13 15:00:37', 1, 81, '242', 'acollida Autoocupats: 2014-09-14 (Sebas) Casa del Comúm', 1, ''),
(1877, '2014-09-13 15:12:41', 1, 81, '242', 'acollida Autoocupats: 2014-09-14 (Sebas) Casa del Comúm', 2, 'Modificat description.'),
(1878, '2014-09-13 15:14:39', 1, 81, '242', 'acollida Autoocupats: 2014-09-14 (Sebas) Casa del Comúm', 2, 'Cap camp modificat.'),
(1879, '2014-09-13 15:14:58', 1, 81, '243', 'acollida Autoocupats: 2014-09-16 (Marta) la meva de casa', 1, ''),
(1880, '2014-09-13 15:19:17', 1, 81, '245', 'acollida Autoocupats: 2014-09-19 (Marta) kiko', 1, ''),
(1881, '2014-09-13 15:20:13', 1, 81, '246', 'acollida Autoocupats: 2014-09-28 (Sebas) qqqqq', 1, ''),
(1882, '2014-09-13 15:20:41', 1, 81, '247', 'acollida Autoocupats: 2014-09-30 (Marta) pis de mallorca', 1, ''),
(1883, '2014-09-13 15:21:16', 1, 81, '248', 'acollida Autoocupats: 2014-10-09 (Sebas) direcion a proyecto', 1, ''),
(1884, '2014-09-13 15:24:34', 1, 104, 'None', 'Lacasaroja', 1, ''),
(1885, '2014-09-13 19:07:39', 1, 104, 'None', 'definitivo', 1, ''),
(1886, '2014-09-13 19:25:38', 1, 58, '18', 'gdfgfdhfdh (gjfgjf - dgsdfhf)', 1, ''),
(1887, '2014-09-13 19:25:43', 1, 78, '236', ' (!record_type) > marcos (marcoree)', 2, 'Modificat expositors.'),
(1888, '2014-09-13 19:26:21', 1, 58, '6', 'qqqqqqqq (dgdsgdsg - dgsdgdsg)', 2, 'Modificat name i region.'),
(1889, '2014-09-13 19:36:57', 1, 104, 'None', 'kkk', 1, ''),
(1890, '2014-09-13 21:38:08', 1, 104, 'None', 'rrrrrr', 1, ''),
(1891, '2014-09-13 22:03:29', 1, 38, '164', 'bcxbxcbxcbcxbxczbxcb (xbxcbxb)', 2, 'Modificat name i nickname.'),
(1892, '2014-09-13 22:04:54', 1, 104, 'None', 'tttttttttt', 1, ''),
(1893, '2014-09-13 22:07:48', 1, 104, 'None', 'gsdgsdg', 1, ''),
(1894, '2014-09-13 22:10:19', 1, 104, 'None', 'ghgfjf', 1, ''),
(1895, '2014-09-13 22:14:46', 1, 104, 'None', 'ggfdghfdh', 1, ''),
(1896, '2014-09-13 22:14:58', 1, 104, 'None', 'ggfdghfdh', 1, ''),
(1897, '2014-09-13 22:25:17', 1, 104, 'None', 'rrrrrrrrrrrr', 1, ''),
(1898, '2014-09-14 09:09:31', 1, 38, '168', 'ggfdghfdh', 2, 'Cap camp modificat.'),
(1899, '2014-09-14 09:09:57', 1, 104, 'None', 'ddsgdg', 1, ''),
(1900, '2014-09-14 09:14:08', 1, 104, 'None', 'ttttt', 1, ''),
(1901, '2014-09-14 09:29:42', 1, 104, 'None', 'www', 1, ''),
(1902, '2014-09-14 09:39:06', 1, 104, 'None', 'mmmmmmmmmmmmmmm', 1, ''),
(1903, '2014-09-14 09:43:15', 1, 104, 'None', 'ddddd', 1, ''),
(1904, '2014-09-14 09:50:24', 1, 104, 'None', 'dgdsgdsg', 1, ''),
(1905, '2014-09-14 09:51:32', 1, 38, '176', 'ddddd', 2, 'Afegit H_per "referenciant > Perona del projecte:ddddd "'),
(1906, '2014-09-14 10:10:47', 1, 104, 'None', 'yy', 1, ''),
(1907, '2014-09-14 10:24:12', 1, 104, 'None', 'ttrewq', 1, ''),
(1908, '2014-09-14 10:27:35', 1, 101, '397', '64546645 ()', 2, 'Modificat ic_CESnum.'),
(1909, '2014-09-14 10:56:52', 1, 38, '175', 'mmmmmmmmmmmmmmm', 2, 'Afegit H_per "referenciant > nujta (majte)"'),
(1910, '2014-09-14 11:06:38', 1, 104, 'None', 'PEPE', 1, ''),
(1911, '2014-09-14 11:23:37', 1, 78, '136', '686786 (angel)', 2, 'Modificat description.'),
(1912, '2014-09-14 11:23:50', 1, 79, '146', 'alta Proj. Autoocupat: 686786 (angel)', 2, 'Cap camp modificat.'),
(1913, '2014-09-14 11:24:21', 1, 78, '136', '686786 (angel)', 2, 'Modificat contribution.'),
(1914, '2014-09-14 11:24:58', 1, 104, 'None', 't5555', 1, ''),
(1915, '2014-09-14 11:30:36', 1, 38, '184', 'iyui7uiuyiuyi (Autoocupat)', 2, 'Modificat name.'),
(1916, '2014-09-14 11:43:09', 1, 78, '136', '686786 (angel)', 2, 'Cap camp modificat.'),
(1917, '2014-09-14 11:47:42', 1, 104, 'None', 'dsgsdgsdg', 1, ''),
(1918, '2014-09-14 11:48:33', 1, 38, '185', 'dsgsdgsdg', 2, 'Afegit H_per "referenciant > Persona del projecte:dsgsdgsdg "'),
(1919, '2014-09-14 11:48:44', 1, 37, '186', 'juan fgasfdh', 2, 'Modificat name i surnames.'),
(1920, '2014-09-14 11:56:25', 1, 104, 'None', 'dshsh', 1, ''),
(1921, '2014-09-14 12:10:15', 1, 104, 'None', 'duui', 1, ''),
(1922, '2014-09-14 12:13:39', 1, 38, '190', 'duui', 2, 'Modificat relation per a H_per "referenciant > Persona del projecte:duui ".'),
(1923, '2014-09-14 12:29:44', 1, 104, 'None', 'gsdgsdg', 1, ''),
(1924, '2014-09-14 12:34:01', 1, 104, 'None', 'dgsdgsdg', 1, ''),
(1925, '2014-09-14 12:52:32', 1, 104, 'None', 'rreyryrwy', 1, ''),
(1926, '2014-09-14 12:57:38', 1, 104, 'None', 'ggsdg', 1, ''),
(1927, '2014-09-14 13:04:02', 1, 104, 'None', 'twrete', 1, ''),
(1928, '2014-09-14 13:07:31', 1, 104, 'None', 'etwetwet', 1, ''),
(1929, '2014-09-14 13:18:50', 1, 104, 'None', 'sdgsdg', 1, ''),
(1930, '2014-09-14 13:21:33', 1, 104, 'None', 'ee', 1, ''),
(1931, '2014-09-14 13:32:34', 1, 104, 'None', 'hdhhhhhhhhhhhhhhh', 1, ''),
(1932, '2014-09-14 13:37:19', 1, 104, 'None', 'gdsdg', 1, ''),
(1933, '2014-09-14 13:43:42', 1, 38, '211', 'gdsdg (PAIC amb facturació)', 2, 'Modificat project_type.'),
(1934, '2014-09-14 13:52:03', 1, 104, 'None', 'gwtwry', 1, ''),
(1935, '2014-09-14 13:54:38', 1, 104, 'None', 'sgsdgh', 1, ''),
(1936, '2014-09-14 14:02:02', 1, 104, 'None', 'ttttttttttttt', 1, ''),
(1937, '2014-09-14 14:16:19', 1, 104, 'None', 'jujhy', 1, ''),
(1938, '2014-09-14 14:26:54', 1, 78, '592', 'alta Soci Coop. Individual: Projecte de la persona: Persona del projecte:jujhy', 2, 'Modificat description.'),
(1939, '2014-09-14 14:27:05', 1, 79, '593', 'alta Proj. Autoocupat: alta Soci Coop. Individual: Projecte de la persona: Persona del projecte:jujhy', 2, 'Modificat assigned_vat.'),
(1940, '2014-09-14 14:29:47', 1, 37, '225', 'dgydhfd ', 2, 'Modificat name i description.'),
(1941, '2014-09-14 14:30:04', 1, 37, '225', 'marcoree ', 2, 'Modificat name.'),
(1942, '2014-09-14 14:31:48', 1, 58, '19', 'hfdhdfh (fdhfdhfd - fdhfdh)', 1, ''),
(1943, '2014-09-14 14:31:56', 1, 79, '593', 'alta Proj. Autoocupat: alta Soci Coop. Individual: marcoree', 2, 'Cap camp modificat.'),
(1944, '2014-09-14 14:32:14', 1, 78, '592', 'alta Soci Coop. Individual: marcoree', 2, 'Modificat expositors.'),
(1945, '2014-09-14 14:32:51', 1, 79, '593', 'alta Proj. Autoocupat: alta Soci Coop. Individual: marcoree', 2, 'Cap camp modificat.'),
(1946, '2014-09-14 14:33:20', 1, 78, '592', 'alta Soci Coop. Individual: marcoree', 2, 'Cap camp modificat.'),
(1947, '2014-09-14 14:56:24', 1, 58, '20', 'fghfdh (fhdfh - fhdfh)', 1, ''),
(1948, '2014-09-14 14:56:27', 1, 78, '592', 'alta Soci Coop. Individual: marcoree', 2, 'Modificat expositors.'),
(1949, '2014-09-14 15:14:34', 1, 98, '41', 'Quota Avançada (advanced_fee)', 1, ''),
(1950, '2014-09-14 15:28:29', 1, 3, '1', 'iC_Invoices', 2, 'Modificat name.'),
(1951, '2014-09-14 15:28:44', 1, 3, '5', 'gestión_económica', 3, ''),
(1952, '2014-09-14 15:29:16', 1, 3, '9', 'user_Deleted', 1, ''),
(1953, '2014-09-14 15:53:08', 1, 104, 'None', 'yyyyyyyy', 1, ''),
(1954, '2014-09-14 16:06:23', 1, 78, '595', 'alta Proj. Col·lectiu: yyyyyyyy', 2, 'Modificat name, contribution i description.'),
(1955, '2014-09-14 16:06:27', 1, 79, '596', 'alta Proj. Autoocupat: alta Proj. Col·lectiu: yyyyyyyy', 2, 'Modificat assigned_vat.'),
(1956, '2014-09-14 16:10:27', 1, 98, '42', 'Metal·lic', 1, ''),
(1957, '2014-09-14 16:10:48', 1, 98, '43', 'de fusta', 1, ''),
(1958, '2014-09-14 16:10:58', 1, 98, '43', 'De fusta', 2, 'Modificat name.'),
(1959, '2014-09-14 16:15:32', 1, 98, '39', 'Sense carpa', 2, 'Modificat name.'),
(1960, '2014-09-14 16:16:03', 1, 98, '42', 'Carpa metall', 2, 'Modificat name.'),
(1961, '2014-09-14 16:16:17', 1, 98, '43', 'Carpa fusta', 2, 'Modificat name.'),
(1962, '2014-09-14 16:17:59', 1, 36, '227', 'Projecte de la persona: Persona del projecte:yyyyyyyy', 2, 'Modificat description.'),
(1963, '2014-09-14 16:20:39', 1, 104, 'None', 'aaaaaaaaa', 1, ''),
(1964, '2014-09-14 17:06:42', 1, 36, '229', 'yweywyeqw4ywey (Projecte de la persona: Persona del projecte:aaaaaaaaa)', 2, 'Modificat birth_date, death_date, nickname i description.'),
(1965, '2014-09-14 17:06:50', 1, 78, '604', 'alta Soci Coop. Individual: yweywyeqw4ywey (Projecte de la persona: Persona del projecte:aaaaaaaaa)', 2, 'Modificat description.'),
(1966, '2014-09-14 17:06:53', 1, 79, '605', 'alta Proj. Autoocupat: alta Soci Coop. Individual: yweywyeqw4ywey (Projecte de la persona: Persona del projecte:aaaaaaaaa)', 2, 'Modificat assigned_vat.'),
(1967, '2014-09-14 17:08:59', 1, 38, '229', 'yweywyeqw4ywey (Projecte de la persona: Persona del projecte:aaaaaaaaa)', 2, 'Afegit H_per "referenciant > Projecte de la persona: Persona del projecte:aaaaaaaaa (yweywyeqw4ywey)"'),
(1968, '2014-09-14 17:09:14', 1, 38, '229', 'yweywyeqw4ywey (Projecte de la persona: Persona del projecte:aaaaaaaaa)', 2, 'Afegit H_adr "gdfgfdhfdh (gjfgjf - dgsdfhf)"'),
(1969, '2014-09-14 17:09:40', 1, 38, '229', 'yweywyeqw4ywey (Projecte de la persona: Persona del projecte:aaaaaaaaa)', 2, 'Modificat main_address per a H_adr "gdfgfdhfdh (gjfgjf - dgsdfhf)".'),
(1970, '2014-09-14 17:11:49', 1, 58, '18', 'gdfgfdhfdh (gjfgjf - dgsdfhf)', 2, 'Modificat postalcode, region, address_type i description.'),
(1971, '2014-09-14 17:15:16', 1, 83, '603', 'quota alta Individual: yweywyeqw4ywey (Projecte de la persona: Persona del projecte:aaaaaaaaa) [30.0 €]', 2, 'Modificat payment_type.'),
(1972, '2014-09-14 17:21:38', 1, 79, '605', 'alta Proj. Autoocupat: alta Soci Coop. Individual: yweywyeqw4ywey (Projecte de la persona: Persona del projecte:aaaaaaaaa)', 2, 'Modificat rel_address_contracts.'),
(1973, '2014-09-14 17:29:11', 1, 89, '606', 'Assegurança soci: ?? ', 1, ''),
(1974, '2014-09-14 17:31:06', 1, 90, '607', 'Llicència d''activitat: ?? ', 1, ''),
(1975, '2014-09-14 17:32:59', 1, 58, '2', 'Casa del Comúm (pl. del Pilar - Igualada)', 2, 'Modificat description.'),
(1976, '2014-09-14 17:42:07', 1, 81, '242', 'acollida Autoocupats: 2014-09-14 (Sebas) Casa del Comúm', 2, 'Modificat assistants.'),
(1977, '2014-09-14 17:44:33', 1, 81, '241', 'acollida Autoocupats: 2014-09-13 (Sebas) Casa del Comúm', 2, 'Modificat assistants.'),
(1978, '2014-09-14 17:46:20', 1, 81, '608', 'formació Moneda Social: 2014-09-14 (Sebas) pis de mallorca', 1, ''),
(1979, '2014-09-14 17:46:44', 1, 81, '608', 'formació Moneda Social: 2014-09-14 (Sebas) pis de mallorca', 2, 'Modificat assistants.'),
(1980, '2014-09-14 17:47:08', 1, 81, '608', 'formació Moneda Social: 2014-09-14 (Sebas) pis de mallorca', 2, 'Modificat assistants.'),
(1981, '2014-09-14 17:49:05', 1, 38, '228', 'Projecte de la persona: Persona del projecte:aaaaaaaaa (Autoocupat)', 2, 'Modificat description. Afegit H_per "referenciant > elnomdelprovant cognoms del provant (prueba_person)" Afegit H_adr "gestionant l''espai > gdfgfdhfdh (gjfgjf - dgsdfhf)"'),
(1982, '2014-09-14 17:49:26', 1, 79, '602', 'alta Proj. Autoocupat: alta Soci Coop. Individual: Projecte de la persona: Persona del projecte:aaaaaaaaa', 2, 'Modificat rel_address_contracts i assigned_vat.'),
(1983, '2014-09-14 18:13:30', 1, 98, '35', 'quota alta Individual ((30_eco) individual)', 2, 'Cap camp modificat.'),
(1984, '2014-09-14 18:14:01', 1, 98, '44', 'quota Trimestral Individual', 1, ''),
(1985, '2014-09-14 18:16:24', 1, 98, '45', 'quota Trimestral Col·lectiva ((60_eco) col·lectiva)', 1, ''),
(1986, '2014-09-14 18:16:27', 1, 98, '44', 'quota Trimestral Individual ((30_eco) individual)', 2, 'Modificat clas.'),
(1987, '2014-09-14 18:32:30', 1, 78, '601', '55666 ()', 2, 'Modificat ic_CESnum.'),
(1988, '2014-09-15 09:32:28', 1, 104, 'None', 'Pruebafinal', 1, ''),
(1989, '2014-09-15 09:37:51', 1, 58, '15', 'AureaSocial3 (Sardenya 261-263 - Barcelona)', 2, 'Modificado/a name, p_address, town, region, address_type y jobs.'),
(1990, '2014-09-15 09:38:18', 1, 38, '3', 'CIC (Cooperativa Integral Catalana)', 2, 'Añadido/a "AureaSocial3 (Sardenya 261-263 - Barcelona)" H_adr.'),
(1991, '2014-09-15 09:42:14', 1, 104, 'None', 'dgsdgdgdsgdg', 1, ''),
(1992, '2014-09-15 09:47:40', 1, 104, 'None', 'gfghf', 1, ''),
(1993, '2014-09-15 09:49:28', 1, 104, 'None', 'dsgdgsdg', 1, ''),
(1994, '2014-09-15 09:50:12', 1, 104, 'None', 'dgdg', 1, ''),
(1995, '2014-09-15 09:52:47', 1, 104, 'None', 'gdsgdsgs', 1, ''),
(1996, '2014-09-15 10:03:13', 1, 104, 'None', 'nnnnnnnnnnnnn', 1, ''),
(1997, '2014-09-15 10:30:17', 1, 38, '246', 'nnnnnnnnnnnnn', 2, 'Añadido/a "gdfgfdhfdh (gjfgjf - dgsdfhf)" H_adr.'),
(1998, '2014-09-15 10:30:59', 1, 38, '246', 'nnnnnnnnnnnnn', 2, 'Modificado/a parent y description.'),
(1999, '2014-09-15 10:33:00', 1, 38, '246', 'nnnnnnnnnnnnn (Autoocupat)', 2, 'Modificado/a project_type.'),
(2000, '2014-09-15 10:40:00', 1, 104, 'None', 'som_gent', 1, ''),
(2001, '2014-09-15 10:43:29', 1, 38, '249', 'som_gent', 2, 'Añadido/a "referenciant > Persona del projecte:som_gent " H_per.'),
(2002, '2014-09-15 10:55:58', 1, 104, 'None', 'FETS pel DECOR', 1, ''),
(2003, '2014-09-15 11:02:33', 1, 38, '251', 'FETS pel DECOR (Autoocupat)', 2, 'Añadido/a "referenciant > Persona del projecte:FETS pel DECOR " H_per. Añadido/a "fghfdh (fhdfh - fhdfh)" H_adr.'),
(2004, '2014-09-15 11:03:11', 1, 38, '249', 'som_gent (Autoocupat)', 2, 'Modificado/a project_type.'),
(2005, '2014-09-15 11:03:27', 1, 38, '249', 'som_gent (Autoocupat)', 2, 'Añadido/a "fghfdh (fhdfh - fhdfh)" H_adr.'),
(2006, '2014-09-15 11:03:49', 1, 58, '20', 'fghfdh (fhdfh - fhdfh)', 2, 'Modificado/a postalcode.'),
(2007, '2014-09-15 11:04:39', 1, 81, '608', 'formació Moneda Social: 2014-09-24 (Sebas) pis de mallorca', 2, 'Modificado/a datetime y assistants.'),
(2008, '2014-09-15 11:05:04', 1, 81, '608', 'formació Moneda Social: 2014-09-24 (Sebas) pis de mallorca', 2, 'Modificado/a assistants.'),
(2009, '2014-09-15 11:07:50', 1, 37, '250', 'Persona del projecte:som_gent fhfdnbdfndgm', 2, 'Modificado/a surnames y id_card.'),
(2010, '2014-09-15 11:15:28', 1, 81, '608', 'formació Moneda Social: 2014-09-24 (Sebas) pis de mallorca', 2, 'Modificado/a assistants.'),
(2011, '2014-09-15 11:24:21', 1, 81, '608', 'formació Moneda Social: 2014-09-24 (Sebas) pis de mallorca', 2, 'Modificado/a record_type.'),
(2012, '2014-09-15 11:44:24', 1, 38, '251', 'FETS pel DECOR (Autoocupat)', 2, 'Añadido/a "Persona del projecte:dgdg " H_per.'),
(2013, '2014-09-15 11:44:53', 1, 38, '251', 'FETS pel DECOR (Autoocupat)', 2, 'Añadido/a "Persona del projecte:dgsdgdgdsgdg " H_per.'),
(2014, '2014-09-15 12:06:39', 1, 37, '220', 'Projecte de la persona: Persona del projecte:Projecte de la persona: Persona del projecte:Projecte de la persona: Persona del projecte:Projecte de la persona: Persona del projecte:sgsdgh ', 3, ''),
(2015, '2014-09-15 12:06:39', 1, 37, '219', 'Persona del projecte:Projecte de la persona: Persona del projecte:Projecte de la persona: Persona del projecte:sgsdgh ', 3, ''),
(2016, '2014-09-15 12:06:39', 1, 37, '218', 'Persona del projecte:Projecte de la persona: Persona del projecte:sgsdgh ', 3, ''),
(2017, '2014-09-15 12:06:39', 1, 37, '217', 'Persona del projecte:sgsdgh ', 3, ''),
(2018, '2014-09-15 12:42:41', 1, 38, '251', 'FETS pel DECOR (Autoocupat)', 2, 'Añadido/a "krote es (mentordeFETS)" H_per.'),
(2019, '2014-09-15 15:09:59', 1, 38, '251', 'F p D (FETS pel DECOR)', 2, 'Modificado/a nickname, birth_date y parent.'),
(2020, '2014-09-15 15:10:14', 1, 38, '251', 'F p D (FETS pel DECOR)', 2, 'No ha cambiado ningún campo.'),
(2021, '2014-09-15 15:14:23', 1, 38, '251', 'F p D (FETS pel DECOR)', 2, 'No ha cambiado ningún campo.'),
(2022, '2014-09-15 15:40:49', 1, 104, 'None', 'bvbvb', 1, ''),
(2023, '2014-09-15 15:42:51', 1, 104, 'None', 'hdfshdfhdfhdsfhdf', 1, ''),
(2024, '2014-09-15 15:46:09', 1, 104, 'None', 'ces_consumer', 1, ''),
(2025, '2014-09-15 15:48:20', 1, 104, 'None', 'sdgsdgsdg', 1, ''),
(2026, '2014-09-15 15:59:35', 1, 37, '80', 'kop Lopez Gutierrez', 2, 'Modificado/a name.'),
(2027, '2014-09-15 17:18:53', 1, 98, '46', 'quota alta Individual ((30-eco) individual) ((30-eco) individual)', 1, ''),
(2028, '2014-09-15 17:19:24', 1, 98, '47', 'quota alta Individual ((60-eco) col·lectival) ((60-euro) collective)', 1, ''),
(2029, '2014-09-15 17:20:05', 1, 98, '47', 'quota alta Col·lectiva ((90-eco) col·lectival) ((90-euro) collective)', 2, 'Modificado/a name y clas.'),
(2030, '2014-09-15 17:22:37', 1, 98, '36', 'quota alta Col·lectiva (Moneda Fiat) ((90-euro) collective)', 2, 'Modificado/a name.'),
(2031, '2014-09-15 17:22:51', 1, 98, '35', 'quota alta Individual (Moneda Fiat) ((45-euro) individual)', 2, 'Modificado/a name.'),
(2032, '2014-09-15 17:23:47', 1, 98, '48', 'quota alta Individual (Hores Treball) ((9-hores) individual)', 1, ''),
(2033, '2014-09-15 17:25:07', 1, 98, '49', 'quota alta Col·lectiva (Hores Treball) ((18-hores) collective)', 1, ''),
(2034, '2014-09-15 17:49:28', 1, 98, '50', 'quota Trimestral Individual (Moneda social) (45 ecos)', 1, ''),
(2035, '2014-09-15 17:49:52', 1, 98, '51', 'quota Trimestral Col·lectiva (Moneda fiat) (90-euro)', 1, '');

-- --------------------------------------------------------

--
-- Estructura de tabla para la tabla `django_content_type`
--

CREATE TABLE IF NOT EXISTS `django_content_type` (
  `id` int(11) NOT NULL AUTO_INCREMENT,
  `name` varchar(100) NOT NULL,
  `app_label` varchar(100) NOT NULL,
  `model` varchar(100) NOT NULL,
  PRIMARY KEY (`id`),
  UNIQUE KEY `app_label` (`app_label`,`model`)
) ENGINE=InnoDB  DEFAULT CHARSET=latin1 AUTO_INCREMENT=108 ;

--
-- Volcado de datos para la tabla `django_content_type`
--

INSERT INTO `django_content_type` (`id`, `name`, `app_label`, `model`) VALUES
(1, 'log entry', 'admin', 'logentry'),
(2, 'permission', 'auth', 'permission'),
(3, 'group', 'auth', 'group'),
(4, 'user', 'auth', 'user'),
(5, 'content type', 'contenttypes', 'contenttype'),
(6, 'session', 'sessions', 'session'),
(7, 'migration history', 'south', 'migrationhistory'),
(8, 'csv import', 'csvimport', 'csvimport'),
(9, 'import model', 'csvimport', 'importmodel'),
(10, 'H - Moneda', 'Invoices', 'currencies'),
(11, 'F - IVA', 'Invoices', 'vats'),
(12, 'A - Taula quotes', 'Invoices', 'tax'),
(13, 'I - Cooperativa', 'Invoices', 'coop'),
(14, 'company', 'Invoices', 'company'),
(15, 'B - Client', 'Invoices', 'client'),
(16, 'C - Proveïdor', 'Invoices', 'provider'),
(17, 'D - Socia', 'Invoices', 'cooper'),
(18, 'G - Trimestres', 'Invoices', 'period'),
(19, '01 - Factura Emesa', 'Invoices', 'sales_invoice'),
(20, '02 - Factura Despesa', 'Invoices', 'purchases_invoice'),
(21, 'Línia de factura emesa', 'Invoices', 'sales_line'),
(22, 'Línia de factura despesa', 'Invoices', 'purchases_line'),
(23, 'L - Abonament', 'Invoices', 'sales_movement'),
(24, 'M - Reintegrament', 'Invoices', 'purchases_movement'),
(25, '03 - Resultats', 'Invoices', 'period_close'),
(26, 'Pagament', 'Invoices', 'period_payment'),
(27, 'E - Importar CSV (socies)', 'Invoices', 'csvimport'),
(28, 'email', 'Invoices', 'email'),
(29, 'J - Notificacions programades', 'Invoices', 'emailnotification'),
(30, 'K - Transaccions', 'Invoices', 'cooper_proxy_transactions'),
(31, 'L - Balanç projecte', 'Invoices', 'cooper_proxy_balance'),
(32, 'B - Els meus clients i proveïdors', 'Invoices', 'cooper_proxy_companies'),
(34, 'c- Tipus', 'General', 'type'),
(35, 'Tipus d''entitat', 'General', 'being_type'),
(36, 'Humà', 'General', 'human'),
(37, 'Persona', 'General', 'person'),
(38, 'Projecte', 'General', 'project'),
(39, 'Tipus de Projecte', 'General', 'project_type'),
(40, 'Empresa', 'General', 'company'),
(41, 'Tipus d''Empresa', 'General', 'company_type'),
(42, 'H_ofi', 'General', 'rel_human_jobs'),
(43, 'H_adr', 'General', 'rel_human_addresses'),
(44, 'H_reg', 'General', 'rel_human_regions'),
(45, 'H_rec', 'General', 'rel_human_records'),
(46, 'H_mat', 'General', 'rel_human_materials'),
(47, 'H_inm', 'General', 'rel_human_nonmaterials'),
(48, 'H_per', 'General', 'rel_human_persons'),
(49, 'H_pro', 'General', 'rel_human_projects'),
(50, 'H_emp', 'General', 'rel_human_companies'),
(51, 'M_inm', 'General', 'rel_material_nonmaterials'),
(52, 'M_rec', 'General', 'rel_material_records'),
(53, 'M_adr', 'General', 'rel_material_addresses'),
(55, 'Relació', 'General', 'relation'),
(56, 'Ofici', 'General', 'job'),
(57, 'Tipus d''Espai', 'General', 'space_type'),
(58, 'Adreça', 'General', 'address'),
(59, 'Tipus d''Adreça', 'General', 'address_type'),
(60, 'Regió', 'General', 'region'),
(61, 'Tipus de Regió', 'General', 'region_type'),
(62, 'Tipus d''Obra', 'General', 'artwork_type'),
(63, 'Obra Inmaterial', 'General', 'nonmaterial'),
(64, 'Tipus d''obra Inmaterial', 'General', 'nonmaterial_type'),
(65, 'Imatge', 'General', 'image'),
(66, 'Obra Material', 'General', 'material'),
(67, 'Tipus d''obra Material', 'General', 'material_type'),
(68, 'Actiu', 'General', 'asset'),
(69, 'Registre', 'General', 'record'),
(70, 'Tipus de Registre', 'General', 'record_type'),
(71, 'Unitat', 'General', 'unit'),
(72, 'Tipus d''Unitat', 'General', 'unit_type'),
(73, 'Equivalencia entre Unitats', 'General', 'unitratio'),
(74, 'Compte CES', 'General', 'accountces'),
(75, 'Compte Bancari', 'General', 'accountbank'),
(76, 'Compte Criptomoneda', 'General', 'accountcrypto'),
(77, 'Registre CI', 'Welcome', 'ic_record'),
(78, 'Alta de Soci CI', 'Welcome', 'ic_membership'),
(79, 'Soci Autoocupat', 'Welcome', 'ic_self_employed'),
(80, 'Soci Firaire', 'Welcome', 'ic_stallholder'),
(81, 'Sessió formativa', 'Welcome', 'learn_session'),
(82, 'Expedient Projecte Productiu', 'Welcome', 'project_accompaniment'),
(83, 'Quota', 'Welcome', 'fee'),
(85, 'i c_ document', 'Welcome', 'ic_document'),
(86, 'Tipus de Document CI', 'Welcome', 'ic_document_type'),
(87, 'Contracte Laboral CI', 'Welcome', 'ic_labor_contract'),
(88, 'Contracte d''Adreça CI', 'Welcome', 'ic_address_contract'),
(89, 'Assegurança soci CI', 'Welcome', 'ic_insurance'),
(90, 'Llicència soci CI', 'Welcome', 'ic_licence'),
(91, 'M_mat', 'General', 'rel_material_materials'),
(92, 'M_ofi', 'General', 'rel_material_jobs'),
(93, 'N_rec', 'General', 'rel_nonmaterial_records'),
(94, 'N_adr', 'General', 'rel_nonmaterial_addresses'),
(95, 'N_ofi', 'General', 'rel_nonmaterial_jobs'),
(96, 'N_inm', 'General', 'rel_nonmaterial_nonmaterials'),
(97, 'c- Tipus CI', 'Welcome', 'ic_type'),
(98, 'Tipus de Registre', 'Welcome', 'ic_record_type'),
(99, 'Forma de pagament', 'Welcome', 'payment_type'),
(100, 'Alta de Soci Afí CI', 'Welcome', 'ic_akin_membership'),
(101, 'Alta de Soci Cooperatiu individual CI', 'Welcome', 'ic_person_membership'),
(102, 'Alta de Projecte Col·lectiu CI', 'Welcome', 'ic_project_membership'),
(103, 'Alta Membre: procés activació', 'public_form', 'registrationprofile'),
(104, 'Projecte | Persona', 'public_form', 'human_proxy'),
(105, 'ASSITÈNCIA SESSIÓ ACOLLIDA', 'public_form', 'learn_session_proxy'),
(106, 'c- Tipus ', 'Invoices', 'type'),
(107, 'cron job log', 'django_cron', 'cronjoblog');

-- --------------------------------------------------------

--
-- Estructura de tabla para la tabla `django_cron_cronjoblog`
--

CREATE TABLE IF NOT EXISTS `django_cron_cronjoblog` (
  `id` int(11) NOT NULL AUTO_INCREMENT,
  `code` varchar(64) NOT NULL,
  `start_time` datetime NOT NULL,
  `end_time` datetime NOT NULL,
  `is_success` tinyint(1) NOT NULL,
  `message` longtext NOT NULL,
  `ran_at_time` time DEFAULT NULL,
  PRIMARY KEY (`id`),
  KEY `django_cron_cronjoblog_09bb5fb3` (`code`),
  KEY `django_cron_cronjoblog_66db471f` (`start_time`),
  KEY `django_cron_cronjoblog_a3457057` (`end_time`),
  KEY `django_cron_cronjoblog_164a3ee7` (`ran_at_time`),
  KEY `django_cron_cronjoblog_63e2740d` (`code`,`is_success`,`ran_at_time`),
  KEY `django_cron_cronjoblog_1fe0e40b` (`code`,`start_time`,`ran_at_time`),
  KEY `django_cron_cronjoblog_495fb183` (`code`,`start_time`)
) ENGINE=InnoDB DEFAULT CHARSET=latin1 AUTO_INCREMENT=1 ;

-- --------------------------------------------------------

--
-- Estructura de tabla para la tabla `django_migrations`
--

CREATE TABLE IF NOT EXISTS `django_migrations` (
  `id` int(11) NOT NULL AUTO_INCREMENT,
  `app` varchar(255) NOT NULL,
  `name` varchar(255) NOT NULL,
  `applied` datetime NOT NULL,
  PRIMARY KEY (`id`)
) ENGINE=InnoDB  DEFAULT CHARSET=latin1 AUTO_INCREMENT=8 ;

--
-- Volcado de datos para la tabla `django_migrations`
--

INSERT INTO `django_migrations` (`id`, `app`, `name`, `applied`) VALUES
(1, 'contenttypes', '0001_initial', '2014-09-15 13:44:09'),
(2, 'auth', '0001_initial', '2014-09-15 13:44:10'),
(3, 'admin', '0001_initial', '2014-09-15 13:44:10'),
(4, 'sessions', '0001_initial', '2014-09-15 13:44:10'),
(5, 'Invoices', '0001_initial', '2014-09-15 14:34:59'),
(6, 'Invoices', '0002_auto_20140915_1443', '2014-09-15 14:43:23'),
(7, 'Invoices', '0002_auto_20140915_1447', '2014-09-15 14:47:39');

-- --------------------------------------------------------

--
-- Estructura de tabla para la tabla `django_session`
--

CREATE TABLE IF NOT EXISTS `django_session` (
  `session_key` varchar(40) NOT NULL,
  `session_data` longtext NOT NULL,
  `expire_date` datetime NOT NULL,
  PRIMARY KEY (`session_key`),
  KEY `django_session_b7b81f0c` (`expire_date`)
) ENGINE=InnoDB DEFAULT CHARSET=latin1;

--
-- Volcado de datos para la tabla `django_session`
--

INSERT INTO `django_session` (`session_key`, `session_data`, `expire_date`) VALUES
('0dzf8phh14ojaf9ex134yhb4lsp42srr', 'NDMxOGJkNWFhMzFmN2YxNTg5NzliODQyNmFlMTk1ZTgzYWU0MDM4Nzp7Il9hdXRoX3VzZXJfYmFja2VuZCI6ImRqYW5nby5jb250cmliLmF1dGguYmFja2VuZHMuTW9kZWxCYWNrZW5kIiwiX2F1dGhfdXNlcl9pZCI6NH0=', '2014-09-01 22:27:53'),
('1erdiw1dejjz84opjqleuc53odh1zgih', 'MDA1MjFlZTQ1Mzg1YTkxMjk4Y2IzMTRjMjIxOGE2YmFlMWFjMDQxMjp7ImRqYW5nb19sYW5ndWFnZSI6ImVzIn0=', '2014-09-17 15:18:45'),
('2eay19ue6yd1p2w7ha620gm8gq7s47ac', 'MDQwZmFkN2Q4ZjI0YTFmY2E0NzkxYzlhZTRkYzdhZTJkMzMxOTk3ZDp7fQ==', '2014-09-04 16:05:16'),
('33jcrnnumrme7jkxiya1c9yqp3i8g7qe', 'ZWE1ZjUwNTQ0YTJkOTNjNmIzOGJhOTE3MGNjOGZjZjA5MmE2OTczMzp7Il9hdXRoX3VzZXJfYmFja2VuZCI6ImRqYW5nby5jb250cmliLmF1dGguYmFja2VuZHMuTW9kZWxCYWNrZW5kIiwiX2F1dGhfdXNlcl9pZCI6MX0=', '2014-08-19 17:14:14'),
('5k6qpeocv1cnwb38v32a3kvujlkzfqe9', 'NDMxOGJkNWFhMzFmN2YxNTg5NzliODQyNmFlMTk1ZTgzYWU0MDM4Nzp7Il9hdXRoX3VzZXJfYmFja2VuZCI6ImRqYW5nby5jb250cmliLmF1dGguYmFja2VuZHMuTW9kZWxCYWNrZW5kIiwiX2F1dGhfdXNlcl9pZCI6NH0=', '2014-09-04 00:37:10'),
('6a57d9ge0uzjkesvhg8arpcdsnw9p3lf', 'NTViZjJlMWJmNzIzYzljMTU5NWY3N2U2N2JhY2EyZTc5ODhhMzIxNzp7Il9hdXRoX3VzZXJfYmFja2VuZCI6ImRqYW5nby5jb250cmliLmF1dGguYmFja2VuZHMuTW9kZWxCYWNrZW5kIiwiX2F1dGhfdXNlcl9pZCI6M30=', '2014-08-22 22:37:57'),
('90dh8c7ew6httzlbslfuawi17dxdtp7z', 'NmNmZmI4YTQ5YTA2MzRlYzE1MzVlOTJkZjAyY2ZmNGY5ZDk1MWRlNTp7Il9hdXRoX3VzZXJfaGFzaCI6ImJmMjVmNTAyMjQzMDlkNzYxNmJiMDZkZWFkYzcxZTU0Y2JjNTZmZjUiLCJfYXV0aF91c2VyX2JhY2tlbmQiOiJkamFuZ28uY29udHJpYi5hdXRoLmJhY2tlbmRzLk1vZGVsQmFja2VuZCIsIl9hdXRoX3VzZXJfaWQiOjF9', '2014-09-29 15:58:55'),
('frmglpu92fom64z6mvwxisluoajl62br', 'NTViZjJlMWJmNzIzYzljMTU5NWY3N2U2N2JhY2EyZTc5ODhhMzIxNzp7Il9hdXRoX3VzZXJfYmFja2VuZCI6ImRqYW5nby5jb250cmliLmF1dGguYmFja2VuZHMuTW9kZWxCYWNrZW5kIiwiX2F1dGhfdXNlcl9pZCI6M30=', '2014-09-08 13:20:41'),
('k28bmyq3cfmowa6jassdgqvj660f2nz6', 'NTViZjJlMWJmNzIzYzljMTU5NWY3N2U2N2JhY2EyZTc5ODhhMzIxNzp7Il9hdXRoX3VzZXJfYmFja2VuZCI6ImRqYW5nby5jb250cmliLmF1dGguYmFja2VuZHMuTW9kZWxCYWNrZW5kIiwiX2F1dGhfdXNlcl9pZCI6M30=', '2014-09-05 22:44:28'),
('s2qy5vrq7hvj0te8q9i54md8kdsosc3c', 'MWFlMjYyZmIxZjE1MjljMzdlNGE2YzdhYzE5N2E5NGJiNzMyZmQwOTp7Il9hdXRoX3VzZXJfYmFja2VuZCI6ImRqYW5nby5jb250cmliLmF1dGguYmFja2VuZHMuTW9kZWxCYWNrZW5kIiwiX2F1dGhfdXNlcl9pZCI6MTh9', '2014-09-05 19:12:11'),
('u94hm432i1z3clat2k0c9xjldl3lup9x', 'MGRmOGJjNTVkZDYyMGJmNGE3ZmU0ZGMwNzk5MTY4ODY5NWE0ZWU3Nzp7Il9hdXRoX3VzZXJfYmFja2VuZCI6ImRqYW5nby5jb250cmliLmF1dGguYmFja2VuZHMuTW9kZWxCYWNrZW5kIiwiX2F1dGhfdXNlcl9pZCI6MTB9', '2014-09-04 17:25:42'),
('zurkw039f8sw9x6ldy43x8hui56aku3d', 'OWNmZGI5MDhjY2ZkNWFkOTQ0NDE4ODM5YmY5NDQ2ZWJkZjM4YTEwMDp7Il9hdXRoX3VzZXJfYmFja2VuZCI6ImRqYW5nby5jb250cmliLmF1dGguYmFja2VuZHMuTW9kZWxCYWNrZW5kIiwiZGphbmdvX2xhbmd1YWdlIjoiY2EiLCJfYXV0aF91c2VyX2lkIjoxfQ==', '2014-09-21 16:47:04');

-- --------------------------------------------------------

--
-- Estructura de tabla para la tabla `General_accountbank`
--

CREATE TABLE IF NOT EXISTS `General_accountbank` (
  `record_id` int(11) NOT NULL,
  `human_id` int(11) NOT NULL,
  `company_id` int(11) DEFAULT NULL,
  `unit_id` int(11) DEFAULT NULL,
  `code` varchar(11) COLLATE utf8_unicode_ci DEFAULT NULL,
  `number` varchar(34) COLLATE utf8_unicode_ci DEFAULT NULL,
  `bankcard` tinyint(1) NOT NULL,
  PRIMARY KEY (`record_id`),
  KEY `General_accountbank_6922ec88` (`human_id`),
  KEY `General_accountbank_0316dde1` (`company_id`),
  KEY `General_accountbank_b9dcc52b` (`unit_id`)
) ENGINE=InnoDB DEFAULT CHARSET=utf8 COLLATE=utf8_unicode_ci;

--
-- Volcado de datos para la tabla `General_accountbank`
--

INSERT INTO `General_accountbank` (`record_id`, `human_id`, `company_id`, `unit_id`, `code`, `number`, `bankcard`) VALUES
(43, 15, 53, 2, '', '2347563984582345', 0);

-- --------------------------------------------------------

--
-- Estructura de tabla para la tabla `General_accountces`
--

CREATE TABLE IF NOT EXISTS `General_accountces` (
  `record_id` int(11) NOT NULL,
  `human_id` int(11) NOT NULL,
  `entity_id` int(11) NOT NULL,
  `unit_id` int(11) NOT NULL,
  `code` varchar(10) COLLATE utf8_unicode_ci DEFAULT NULL,
  `number` varchar(4) COLLATE utf8_unicode_ci DEFAULT NULL,
  PRIMARY KEY (`record_id`),
  KEY `General_accountces_6922ec88` (`human_id`),
  KEY `General_accountces_c096cf48` (`entity_id`),
  KEY `General_accountces_b9dcc52b` (`unit_id`)
) ENGINE=InnoDB DEFAULT CHARSET=utf8 COLLATE=utf8_unicode_ci;

--
-- Volcado de datos para la tabla `General_accountces`
--

INSERT INTO `General_accountces` (`record_id`, `human_id`, `entity_id`, `unit_id`, `code`, `number`) VALUES
(1, 3, 3, 1, 'COOP', '0001'),
(38, 4, 3, 1, 'COOP', '0111');

-- --------------------------------------------------------

--
-- Estructura de tabla para la tabla `General_accountcrypto`
--

CREATE TABLE IF NOT EXISTS `General_accountcrypto` (
  `record_id` int(11) NOT NULL,
  `human_id` int(11) NOT NULL,
  `unit_id` int(11) NOT NULL,
  `number` varchar(34) COLLATE utf8_unicode_ci NOT NULL,
  PRIMARY KEY (`record_id`),
  KEY `General_accountcrypto_6922ec88` (`human_id`),
  KEY `General_accountcrypto_b9dcc52b` (`unit_id`)
) ENGINE=InnoDB DEFAULT CHARSET=utf8 COLLATE=utf8_unicode_ci;

--
-- Volcado de datos para la tabla `General_accountcrypto`
--

INSERT INTO `General_accountcrypto` (`record_id`, `human_id`, `unit_id`, `number`) VALUES
(42, 4, 7, 'fPZ9NaANowe8PyWAJ3sLZY3cFzGbUyZca4');

-- --------------------------------------------------------

--
-- Estructura de tabla para la tabla `General_address`
--

CREATE TABLE IF NOT EXISTS `General_address` (
  `id` int(11) NOT NULL AUTO_INCREMENT,
  `name` varchar(100) COLLATE utf8_unicode_ci NOT NULL,
  `address_type_id` int(11) DEFAULT NULL,
  `p_address` varchar(200) COLLATE utf8_unicode_ci NOT NULL,
  `town` varchar(150) COLLATE utf8_unicode_ci NOT NULL,
  `postalcode` varchar(5) COLLATE utf8_unicode_ci DEFAULT NULL,
  `region_id` int(11) DEFAULT NULL,
  `ic_larder` tinyint(1) NOT NULL,
  `size` decimal(20,2) DEFAULT NULL,
  `size_unit_id` int(11) DEFAULT NULL,
  `longitude` int(11) DEFAULT NULL,
  `latitude` int(11) DEFAULT NULL,
  `description` longtext COLLATE utf8_unicode_ci,
  PRIMARY KEY (`id`),
  KEY `General_address_4b4cf59f` (`address_type_id`),
  KEY `General_address_55a4ce96` (`region_id`),
  KEY `General_address_4f62c404` (`size_unit_id`)
) ENGINE=InnoDB  DEFAULT CHARSET=utf8 COLLATE=utf8_unicode_ci AUTO_INCREMENT=21 ;

--
-- Volcado de datos para la tabla `General_address`
--

INSERT INTO `General_address` (`id`, `name`, `address_type_id`, `p_address`, `town`, `postalcode`, `region_id`, `ic_larder`, `size`, `size_unit_id`, `longitude`, `latitude`, `description`) VALUES
(2, 'Casa del Comúm', 44, 'pl. del Pilar', 'Igualada', '9878', 4, 0, NULL, NULL, NULL, NULL, 'Casa del Comúm'),
(3, 'pis de mallorca', 46, 'Mallorca, 450', 'Barcelona', '876y', 3, 0, NULL, NULL, NULL, NULL, ''),
(4, 'qqqqq', 45, 'qqqq', 'qqqqqq', '', 1, 0, NULL, NULL, NULL, NULL, ''),
(5, 'direcion a proyecto', 44, 'gsg', 'dgsdgdsg', 'dgsdg', 1, 0, NULL, NULL, NULL, NULL, ''),
(6, 'qqqqqqqq', 45, 'dgdsgdsg', 'dgsdgdsg', '', NULL, 0, NULL, NULL, NULL, NULL, ''),
(7, 'dddddddddd', 44, 'fdgjfgjfgjgjfgjgf', 'fgjfgjfgjfg', '45325', 3, 0, NULL, NULL, NULL, NULL, 'vcvvbfnmfngfngb'),
(8, 'la meva de casa', 46, 'calle del cuerno', 'jaen', '908', 3, 0, NULL, NULL, NULL, NULL, 'Es la direcció de casa meva'),
(9, 'kiko', 45, 'hfdhfhdfh', 'fdhfdhfdh', '64364', 3, 1, 454.00, 4, NULL, NULL, ''),
(11, 'la buena', NULL, 'gsdgdsgsdgsdg', 'dgsgsdgsd', '', NULL, 0, NULL, NULL, NULL, NULL, ''),
(12, 'trsrtu', NULL, '746745745745', '74', '', 4, 0, NULL, NULL, NULL, NULL, ''),
(13, 'la casa seva', NULL, 'sfdgasfgh', 'dsgadghfdh', '', NULL, 0, NULL, NULL, NULL, NULL, ''),
(14, 'la casa de latre', NULL, 'gjfkfhkfhk', 'jf', '', NULL, 0, NULL, NULL, NULL, NULL, ''),
(15, 'AureaSocial3', 44, 'Sardenya 261-263', 'Barcelona', '', 3, 0, NULL, NULL, NULL, NULL, ''),
(16, 'teryeye', NULL, 'reryy', 'ryreyrey', '', NULL, 0, NULL, NULL, NULL, NULL, ''),
(17, 'ytrutu', NULL, 'utru', 'trutru', '', NULL, 0, NULL, NULL, NULL, NULL, ''),
(18, 'gdfgfdhfdh', 45, 'gjfgjf', 'dgsdfhf', '54323', 4, 0, NULL, NULL, NULL, NULL, '435rhfdjhdjj'),
(19, 'hfdhdfh', 44, 'fdhfdhfd', 'fdhfdh', '', 3, 0, NULL, NULL, NULL, NULL, 'fdhsfdhfdhfdhfdh'),
(20, 'fghfdh', 44, 'fhdfh', 'fhdfh', '5454', 4, 0, NULL, NULL, NULL, NULL, '');

-- --------------------------------------------------------

--
-- Estructura de tabla para la tabla `General_address_jobs`
--

CREATE TABLE IF NOT EXISTS `General_address_jobs` (
  `id` int(11) NOT NULL AUTO_INCREMENT,
  `address_id` int(11) NOT NULL,
  `job_id` int(11) NOT NULL,
  PRIMARY KEY (`id`),
  UNIQUE KEY `address_id` (`address_id`,`job_id`),
  KEY `General_address_jobs_3ac8a70a` (`address_id`),
  KEY `General_address_jobs_218f3960` (`job_id`)
) ENGINE=InnoDB  DEFAULT CHARSET=utf8 COLLATE=utf8_unicode_ci AUTO_INCREMENT=19 ;

--
-- Volcado de datos para la tabla `General_address_jobs`
--

INSERT INTO `General_address_jobs` (`id`, `address_id`, `job_id`) VALUES
(17, 2, 1),
(13, 3, 2),
(14, 3, 3),
(15, 8, 3),
(18, 15, 5);

-- --------------------------------------------------------

--
-- Estructura de tabla para la tabla `General_address_type`
--

CREATE TABLE IF NOT EXISTS `General_address_type` (
  `space_type_id` int(11) NOT NULL,
  PRIMARY KEY (`space_type_id`)
) ENGINE=InnoDB DEFAULT CHARSET=utf8 COLLATE=utf8_unicode_ci;

--
-- Volcado de datos para la tabla `General_address_type`
--

INSERT INTO `General_address_type` (`space_type_id`) VALUES
(44),
(45),
(46);

-- --------------------------------------------------------

--
-- Estructura de tabla para la tabla `General_artwork_type`
--

CREATE TABLE IF NOT EXISTS `General_artwork_type` (
  `typ_id` int(11) NOT NULL,
  PRIMARY KEY (`typ_id`)
) ENGINE=InnoDB DEFAULT CHARSET=utf8 COLLATE=utf8_unicode_ci;

--
-- Volcado de datos para la tabla `General_artwork_type`
--

INSERT INTO `General_artwork_type` (`typ_id`) VALUES
(9),
(10),
(11),
(12),
(14),
(15),
(16),
(17),
(18),
(34),
(35),
(36),
(37),
(38),
(48),
(49),
(50),
(51),
(52),
(53),
(54),
(55),
(56),
(57),
(58),
(59),
(60),
(61),
(65);

-- --------------------------------------------------------

--
-- Estructura de tabla para la tabla `General_asset`
--

CREATE TABLE IF NOT EXISTS `General_asset` (
  `material_id` int(11) NOT NULL,
  `human_id` int(11) NOT NULL,
  `reciprocity` longtext COLLATE utf8_unicode_ci NOT NULL,
  PRIMARY KEY (`material_id`),
  KEY `General_asset_6922ec88` (`human_id`)
) ENGINE=InnoDB DEFAULT CHARSET=utf8 COLLATE=utf8_unicode_ci;

--
-- Volcado de datos para la tabla `General_asset`
--

INSERT INTO `General_asset` (`material_id`, `human_id`, `reciprocity`) VALUES
(1, 4, '');

-- --------------------------------------------------------

--
-- Estructura de tabla para la tabla `General_being_type`
--

CREATE TABLE IF NOT EXISTS `General_being_type` (
  `typ_id` int(11) NOT NULL,
  PRIMARY KEY (`typ_id`)
) ENGINE=InnoDB DEFAULT CHARSET=utf8 COLLATE=utf8_unicode_ci;

--
-- Volcado de datos para la tabla `General_being_type`
--

INSERT INTO `General_being_type` (`typ_id`) VALUES
(4),
(5),
(6),
(13),
(19),
(20),
(21),
(22),
(23),
(24),
(25),
(26),
(27),
(28),
(29),
(30),
(31),
(32),
(33),
(47),
(63),
(64),
(66);

-- --------------------------------------------------------

--
-- Estructura de tabla para la tabla `General_company`
--

CREATE TABLE IF NOT EXISTS `General_company` (
  `human_id` int(11) NOT NULL,
  `company_type_id` int(11) DEFAULT NULL,
  `legal_name` varchar(200) COLLATE utf8_unicode_ci DEFAULT NULL,
  `vat_number` varchar(20) COLLATE utf8_unicode_ci DEFAULT NULL,
  PRIMARY KEY (`human_id`),
  KEY `General_company_a3c9d75e` (`company_type_id`)
) ENGINE=InnoDB DEFAULT CHARSET=utf8 COLLATE=utf8_unicode_ci;

--
-- Volcado de datos para la tabla `General_company`
--

INSERT INTO `General_company` (`human_id`, `company_type_id`, `legal_name`, `vat_number`) VALUES
(15, 19, 'Xarxa Integral de Professionals i Usuaries, SCCL', ''),
(53, 20, '', ''),
(54, 64, '', '');

-- --------------------------------------------------------

--
-- Estructura de tabla para la tabla `General_company_type`
--

CREATE TABLE IF NOT EXISTS `General_company_type` (
  `being_type_id` int(11) NOT NULL,
  PRIMARY KEY (`being_type_id`)
) ENGINE=InnoDB DEFAULT CHARSET=utf8 COLLATE=utf8_unicode_ci;

--
-- Volcado de datos para la tabla `General_company_type`
--

INSERT INTO `General_company_type` (`being_type_id`) VALUES
(19),
(20),
(64);

-- --------------------------------------------------------

--
-- Estructura de tabla para la tabla `General_human`
--

CREATE TABLE IF NOT EXISTS `General_human` (
  `id` int(11) NOT NULL AUTO_INCREMENT,
  `name` varchar(200) COLLATE utf8_unicode_ci NOT NULL,
  `birth_date` date DEFAULT NULL,
  `death_date` date DEFAULT NULL,
  `nickname` varchar(50) COLLATE utf8_unicode_ci NOT NULL,
  `email` varchar(100) COLLATE utf8_unicode_ci NOT NULL,
  `telephone_cell` varchar(20) COLLATE utf8_unicode_ci NOT NULL,
  `telephone_land` varchar(20) COLLATE utf8_unicode_ci NOT NULL,
  `website` varchar(100) COLLATE utf8_unicode_ci NOT NULL,
  `description` longtext COLLATE utf8_unicode_ci,
  PRIMARY KEY (`id`)
) ENGINE=InnoDB  DEFAULT CHARSET=utf8 COLLATE=utf8_unicode_ci AUTO_INCREMENT=263 ;

--
-- Volcado de datos para la tabla `General_human`
--

INSERT INTO `General_human` (`id`, `name`, `birth_date`, `death_date`, `nickname`, `email`, `telephone_cell`, `telephone_land`, `website`, `description`) VALUES
(1, 'Revolució Integral', NULL, NULL, 'RI', '', '', '', '', ''),
(2, 'Xarxa de Cooperatives Integrals', NULL, NULL, 'XCI', '', '', '', '', ''),
(3, 'Cooperativa Integral Catalana', NULL, NULL, 'CIC', '', '', '', '', ''),
(4, 'Sebas', NULL, NULL, 'bumbum', '', '', '', '', ''),
(15, 'Xarxa Integral de Professionals i Usuaries', NULL, NULL, 'XIPU', '', '', '', '', NULL),
(17, 'Ecoxarxanoia', NULL, NULL, 'EA', '', '1238e87', '', '', 'aschlajhvljkbrvbnsd'),
(18, 'Marta', NULL, NULL, 'tuccia', 'tuc@tuc.tuc', '', '', '', ''),
(19, 'Jeto', NULL, NULL, 'jeto', 'jeto@jeto.jeto', '', '', '', ''),
(42, 'Sebb', NULL, NULL, 'seb', '', '', '', '', ''),
(53, 'Triodos Bank', NULL, NULL, 'triodos', '', '', '', '', NULL),
(54, 'Arç Assegurances', NULL, NULL, 'Arç', '', '', '', '', NULL),
(55, 'Duub', NULL, NULL, 'duub', 'dub@dub.dub', '', '', '', ''),
(56, 'Jordi', NULL, NULL, 'jordi', '', '', '', '', ''),
(58, 'Calafou', NULL, NULL, '', '', '', '', 'calafou.org', ''),
(59, 'Creant', NULL, NULL, '', '', '97658675', '', '', 'hvmvcmvb '),
(60, 'Balabiro1', NULL, NULL, '', '', '', '', '', ''),
(61, 'dgsdgd', NULL, NULL, 'juan', 'dsgd@dasg.es', '', '', '', NULL),
(62, 'aaaa', NULL, NULL, 'aa', 'ale@de.es', '', '', '', NULL),
(63, 'aaa', NULL, NULL, 'aaa', 'dsg@dsgsd.es', '', '', '', NULL),
(64, 'aaaa', NULL, NULL, '', '', '', '', 'aaaa', NULL),
(65, 'anonymous', NULL, NULL, '', 'adgsd@adgdsf.es', '', '', '', NULL),
(66, 'anonymous', NULL, NULL, '', 'dgsdg@dsg.es', '', '', '', NULL),
(67, 'dgsdgdgdsgdg', NULL, NULL, 'dsgsdgdg', '', '', '', 'dsgsdgsdgdsg', ''),
(68, 'anonymous', NULL, NULL, '', 'dg@sdgs.es', '', '', '', NULL),
(69, 'anonymous', NULL, NULL, '', 'we@dsg.es', '', '', '', NULL),
(70, 'anonymous', NULL, NULL, '', 'dsgsdg@dsgfsdg.es', '', '', '', NULL),
(71, 'anonymous', NULL, NULL, 'juan1', 'ADGSD@ADG.rd', '', '', '', NULL),
(72, 'anonymous', NULL, NULL, '', 'ddgsd@dsg.es', '', '', '', NULL),
(73, '3333dd', NULL, NULL, 'drago', 'adgsd@gd.es', '', '93897988979', '', NULL),
(74, 'wwwwwww', NULL, NULL, 'ww', 'wwwww@sss.ws', '', '', '', NULL),
(75, 'dgdsgsfd', NULL, NULL, 'jai', 'jdsg@dsg.es', '3535', '35', '', NULL),
(76, 'perez', NULL, NULL, 'gato', 'quert@teclados.es', '', '', '', NULL),
(77, 'miguel', NULL, NULL, 'miki', 'dgsd@gdsg.es', '', '93323232323', '', ''),
(78, 'hfdhf', NULL, NULL, 'juanillo', 'fgsf@fdg.es', '', '', '', NULL),
(79, 'LaLola', NULL, NULL, 'lanick', 'la@dfg.es', '4326262363', '424242141', '', NULL),
(80, 'kop', NULL, NULL, '', '', '', '', '', ''),
(81, 'Luis', NULL, NULL, 'cooper', 'cooper@dgsdg.es', '', '', '', ''),
(82, 'sdgsd', NULL, NULL, 'sgd', 'sdgsd2@sdgd.es', '', '', '', NULL),
(84, 'Aleph', '2010-09-05', NULL, 'proyecto', 'sagsd2@edsggds.es', '5664376457', '', 'cicicdev.enredaos.net', ''),
(85, 'cicicdev', '2010-09-05', NULL, 'enredaos', 'info@cicicdev.net', '', '', 'cicicdev.enredaos.net', 'Desarrollo y soul!'),
(86, 'hhf', NULL, NULL, 'fdgsfdh', 'fgasf@fgdfh.es', '', '', '', NULL),
(87, 'hfhdfrrr', NULL, NULL, '', '', '', '', 'fhdfh', ''),
(88, 'wwwwwwwww', NULL, NULL, 'swwwwwww', 'ddffgdswqfsdd@edgsdddgd.esd', '', '', '', ''),
(89, 'wwwwwwwwwwwwwwww', NULL, NULL, '', '', '', '', 'www', NULL),
(90, 'zzzzz', NULL, NULL, 'zzz', 'zzz@sss.es', '4563764357457', '57457547547', 'fdgfdhfdhfdh', 'hfdshdfh\r\nfdhdfh\r\nhfd\r\nfhd\r\nfh\r\nfhdfh'),
(91, 'elnomdelprovant', NULL, NULL, 'prueba_person', 'mail_person@person.es', '4363264346346', '54346346', '', 'faergsfdgfsdhd'),
(92, 'Kiko', NULL, NULL, 'prova_afin', 'semail@mail.es', '634634643634', '35345', '', NULL),
(93, 'lucifer', NULL, NULL, 'satan', 'mundo@dsgsd.es', '32523523', '325325', '', NULL),
(94, 'angeXXXXXXXXXXXXXXXXXXXXXXXx', NULL, NULL, 'angel', 'dios@cielo.es', '43634', '26346', '', NULL),
(95, 'Mezcla', NULL, NULL, 'egoeco', 'adgd@es.es', 'eryery', 'ryewyr', '', NULL),
(97, 'afin', NULL, NULL, 'afin', 'sdgd@es.es', '436346', '6463', '', NULL),
(98, '453264346', NULL, NULL, 'ddddd', 'ddd@d.es', '934400815', '934400815', '', NULL),
(99, '', NULL, NULL, '', '', '', '', '', ''),
(100, 'sdgdg', NULL, NULL, 'sdgdg', 'dsg@dsgsd.es', 'sdgdg', 'sdgdg', '', ''),
(101, 'juanito', NULL, NULL, '', 'ss@dgdg.es', '696988432', '934400815', 'http://qwrwqrw.es/', NULL),
(102, 'dsgdgsdgsdg', NULL, NULL, '', 'juan@sdgsd.es', '934333212', '934333212', 'http://gsdgds.es/', NULL),
(103, 'jacionto', NULL, NULL, '', 'sdgsdg@sdgdg.es', '696988432', '975123321', 'http://dgasg.es/', NULL),
(107, 'rtrtrtrtr', NULL, NULL, '', 'rgsgsdg@sdgdg.es', '696969699', '696696969', 'http://fsgdsg.es/', NULL),
(108, 'dgdsgdsg', NULL, NULL, '', 'dgsdg@sdgdsg.es', '696969699', '696696969', 'http://dfhdfh.es/', NULL),
(110, 'dgsdg', NULL, NULL, '', 'dg@sdgs.esd', '696987878', '696696969', 'http://fdhfh.es/', NULL),
(112, 'Jacinto', NULL, NULL, '', 'casa@hh.ew', '696969699', '696696969', 'http://gfsdg.es/', ''),
(113, 'kiko', NULL, NULL, '', 'erwet@wegsdg.es', '696969699', '696696969', 'http://dgsdg.es/', ''),
(114, 'metalescena', NULL, NULL, '', 'metal@gmail.com', '643345678', '653456789', 'http://mete.es/', NULL),
(115, 'gestion', NULL, NULL, '', 'culectiu@colectiu.com', '934333212', '934400815', 'http://hh.rs/', ''),
(116, 'lolo', NULL, NULL, '', 'la@dfg.es', '934400381', '938979889', 'http://dsgsdgsdgdsg.es/', NULL),
(117, 'edificio', NULL, NULL, '', 'dgsg@sdgds.es', '934400381', '938979889', 'http://es.es/', ''),
(119, 'mosi', NULL, NULL, '', 'mo@d.es', '696969699', '696696969', 'http://mosi.es/', ''),
(120, 'marcoree', NULL, NULL, 'marcos', 'mar@c.es', '', '', '', ''),
(121, 'nujta', NULL, NULL, 'majte', 'mdasgd@dgsd.es', '', '', '', NULL),
(125, 'mares', NULL, NULL, '', 'mares@es.es', '934400815', '696391233', 'http://fgag.es/', ''),
(126, 'martí lopez', NULL, NULL, '', '', '', '', '', ''),
(127, 'ddd', '2014-09-09', NULL, 'dddd', '', '', '', '', ''),
(128, 'gggg', NULL, NULL, '', '', '', '', '', ''),
(129, 'ggg', NULL, NULL, '', '', '', '', '', ''),
(130, '66666666666666666', NULL, NULL, '', '', '', '', '', ''),
(131, 'eee', NULL, NULL, '', '', '', '', '', ''),
(134, 'humol1', NULL, NULL, '', '', '', '', '', ''),
(135, 'etwetet', '2014-09-13', NULL, '', '', '', '', '', ''),
(136, 'gfdfg', NULL, NULL, '', '', '', '', '', ''),
(137, 'dfsdfdsfds', '2014-09-13', NULL, '', '', '', '', '', ''),
(138, '44444', '2014-09-13', NULL, '', '', '', '', '', ''),
(139, 'wwwwwwwwwww', NULL, NULL, '', '', '', '', '', ''),
(141, 'etewtwetwetwet', '2014-09-13', '2014-09-13', '', '', '', '', '', ''),
(142, 'maranu', '2014-09-13', NULL, '', '', '', '', '', ''),
(143, 'tryry', '2014-09-13', NULL, '', '', '', '', '', ''),
(144, 'hdfhfdh', '2014-09-13', NULL, '', '', '', '', '', ''),
(145, 'fdhfh', '2014-09-13', NULL, '', '', '', '', '', ''),
(146, 'fhfh', '2014-09-13', NULL, '', '', '', '', '', ''),
(148, 'montaña', '2014-09-13', NULL, '', '', '', '', '', ''),
(149, 'castillo', '2014-09-13', NULL, '', '', '', '', '', ''),
(150, 'piqueta2', '2014-09-13', NULL, '', '', '', '', '', ''),
(151, 'lago', '2014-09-13', NULL, '', '', '', '', '', ''),
(152, '66', '2014-09-13', NULL, '', '', '', '', '', ''),
(156, 'gsdgsdg', '2014-09-13', NULL, '', '', '', '', '', ''),
(157, 'guancho', NULL, NULL, '', '', '', '', '', ''),
(158, 'pizza', NULL, NULL, '', '', '', '', '', ''),
(159, 'flor', '2014-09-13', NULL, '', '', '', '', '', ''),
(160, 'oso', '2014-09-13', NULL, '', '', '', '', '', ''),
(161, 'Lacasaroja', NULL, NULL, '', 'casa@hh.ew', '934400381', '696696969', 'http://sdgds.es/', NULL),
(162, 'definitivo', NULL, NULL, '', 'de@es.es', '934400381', '696696969', 'http://def.com/', NULL),
(163, 'kkk', NULL, NULL, '', 'kk@d.es', '696969699', '696696969', 'http://fgfsg.ers/', NULL),
(164, 'xbxcbxb', NULL, NULL, 'bcxbxcbxcbcxbxczbxcb', '', '', '', '', ''),
(165, '', NULL, NULL, '', '', '', '', '', NULL),
(166, 'gsdgsdg', NULL, NULL, '', 'dsgsd@dsgd.es', '934400381', '696696969', 'http://gffgh.es/', NULL),
(167, '', NULL, NULL, '', '', '', '', '', NULL),
(168, 'ggfdghfdh', NULL, NULL, '', 'dgsdgd@dgsdg.es', '934400381', '696696969', 'http://dgdsg.es/', ''),
(169, 'ggfdghfdh', NULL, NULL, '', 'dsgd@dgdsg.es', '934400381', '696696969', 'http://dgdsg.es/', NULL),
(170, 'rrrrrrrrrrrr', NULL, NULL, '', 'rgsgsdg@sdgdg.es', '696969699', '696696969', 'http://555.es/', NULL),
(171, '<person: current_human.name>', NULL, NULL, '', 'rgsgsdg@sdgdg.es', '696969699', '696696969', '', NULL),
(172, 'ddsgdg', NULL, NULL, '', 'dsgd@dgdsg.es', '934400381', '696696969', 'http://ggg.es/', NULL),
(173, 'ttttt', NULL, NULL, '', 'dsg@dsgsd.es', '934400381', '696696969', 'http://ty.es/', NULL),
(174, 'www', NULL, NULL, '', 'wwww@sss.ws', '934400381', '696696969', 'http://eee.es/', NULL),
(175, 'mmmmmmmmmmmmmmm', NULL, NULL, '', 'dsg@dsgsd.es', '934400381', '696696969', 'http://fdf.es/', ''),
(176, 'ddddd', NULL, NULL, '', 'dsg@dsgsd.es', '934400381', '696696969', 'http://fdgsag.es/', ''),
(177, 'Perona del projecte:ddddd', NULL, NULL, '', 'dsg@dsgsd.es', '934400381', '696696969', '', NULL),
(178, 'dgdsgdsg', NULL, NULL, '', 'sdgsdg@dsgasdg.es', '696969699', '696696969', 'http://dfhdfh.es/', NULL),
(179, 'yy', NULL, NULL, '', 'dsgd@dgdsg.es', '934400381', '696696969', 'http://ff.es/', NULL),
(180, 'ttrewq', NULL, NULL, '', 'ggd@sgd.es', '934400381', '696696969', 'http://ff.es/', NULL),
(181, '', NULL, NULL, '', '', '', '', '', ''),
(182, 'PEPE', NULL, NULL, '', 'dsgd@dagsgd.es', '934400381', '696696969', 'http://vsdgsd.es/', NULL),
(183, 't5555', NULL, NULL, '', 'fgsf@fdg.es', '696969699', '696696969', 'http://tttt.es/', NULL),
(184, 'iyui7uiuyiuyi', NULL, NULL, '', '', '', '', '', ''),
(185, 'dsgsdgsdg', NULL, NULL, '', 'sdgsdg@dgasdg.es', '696969699', '696696969', 'http://fdhfd.es/', ''),
(186, '', NULL, NULL, '', '', '', '', '', ''),
(187, 'dshsh', NULL, NULL, '', 'erwet@wegsdg.es', '934400381', '696696969', 'http://dgrg.es/', NULL),
(188, 'Persona del projecte:dshsh', NULL, NULL, '', 'erwet@wegsdg.es', '934400381', '696696969', '', NULL),
(189, 'Persona del projecte:dshsh', NULL, NULL, '', 'erwet@wegsdg.es', '934400381', '696696969', '', NULL),
(190, 'duui', NULL, NULL, '', 'dsgsdg@dsgfsdg.es', '934400381', '696696969', 'http://fdghg.es/', ''),
(191, '', NULL, NULL, '', '', '', '', '', ''),
(192, 'gsdgsdg', NULL, NULL, '', 'sgdgd@dsgdsg.es', '934400381', '696696969', 'http://dfhfdh.es/', NULL),
(193, '', NULL, NULL, '', '', '', '', '', ''),
(194, 'dgsdgsdg', NULL, NULL, '', 'ss2ss.ws@ww.es', '696969699', '696696969', 'http://sdgsd.es/', NULL),
(195, '', NULL, NULL, '', '', '', '', '', ''),
(196, '', NULL, NULL, '', '', '', '', '', ''),
(197, 'rreyryrwy', NULL, NULL, '', 'sdgsdg@dgasdg.es', '934400381', '696696969', 'http://ggfj.es/', NULL),
(198, '', NULL, NULL, '', '', '', '', '', ''),
(199, 'ggsdg', NULL, NULL, '', 'dsgd@dgdsg.es', '696969699', '696696969', 'http://fhfh.es/', NULL),
(200, '', NULL, NULL, '', '', '', '', '', ''),
(201, 'twrete', NULL, NULL, '', 'erwet@wegsdg.es', '696969699', '696696969', 'http://wrywr.es/', NULL),
(202, '', NULL, NULL, '', '', '', '', '', ''),
(203, 'etwetwet', NULL, NULL, '', 'ewt@ee.es', '696969699', '696696969', 'http://sgsdg.es/', NULL),
(204, '', NULL, NULL, '', '', '', '', '', ''),
(205, 'sdgsdg', NULL, NULL, '', 'sdg@sddg.es', '696969699', '696696969', 'http://sfhdh.es/', NULL),
(206, '', NULL, NULL, '', '', '', '', '', ''),
(207, 'ee', NULL, NULL, '', 'dgddd@edgsdddgd.esd', '696969699', '696696969', 'http://cgfg.ers/', NULL),
(208, 'Persona del projecte:ee', NULL, NULL, '', 'dgddd@edgsdddgd.esd', '696969699', '696696969', '', NULL),
(209, 'hdhhhhhhhhhhhhhhh', NULL, NULL, '', 'ss2ss.ws@ww.es', '934400381', '696696969', 'http://hfh.resd/', NULL),
(210, 'Projecte de la persona: Persona del projecte:hdhhhhhhhhhhhhhhh', NULL, NULL, '', 'ss2ss.ws@ww.es', '934400381', '696696969', '', ''),
(211, 'gdsdg', NULL, NULL, '', 'dgsd@gdsg.es', '696969699', '696696969', 'http://sfdgsfg.es/', ''),
(212, 'Projecte de la persona: Persona del projecte:gdsdg', NULL, NULL, '', 'dgsd@gdsg.es', '696969699', '696696969', '', ''),
(213, 'gwtwry', NULL, NULL, '', 'sdgsdg@dgasdg.es', '696969699', '696696969', 'http://hfdh.es/', NULL),
(214, 'Persona del projecte:gwtwry', NULL, NULL, '', 'sdgsdg@dgasdg.es', '696969699', '696696969', '', NULL),
(215, 'Persona del projecte:gwtwry', NULL, NULL, '', 'sdgsdg@dgasdg.es', '696969699', '696696969', '', NULL),
(216, 'Projecte de la persona: Persona del projecte:Projecte de la persona: Persona del projecte:Projecte de la persona: Persona del projecte:Projecte de la persona: Persona del projecte:sgsdgh', NULL, NULL, '', 'sdgsdg@dgasdg.es', '696987878', '696696969', '', ''),
(221, 'ttttttttttttt', NULL, NULL, '', 'sdgsdg@dgasdg.es', '934400381', '696696969', 'http://DSGSD.ES/', NULL),
(222, 'Projecte de la persona: Persona del projecte:ttttttttttttt', NULL, NULL, '', 'sdgsdg@dgasdg.es', '934400381', '696696969', '', ''),
(223, 'Projecte de la persona: Persona del projecte:ttttttttttttt', NULL, NULL, '', 'sdgsdg@dgasdg.es', '934400381', '696696969', '', ''),
(224, 'jujhy', NULL, NULL, '', 'sfdgdsg@sdgsd.es', '934400381', '696696969', 'http://dfhfd.es/', NULL),
(225, 'marcoree', NULL, NULL, '', 'sfdgdsg@sdgsd.es', '934400381', '696696969', '', 'hfdhfdhfdhfdhfdh'),
(226, 'yyyyyyyy', NULL, NULL, '', 'dhs@dsh.es', '934400381', '696696969', 'http://gsadh.es/', NULL),
(227, 'Projecte de la persona: Persona del projecte:yyyyyyyy', NULL, NULL, '', 'dhs@dsh.es', '934400381', '696696969', '', 'yryeudjgkgk'),
(228, 'Projecte de la persona: Persona del projecte:aaaaaaaaa', NULL, NULL, '', 'dhfdh@dgasfdg.es', '934400381', '696696969', '', 'u468648658'),
(229, 'Projecte de la persona: Persona del projecte:aaaaaaaaa', '2014-09-14', '2014-09-14', 'yweywyeqw4ywey', 'dhfdh@dgasfdg.es', '934400381', '696696969', '', 'twyweywey'),
(230, 'Pruebafinal', NULL, NULL, '', 'demian@abraxas.net', '934400381', '696696969', 'http://web.es/', NULL),
(231, 'Persona del projecte:Pruebafinal', NULL, NULL, '', 'demian@abraxas.net', '934400381', '696696969', '', NULL),
(232, 'dgsdgdgdsgdg', NULL, NULL, '', 'dsg@dsgsd.es', '934400381', '696696969', 'http://dgfjg.ew/', NULL),
(233, 'Persona del projecte:dgsdgdgdsgdg', NULL, NULL, '', 'dsg@dsgsd.es', '934400381', '696696969', '', NULL),
(234, 'gfghf', NULL, NULL, '', 'erwet@wegsdg.es', '934400381', '696696969', 'http://fdsgsd.es/', NULL),
(235, 'Persona del projecte:gfghf', NULL, NULL, '', 'erwet@wegsdg.es', '934400381', '696696969', '', NULL),
(236, 'dsgdgsdg', NULL, NULL, '', 'dgsd@gdsg.es', '934400381', '696696969', 'http://sdgsdg.es/', NULL),
(237, 'Persona del projecte:dsgdgsdg', NULL, NULL, '', 'dgsd@gdsg.es', '934400381', '696696969', '', NULL),
(238, 'dgdg', NULL, NULL, '', 'dgd@dgsdgd.es', '696987878', '696696969', 'http://dgad.es/', NULL),
(239, 'Persona del projecte:dgdg', NULL, NULL, '', 'dgd@dgsdgd.es', '696987878', '696696969', '', NULL),
(240, 'gdsgdsgs', NULL, NULL, '', 'sgdgd@dsgdsg.es', '696969699', '696696969', 'http://hewhj.es/', NULL),
(241, 'Persona del projecte:dgdg', NULL, NULL, '', 'dgd@dgsdgd.es', '696987878', '696696969', '', NULL),
(242, 'Persona del projecte:dgdg', NULL, NULL, '', 'dgd@dgsdgd.es', '696987878', '696696969', '', NULL),
(243, 'Persona del projecte:dgdg', NULL, NULL, '', 'dgd@dgsdgd.es', '696987878', '696696969', '', NULL),
(244, 'Persona del projecte:dgdg', NULL, NULL, '', 'dgd@dgsdgd.es', '696987878', '696696969', '', NULL),
(245, 'Persona del projecte:dgdg', NULL, NULL, '', 'dgd@dgsdgd.es', '696987878', '696696969', '', NULL),
(246, 'nnnnnnnnnnnnn', NULL, NULL, '', 'dgsd@gdsg.es', '934400381', '696696969', 'http://gdgsdg.es/', 'dgsdgdsgdsgsdgdsg'),
(247, 'Persona del projecte:nnnnnnnnnnnnn', NULL, NULL, '', 'dgsd@gdsg.es', '934400381', '696696969', '', NULL),
(248, 'Persona del projecte:nnnnnnnnnnnnn', NULL, NULL, '', 'dgsd@gdsg.es', '934400381', '696696969', '', NULL),
(249, 'som_gent', NULL, NULL, '', 'dsgsdg@dsgfsdg.es', '934400381', '696696969', 'http://DGSDG.ES/', 'ASFBSDHSDGHSDHSDH'),
(250, 'Persona del projecte:som_gent', NULL, NULL, '', 'dsgsdg@dsgfsdg.es', '934400381', '696696969', '', ''),
(251, 'FETS pel DECOR', '2014-09-15', NULL, 'F p D', 'dgsd@gdsg.es', '934400381', '696696969', 'http://sdgdg.es/', 'cbbxcznxcnx'),
(252, 'Persona del projecte:FETS pel DECOR', NULL, NULL, '', 'dgsd@gdsg.es', '934400381', '696696969', '', NULL),
(253, 'krote', NULL, NULL, 'mentordeFETS', 'dgsdg@gdsg.es', '46346436', '6346436', '', NULL),
(254, 'bvbvb', NULL, NULL, '', 'dgsd@gdsg.es', '934400381', '696696969', 'http://ggh.ed/', 'tutriifdfo'),
(255, 'Persona del projecte:bvbvb', NULL, NULL, '', 'dgsd@gdsg.es', '934400381', '696696969', '', NULL),
(256, 'hdfshdfhdfhdsfhdf', NULL, NULL, '', 'hdfhdf@fgsd.es', '934400381', '696696969', 'http://dfhfd.es/', ''),
(257, 'Persona del projecte:hdfshdfhdfhdsfhdf', NULL, NULL, '', 'hdfhdf@fgsd.es', '934400381', '696696969', '', NULL),
(258, 'ces_consumer', NULL, NULL, '', 'erwet@wegsdg.es', '934400381', '696696969', 'http://dsg.es/', 'ywryrewuy'),
(259, 'Persona del projecte:ces_consumer', NULL, NULL, '', 'erwet@wegsdg.es', '934400381', '696696969', '', NULL),
(260, 'sdgsdgsdg', NULL, NULL, '', 'sgdgd@dsgdsg.es', '934400381', '696696969', 'http://gdgsdg.es/', ''),
(261, 'Persona del projecte:sdgsdgsdg', NULL, NULL, '', 'sgdgd@dsgdsg.es', '934400381', '696696969', '', NULL),
(262, 'Persona del projecte:sdgsdgsdg', NULL, NULL, '', 'sgdgd@dsgdsg.es', '934400381', '696696969', '', NULL);

-- --------------------------------------------------------

--
-- Estructura de tabla para la tabla `General_image`
--

CREATE TABLE IF NOT EXISTS `General_image` (
  `nonmaterial_id` int(11) NOT NULL,
  `image` varchar(100) COLLATE utf8_unicode_ci DEFAULT NULL,
  `url` varchar(200) COLLATE utf8_unicode_ci DEFAULT NULL,
  `height` int(11) DEFAULT NULL,
  `width` int(11) DEFAULT NULL,
  PRIMARY KEY (`nonmaterial_id`)
) ENGINE=InnoDB DEFAULT CHARSET=utf8 COLLATE=utf8_unicode_ci;

--
-- Volcado de datos para la tabla `General_image`
--

INSERT INTO `General_image` (`nonmaterial_id`, `image`, `url`, `height`, `width`) VALUES
(4, 'files/images/bumbum.png', '', 100, 100),
(5, 'files/images/debian-bulbs-by-omns.png', '', 1600, 2560);

-- --------------------------------------------------------

--
-- Estructura de tabla para la tabla `General_job`
--

CREATE TABLE IF NOT EXISTS `General_job` (
  `id` int(11) NOT NULL AUTO_INCREMENT,
  `name` varchar(100) COLLATE utf8_unicode_ci NOT NULL,
  `verb` varchar(50) COLLATE utf8_unicode_ci NOT NULL,
  `gerund` varchar(50) COLLATE utf8_unicode_ci NOT NULL,
  `description` longtext COLLATE utf8_unicode_ci NOT NULL,
  `parent_id` int(11) DEFAULT NULL,
  `lft` int(10) unsigned NOT NULL,
  `rght` int(10) unsigned NOT NULL,
  `tree_id` int(10) unsigned NOT NULL,
  `level` int(10) unsigned NOT NULL,
  `clas` varchar(50) COLLATE utf8_unicode_ci NOT NULL,
  PRIMARY KEY (`id`),
  UNIQUE KEY `name` (`name`),
  KEY `General_job_410d0aac` (`parent_id`),
  KEY `General_job_329f6fb3` (`lft`),
  KEY `General_job_e763210f` (`rght`),
  KEY `General_job_ba470c4a` (`tree_id`),
  KEY `General_job_20e079f4` (`level`)
) ENGINE=InnoDB  DEFAULT CHARSET=utf8 COLLATE=utf8_unicode_ci AUTO_INCREMENT=7 ;

--
-- Volcado de datos para la tabla `General_job`
--

INSERT INTO `General_job` (`id`, `name`, `verb`, `gerund`, `description`, `parent_id`, `lft`, `rght`, `tree_id`, `level`, `clas`) VALUES
(1, 'Autogestió', 'autogestionar', 'autogestionant', '', NULL, 1, 6, 1, 0, ''),
(2, 'Coordinació', 'coordinar', 'coordinant', '', 1, 2, 3, 1, 1, ''),
(3, 'Desenvolupament', 'desenvolupar', 'desenvolupant', '', NULL, 1, 2, 2, 0, ''),
(4, 'Transport', 'transportar', 'transportant', '', NULL, 1, 2, 3, 0, ''),
(5, 'Facilitació CI', 'facilitar CI', 'facilitant CI', '', 1, 4, 5, 1, 1, 'ic_facilitate'),
(6, 'Restauració', 'restaurar', 'restaurant', '', NULL, 1, 2, 4, 0, '');

-- --------------------------------------------------------

--
-- Estructura de tabla para la tabla `General_material`
--

CREATE TABLE IF NOT EXISTS `General_material` (
  `id` int(11) NOT NULL AUTO_INCREMENT,
  `name` varchar(200) COLLATE utf8_unicode_ci DEFAULT NULL,
  `description` longtext COLLATE utf8_unicode_ci,
  `material_type_id` int(11) DEFAULT NULL,
  PRIMARY KEY (`id`),
  KEY `General_material_6965c408` (`material_type_id`)
) ENGINE=InnoDB  DEFAULT CHARSET=utf8 COLLATE=utf8_unicode_ci AUTO_INCREMENT=2 ;

--
-- Volcado de datos para la tabla `General_material`
--

INSERT INTO `General_material` (`id`, `name`, `description`, `material_type_id`) VALUES
(1, 'peugeot 306', '', 57);

-- --------------------------------------------------------

--
-- Estructura de tabla para la tabla `General_material_type`
--

CREATE TABLE IF NOT EXISTS `General_material_type` (
  `artwork_type_id` int(11) NOT NULL,
  PRIMARY KEY (`artwork_type_id`)
) ENGINE=InnoDB DEFAULT CHARSET=utf8 COLLATE=utf8_unicode_ci;

--
-- Volcado de datos para la tabla `General_material_type`
--

INSERT INTO `General_material_type` (`artwork_type_id`) VALUES
(55),
(56),
(57);

-- --------------------------------------------------------

--
-- Estructura de tabla para la tabla `General_nonmaterial`
--

CREATE TABLE IF NOT EXISTS `General_nonmaterial` (
  `id` int(11) NOT NULL AUTO_INCREMENT,
  `name` varchar(200) COLLATE utf8_unicode_ci DEFAULT NULL,
  `description` longtext COLLATE utf8_unicode_ci,
  `nonmaterial_type_id` int(11) DEFAULT NULL,
  PRIMARY KEY (`id`),
  KEY `General_nonmaterial_d40a8f00` (`nonmaterial_type_id`)
) ENGINE=InnoDB  DEFAULT CHARSET=utf8 COLLATE=utf8_unicode_ci AUTO_INCREMENT=6 ;

--
-- Volcado de datos para la tabla `General_nonmaterial`
--

INSERT INTO `General_nonmaterial` (`id`, `name`, `description`, `nonmaterial_type_id`) VALUES
(1, 'acollida Autoocupats', '', 53),
(2, 'formació Moneda Social', '', 53),
(4, 'Jeto seb', '', 65),
(5, 'debian bulbs', '', 65);

-- --------------------------------------------------------

--
-- Estructura de tabla para la tabla `General_nonmaterial_type`
--

CREATE TABLE IF NOT EXISTS `General_nonmaterial_type` (
  `artwork_type_id` int(11) NOT NULL,
  PRIMARY KEY (`artwork_type_id`)
) ENGINE=InnoDB DEFAULT CHARSET=utf8 COLLATE=utf8_unicode_ci;

--
-- Volcado de datos para la tabla `General_nonmaterial_type`
--

INSERT INTO `General_nonmaterial_type` (`artwork_type_id`) VALUES
(49),
(50),
(51),
(52),
(53),
(54),
(65);

-- --------------------------------------------------------

--
-- Estructura de tabla para la tabla `General_person`
--

CREATE TABLE IF NOT EXISTS `General_person` (
  `human_id` int(11) NOT NULL,
  `surnames` varchar(100) COLLATE utf8_unicode_ci NOT NULL,
  `id_card` varchar(9) COLLATE utf8_unicode_ci NOT NULL,
  `email2` varchar(75) COLLATE utf8_unicode_ci NOT NULL,
  `nickname2` varchar(20) COLLATE utf8_unicode_ci NOT NULL,
  PRIMARY KEY (`human_id`)
) ENGINE=InnoDB DEFAULT CHARSET=utf8 COLLATE=utf8_unicode_ci;

--
-- Volcado de datos para la tabla `General_person`
--

INSERT INTO `General_person` (`human_id`, `surnames`, `id_card`, `email2`, `nickname2`) VALUES
(4, '', '28374655', '', ''),
(18, '', '837462833', '', ''),
(19, 'Laface', '134837561', '', ''),
(42, 'Fresh', '', '', ''),
(55, 'Cognom', '', '', ''),
(56, 'Madorell', '', '', ''),
(61, 'dgdsgdg', '', '', ''),
(62, 'aaa', '', '', ''),
(63, 'aaa', '', '', ''),
(65, '', '', '', ''),
(66, '', '', '', ''),
(68, '', '', '', ''),
(69, '', '', '', ''),
(70, '', '', '', ''),
(71, '', '', '', ''),
(72, '', '', '', ''),
(73, 'wuinze', '4536', '', ''),
(74, 'w', '333', '', ''),
(75, 'sdgdg', '', '', ''),
(76, 'botella', '', '', ''),
(77, 'perez lopez', '4353535', '', ''),
(78, 'fhdfh', 'fdhfdh', '', ''),
(79, 'Gutierrez', '343434', '', ''),
(80, 'Lopez Gutierrez', '441123212', '', ''),
(81, 'hiuyt teett', '4535325', '', ''),
(82, 'dgsdg', 'dsgsdg', '', ''),
(84, 'Null', '45545666', '', 'aleph'),
(86, 'fdhfdh', '', '', ''),
(88, '', '', '', ''),
(90, 'zzzz', 'zzz', '', ''),
(91, 'cognoms del provant', '453263463', '', ''),
(92, 'Fernandez', '34325235', '', ''),
(93, 'luz bel', '436', '', ''),
(94, 'angel', '43646', '', ''),
(95, 'Superior', '453', '', ''),
(97, 'asdgsdg', '342546', '', ''),
(98, '', '', '', ''),
(99, 'indivicual soci', '53464', '', ''),
(100, 'asdgsdg', 'dsgdg', '', ''),
(120, '', '', '', ''),
(121, '', '', '', ''),
(164, '', '', '', ''),
(165, '', '', '', ''),
(167, '', '', '', ''),
(171, '', '', '', ''),
(177, '', '', '', ''),
(181, '', '', '', ''),
(184, '', '', '', ''),
(186, 'fgasfdh', '', '', ''),
(188, '', '', '', ''),
(189, '', '', '', ''),
(191, '', '', '', ''),
(193, '', '', '', ''),
(195, '', '', '', ''),
(196, '', '', '', ''),
(198, '', '', '', ''),
(200, '', '', '', ''),
(202, '', '', '', ''),
(204, '', '', '', ''),
(206, '', '', '', ''),
(208, '', '', '', ''),
(210, '', '', '', ''),
(212, '', '', '', ''),
(214, '', '', '', ''),
(215, '', '', '', ''),
(222, '', '', '', ''),
(223, '', '', '', ''),
(225, '', '', '', ''),
(227, '', '', '', ''),
(229, '', '', '', ''),
(231, '', '', '', ''),
(233, '', '', '', ''),
(235, '', '', '', ''),
(237, '', '', '', ''),
(239, '', '', '', ''),
(241, '', '', '', ''),
(242, '', '', '', ''),
(243, '', '', '', ''),
(244, '', '', '', ''),
(245, '', '', '', ''),
(247, '', '', '', ''),
(248, '', '', '', ''),
(250, 'fhfdnbdfndgm', '643634643', '', ''),
(252, '', '', '', ''),
(253, 'es', '524215233', '', ''),
(255, '', '', '', ''),
(257, '', '', '', ''),
(259, '', '', '', ''),
(261, '', '', '', ''),
(262, '', '', '', '');

-- --------------------------------------------------------

--
-- Estructura de tabla para la tabla `General_project`
--

CREATE TABLE IF NOT EXISTS `General_project` (
  `human_id` int(11) NOT NULL,
  `project_type_id` int(11) DEFAULT NULL,
  `parent_id` int(11) DEFAULT NULL,
  `socialweb` varchar(100) COLLATE utf8_unicode_ci NOT NULL,
  `email2` varchar(75) COLLATE utf8_unicode_ci NOT NULL,
  `ecommerce` tinyint(1) NOT NULL,
  `lft` int(10) unsigned NOT NULL,
  `rght` int(10) unsigned NOT NULL,
  `tree_id` int(10) unsigned NOT NULL,
  `level` int(10) unsigned NOT NULL,
  PRIMARY KEY (`human_id`),
  KEY `General_project_758f74b0` (`project_type_id`),
  KEY `General_project_329f6fb3` (`lft`),
  KEY `General_project_e763210f` (`rght`),
  KEY `General_project_ba470c4a` (`tree_id`),
  KEY `General_project_20e079f4` (`level`)
) ENGINE=InnoDB DEFAULT CHARSET=utf8 COLLATE=utf8_unicode_ci;

--
-- Volcado de datos para la tabla `General_project`
--

INSERT INTO `General_project` (`human_id`, `project_type_id`, `parent_id`, `socialweb`, `email2`, `ecommerce`, `lft`, `rght`, `tree_id`, `level`) VALUES
(1, 47, NULL, '', '', 0, 1, 18, 1, 0),
(2, 47, 1, '', '', 0, 2, 13, 1, 1),
(3, 24, 2, '', '', 0, 3, 12, 1, 2),
(17, 22, 3, '', '', 0, 4, 5, 1, 3),
(58, 30, 3, '', '', 0, 6, 7, 1, 3),
(59, 21, 3, '', '', 0, 8, 9, 1, 3),
(60, 27, NULL, '', '', 0, 1, 2, 2, 0),
(64, NULL, NULL, '', '', 0, 1, 2, 3, 0),
(67, 24, NULL, 'dgsdgd', '', 0, 1, 2, 4, 0),
(80, 31, NULL, '', '', 1, 1, 2, 49, 0),
(85, 23, 1, 'wiki.enredaos.net', '', 1, 14, 15, 1, 1),
(87, NULL, NULL, '', '', 0, 1, 2, 6, 0),
(89, NULL, NULL, '', '', 0, 1, 2, 7, 0),
(99, 32, NULL, '', '', 1, 1, 2, 51, 0),
(107, NULL, NULL, '', '', 0, 1, 2, 11, 0),
(108, NULL, NULL, '', '', 0, 1, 2, 12, 0),
(110, NULL, NULL, '', '', 0, 1, 2, 13, 0),
(112, 23, NULL, '', '', 0, 1, 2, 15, 0),
(113, NULL, NULL, '', '', 0, 1, 2, 16, 0),
(114, NULL, NULL, '', '', 0, 1, 2, 17, 0),
(115, NULL, NULL, '', '', 0, 1, 2, 18, 0),
(116, NULL, NULL, '', '', 0, 1, 2, 19, 0),
(117, NULL, NULL, '', '', 0, 1, 2, 20, 0),
(119, NULL, NULL, '', '', 0, 1, 2, 21, 0),
(125, NULL, NULL, '', '', 0, 1, 2, 24, 0),
(161, NULL, NULL, '', '', 0, 1, 2, 25, 0),
(162, NULL, NULL, '', '', 0, 1, 2, 26, 0),
(163, NULL, NULL, '', '', 0, 1, 2, 27, 0),
(164, NULL, NULL, '', '', 0, 1, 2, 28, 0),
(165, NULL, NULL, '', '', 0, 1, 2, 29, 0),
(166, NULL, NULL, '', '', 0, 1, 2, 30, 0),
(167, NULL, NULL, '', '', 0, 1, 2, 31, 0),
(168, NULL, NULL, '', '', 0, 1, 2, 32, 0),
(169, NULL, NULL, '', '', 0, 1, 2, 33, 0),
(170, NULL, NULL, '', '', 0, 1, 2, 34, 0),
(172, NULL, NULL, '', '', 0, 1, 2, 35, 0),
(173, NULL, NULL, '', '', 0, 1, 2, 36, 0),
(174, NULL, NULL, '', '', 0, 1, 2, 37, 0),
(175, NULL, NULL, '', '', 0, 1, 2, 38, 0),
(176, NULL, NULL, '', '', 0, 1, 2, 39, 0),
(178, NULL, NULL, '', '', 0, 1, 2, 40, 0),
(179, NULL, NULL, '', '', 0, 1, 2, 41, 0),
(180, NULL, NULL, '', '', 0, 1, 2, 42, 0),
(181, 31, NULL, '', '', 1, 1, 2, 43, 0),
(182, NULL, NULL, '', '', 0, 1, 2, 44, 0),
(183, NULL, NULL, '', '', 0, 1, 2, 45, 0),
(184, 31, NULL, '', '', 1, 1, 2, 46, 0),
(185, NULL, NULL, '', '', 0, 1, 2, 47, 0),
(186, 31, NULL, '', '', 1, 1, 2, 48, 0),
(187, NULL, NULL, '', '', 0, 1, 2, 50, 0),
(190, NULL, NULL, '', '', 0, 1, 2, 52, 0),
(191, 31, NULL, '', '', 1, 1, 2, 53, 0),
(192, NULL, NULL, '', '', 0, 1, 2, 54, 0),
(193, 32, NULL, '', '', 1, 1, 2, 58, 0),
(194, NULL, NULL, '', '', 0, 1, 2, 55, 0),
(195, 32, NULL, '', '', 1, 1, 2, 57, 0),
(196, 32, NULL, '', '', 1, 1, 2, 56, 0),
(197, NULL, NULL, '', '', 0, 1, 2, 59, 0),
(198, 32, NULL, '', '', 1, 1, 2, 66, 0),
(199, NULL, NULL, '', '', 0, 1, 2, 60, 0),
(200, 32, NULL, '', '', 1, 1, 2, 61, 0),
(201, NULL, NULL, '', '', 0, 1, 2, 62, 0),
(202, 32, NULL, '', '', 1, 1, 2, 63, 0),
(203, NULL, NULL, '', '', 0, 1, 2, 64, 0),
(204, 32, NULL, '', '', 1, 1, 2, 65, 0),
(205, NULL, NULL, '', '', 0, 1, 2, 67, 0),
(206, 32, NULL, '', '', 1, 1, 2, 68, 0),
(207, NULL, NULL, '', '', 0, 1, 2, 69, 0),
(209, NULL, NULL, '', '', 0, 1, 2, 70, 0),
(210, 32, NULL, '', '', 1, 1, 2, 71, 0),
(211, 33, NULL, '', '', 0, 1, 2, 72, 0),
(212, 33, NULL, '', '', 1, 1, 2, 73, 0),
(213, NULL, NULL, '', '', 0, 1, 2, 74, 0),
(216, 32, NULL, '', '', 1, 1, 2, 79, 0),
(220, 32, NULL, '', '', 1, 1, 2, 83, 0),
(221, NULL, NULL, '', '', 0, 1, 2, 80, 0),
(222, 31, NULL, '', '', 1, 1, 2, 82, 0),
(223, 31, NULL, '', '', 1, 1, 2, 81, 0),
(224, NULL, NULL, '', '', 0, 1, 2, 84, 0),
(225, 31, NULL, '', '', 1, 1, 2, 85, 0),
(226, NULL, NULL, '', '', 0, 1, 2, 86, 0),
(227, 32, NULL, '', '', 1, 1, 2, 87, 0),
(228, 31, NULL, '', '', 1, 1, 2, 89, 0),
(229, 31, NULL, '', '', 1, 1, 2, 90, 0),
(230, NULL, NULL, '', '', 0, 1, 2, 91, 0),
(232, NULL, NULL, '', '', 0, 1, 2, 92, 0),
(234, NULL, NULL, '', '', 0, 1, 2, 93, 0),
(236, NULL, NULL, '', '', 0, 1, 2, 94, 0),
(238, NULL, NULL, '', '', 0, 1, 2, 95, 0),
(240, NULL, NULL, '', '', 0, 1, 2, 96, 0),
(246, 31, 3, '', '', 0, 10, 11, 1, 3),
(249, 31, NULL, '', '', 1, 1, 2, 97, 0),
(251, 31, 1, '', '', 1, 16, 17, 1, 1),
(254, 31, NULL, '', '', 1, 1, 2, 98, 0),
(256, 31, NULL, '', '', 1, 1, 2, 99, 0),
(258, 31, NULL, '', '', 1, 1, 2, 100, 0),
(260, 31, NULL, '', '', 1, 1, 2, 101, 0);

-- --------------------------------------------------------

--
-- Estructura de tabla para la tabla `General_project_type`
--

CREATE TABLE IF NOT EXISTS `General_project_type` (
  `being_type_id` int(11) NOT NULL,
  PRIMARY KEY (`being_type_id`)
) ENGINE=InnoDB DEFAULT CHARSET=utf8 COLLATE=utf8_unicode_ci;

--
-- Volcado de datos para la tabla `General_project_type`
--

INSERT INTO `General_project_type` (`being_type_id`) VALUES
(13),
(21),
(22),
(23),
(24),
(25),
(26),
(27),
(28),
(29),
(30),
(31),
(32),
(33),
(47),
(63),
(66);

-- --------------------------------------------------------

--
-- Estructura de tabla para la tabla `General_record`
--

CREATE TABLE IF NOT EXISTS `General_record` (
  `id` int(11) NOT NULL AUTO_INCREMENT,
  `name` varchar(200) COLLATE utf8_unicode_ci DEFAULT NULL,
  `description` longtext COLLATE utf8_unicode_ci,
  `record_type_id` int(11) DEFAULT NULL,
  PRIMARY KEY (`id`),
  KEY `General_record_ac580b38` (`record_type_id`)
) ENGINE=InnoDB  DEFAULT CHARSET=utf8 COLLATE=utf8_unicode_ci AUTO_INCREMENT=57 ;

--
-- Volcado de datos para la tabla `General_record`
--

INSERT INTO `General_record` (`id`, `name`, `description`, `record_type_id`) VALUES
(1, '(eco) CIC (Cooperativa Integral Catalana) COOP0001', NULL, 16),
(3, 'EcoCoop * 5.000 = Hora', '', 58),
(4, 'EcoCoop * 1 = Euro', '', 59),
(5, 'Riu * 1 = Euro', '', 59),
(38, '(eco) bumbum (Sebas) COOP0111', NULL, 16),
(42, '(FAC) Sebas (bumbum) fPZ9NaANowe8PyWAJ3sLZY3cFzGbUyZca4', NULL, 17),
(43, 'triodos: XIPU 2347563984582345', NULL, 18),
(44, 'frfrf', 'ddddd', 17),
(45, 'gsdgfg', 'fhgdfhfdhdfhff', 17),
(46, 'ertrewy', 'dfhfdhdsfhfh', NULL),
(47, 'ertrewy', 'dfhfdhdsfhfh', 18),
(48, 'grhgerhrefdhfd', '', 58),
(49, '', '', NULL),
(50, 'eee', 'dddd', 17),
(51, 'ces2345', 'cdeswsd', 16),
(52, '2345', 'wwww', 16),
(53, 'wwwwww', 'wwwww', 59),
(54, 'ssss', 'ssssss', 16),
(55, 'ggggggggggggg', 'ggggggggggggggg', 16),
(56, 'retr', 'fhdfhfdhfdhfdhfdhf', 17);

-- --------------------------------------------------------

--
-- Estructura de tabla para la tabla `General_record_type`
--

CREATE TABLE IF NOT EXISTS `General_record_type` (
  `artwork_type_id` int(11) NOT NULL,
  PRIMARY KEY (`artwork_type_id`)
) ENGINE=InnoDB DEFAULT CHARSET=utf8 COLLATE=utf8_unicode_ci;

--
-- Volcado de datos para la tabla `General_record_type`
--

INSERT INTO `General_record_type` (`artwork_type_id`) VALUES
(14),
(15),
(16),
(17),
(18),
(58),
(59),
(60),
(61);

-- --------------------------------------------------------

--
-- Estructura de tabla para la tabla `General_region`
--

CREATE TABLE IF NOT EXISTS `General_region` (
  `id` int(11) NOT NULL AUTO_INCREMENT,
  `name` varchar(100) COLLATE utf8_unicode_ci NOT NULL,
  `region_type_id` int(11) DEFAULT NULL,
  `parent_id` int(11) DEFAULT NULL,
  `description` longtext COLLATE utf8_unicode_ci,
  `lft` int(10) unsigned NOT NULL,
  `rght` int(10) unsigned NOT NULL,
  `tree_id` int(10) unsigned NOT NULL,
  `level` int(10) unsigned NOT NULL,
  PRIMARY KEY (`id`),
  KEY `General_region_5fb27f15` (`region_type_id`),
  KEY `General_region_410d0aac` (`parent_id`),
  KEY `General_region_329f6fb3` (`lft`),
  KEY `General_region_e763210f` (`rght`),
  KEY `General_region_ba470c4a` (`tree_id`),
  KEY `General_region_20e079f4` (`level`)
) ENGINE=InnoDB  DEFAULT CHARSET=utf8 COLLATE=utf8_unicode_ci AUTO_INCREMENT=7 ;

--
-- Volcado de datos para la tabla `General_region`
--

INSERT INTO `General_region` (`id`, `name`, `region_type_id`, `parent_id`, `description`, `lft`, `rght`, `tree_id`, `level`) VALUES
(1, 'Països Catalans', 40, 5, '', 2, 9, 2, 1),
(2, 'Catalunya', 41, 1, '', 3, 8, 2, 2),
(3, 'Barcelonès', 43, 2, '', 4, 5, 2, 3),
(4, 'Anoia', 43, 2, '', 6, 7, 2, 3),
(5, 'continent europeu', 39, NULL, '', 1, 10, 2, 0),
(6, 'planeta Terra', 62, NULL, '', 1, 2, 3, 0);

-- --------------------------------------------------------

--
-- Estructura de tabla para la tabla `General_region_type`
--

CREATE TABLE IF NOT EXISTS `General_region_type` (
  `space_type_id` int(11) NOT NULL,
  PRIMARY KEY (`space_type_id`)
) ENGINE=InnoDB DEFAULT CHARSET=utf8 COLLATE=utf8_unicode_ci;

--
-- Volcado de datos para la tabla `General_region_type`
--

INSERT INTO `General_region_type` (`space_type_id`) VALUES
(39),
(40),
(41),
(42),
(43),
(62);

-- --------------------------------------------------------

--
-- Estructura de tabla para la tabla `General_relation`
--

CREATE TABLE IF NOT EXISTS `General_relation` (
  `id` int(11) NOT NULL AUTO_INCREMENT,
  `name` varchar(100) COLLATE utf8_unicode_ci NOT NULL,
  `verb` varchar(50) COLLATE utf8_unicode_ci NOT NULL,
  `gerund` varchar(50) COLLATE utf8_unicode_ci NOT NULL,
  `description` longtext COLLATE utf8_unicode_ci NOT NULL,
  `parent_id` int(11) DEFAULT NULL,
  `lft` int(10) unsigned NOT NULL,
  `rght` int(10) unsigned NOT NULL,
  `tree_id` int(10) unsigned NOT NULL,
  `level` int(10) unsigned NOT NULL,
  `clas` varchar(50) COLLATE utf8_unicode_ci NOT NULL,
  PRIMARY KEY (`id`),
  UNIQUE KEY `name` (`name`),
  KEY `General_relation_410d0aac` (`parent_id`),
  KEY `General_relation_329f6fb3` (`lft`),
  KEY `General_relation_e763210f` (`rght`),
  KEY `General_relation_ba470c4a` (`tree_id`),
  KEY `General_relation_20e079f4` (`level`)
) ENGINE=InnoDB  DEFAULT CHARSET=utf8 COLLATE=utf8_unicode_ci AUTO_INCREMENT=55 ;

--
-- Volcado de datos para la tabla `General_relation`
--

INSERT INTO `General_relation` (`id`, `name`, `verb`, `gerund`, `description`, `parent_id`, `lft`, `rght`, `tree_id`, `level`, `clas`) VALUES
(1, ':Relació Humà - Humà', '', '', '', NULL, 1, 38, 1, 0, 'rel_hum_hum'),
(2, ':Relació Humà - Art', '', '', '', NULL, 1, 6, 2, 0, 'rel_hum_art'),
(3, ':Relació Humà - Espai', '', '', '', NULL, 1, 20, 3, 0, 'rel_hum_spac'),
(4, ':Relació Humà - Obra', '', '', '', NULL, 1, 16, 4, 0, ''),
(5, ':relació Persona - Projecte', '', '', '', 1, 18, 29, 1, 1, 'rel_pers_proj'),
(6, ':relació Persona - Persona', '', '', '', 1, 36, 37, 1, 1, 'rel_pers_pers'),
(7, 'participació', 'participar', 'participant', '', 19, 7, 8, 1, 2, ''),
(8, 'dinamització', 'dinamitzar', 'dinamitzant', '', 19, 5, 6, 1, 2, ''),
(9, 'col·laboració', 'col·laborar', 'col·laborant', '', 21, 15, 16, 1, 2, ''),
(10, 'contribució/col·laboració', 'contribuir/col·laborar', 'contribuint/col·laborant', '', 5, 21, 28, 1, 2, 'contribute'),
(11, 'referència', 'referenciar', 'referenciant', '', 19, 3, 4, 1, 2, 'reference'),
(12, 'contribució en alguna comissió', 'contribuir en comissió', 'contribuint en comissió', '', 10, 22, 23, 1, 3, ''),
(13, 'contribució puntual en tasques organitzatives', 'contribuir puntualment', 'contribuint puntualment', '', 10, 24, 25, 1, 3, ''),
(14, 'contribució econòmica', 'contribuir econòmicament', 'contribuint econòmicament', '', 10, 26, 27, 1, 3, ''),
(15, ':relació Projecte - Adreça', '', '', '', 3, 2, 9, 3, 1, 'rel_proj_addr'),
(16, 'oferiment de l''espai', 'oferir l''espai', 'oferint l''espai', '', 17, 4, 5, 3, 3, ''),
(17, 'gestió de l''espai', 'gestionar l''espai', 'gestionant l''espai', '', 15, 3, 6, 3, 2, ''),
(18, ':relació Projecte - Empresa', '', '', '', 1, 10, 13, 1, 1, 'rel_proj_empr'),
(19, ':relació Projecte - Persona', '', '', '', 1, 2, 9, 1, 1, 'rel_proj_pers'),
(20, 'utilització', 'utilitzar', 'utilitzant', '', 18, 11, 12, 1, 2, ''),
(21, ':relació Projecte - Projecte', '', '', '', 1, 14, 17, 1, 1, 'rel_proj_proj'),
(22, ':relació Persona - Empresa', '', '', '', 1, 30, 35, 1, 1, 'rel_pers_comp'),
(23, 'utilització d''espai', 'utilitzar l''espai', 'utilitzant l''espai', '', 15, 7, 8, 3, 2, ''),
(24, ':relació Persona - Adreça', '', '', '', 3, 10, 15, 3, 1, 'rel_pers_addr'),
(25, 'habitatge a', 'habitar a', 'habitant a', '', 24, 11, 12, 3, 2, ''),
(26, 'treball a', 'treballar a', 'treballant a', '', 24, 13, 14, 3, 2, ''),
(27, 'seguiment', 'seguir', 'seguint', '', 5, 19, 20, 1, 2, ''),
(28, 'aprenentatge', 'apendre', 'aprenent', '', 2, 2, 3, 2, 1, ''),
(29, 'pràctica', 'practicar', 'practicant', '', 2, 4, 5, 2, 1, ''),
(30, ':relació Humà - Registre', '', '', '', 4, 2, 5, 4, 1, 'rel_hum_reco'),
(31, 'compra a empresa', 'comprar a l''empresa', 'comprant a l''empresa', '', 22, 31, 32, 1, 2, ''),
(32, 'treball per empresa', 'treballar per l''empresa', 'treballant per l''empresa', '', 22, 33, 34, 1, 2, ''),
(33, ':relació Humà - Regió', '', '', '', 3, 16, 19, 3, 1, 'rel_hum_regi'),
(34, 'vinculació vital a', 'fer vida a', 'fent vida a', '', 33, 17, 18, 3, 2, ''),
(35, ':relació Humà - obra Material', '', '', '', 4, 6, 9, 4, 1, 'rel_hum_mate'),
(36, 'titular del registre', 'titular el registre', 'titulant el registre', '', 30, 3, 4, 4, 2, 'holder'),
(37, 'pertinença', 'pertànyer', 'pertanyent', '', 35, 7, 8, 4, 2, ''),
(38, ':relació Humà - obra Inmaterial', '', '', '', 4, 10, 15, 4, 1, 'rel_hum_nonm'),
(39, 'representació', 'representar', 'representant', '', 38, 11, 12, 4, 2, ''),
(40, 'oferta d''obra inmaterial', 'oferir l''obra inmaterial', 'oferint l''obra inmaterial', '', 38, 13, 14, 4, 2, ''),
(41, ':relació obra Material - Adreça', '', '', '', 46, 2, 5, 9, 1, 'rel_mat_addr'),
(42, 'aparcament a', 'aparcar a', 'aparcant a', '', 41, 3, 4, 9, 2, ''),
(43, ':relació obra Material - Registre', '', '', '', 47, 2, 3, 10, 1, 'rel_mat_reco'),
(44, ':relació obra Material - obra Inmaterial', '', '', '', 47, 6, 7, 10, 1, 'rel_mat_nonm'),
(45, ':relació obra Material - obra Material', '', '', '', 47, 4, 5, 10, 1, 'rel_mat_mate'),
(46, ':Relació Obra - Espai', '', '', '', NULL, 1, 8, 9, 0, ''),
(47, ':Relació Obra - Obra', '', '', '', NULL, 1, 12, 10, 0, ''),
(48, ':Relació Obra - Art', '', '', '', NULL, 1, 8, 11, 0, ''),
(49, ':relació obra Material - Ofici', '', '', '', 48, 2, 5, 11, 1, 'rel_mat_jobs'),
(50, ':relació obra Inmaterial - Adreça', '', '', '', 46, 6, 7, 9, 1, 'rel_non_addr'),
(51, ':relació obra Inmaterial - Registre', '', '', '', 47, 8, 9, 10, 1, 'rel_non_reco'),
(52, ':relació obra Inmaterial - Ofici', '', '', '', 48, 6, 7, 11, 1, 'rel_non_jobs'),
(53, ':relació obra Inmaterial - obra Inmaterial', '', '', '', 47, 10, 11, 10, 1, 'rel_non_nonm'),
(54, 'servei per', 'servir per', 'servint per', '', 49, 3, 4, 11, 2, '');

-- --------------------------------------------------------

--
-- Estructura de tabla para la tabla `General_rel_human_addresses`
--

CREATE TABLE IF NOT EXISTS `General_rel_human_addresses` (
  `id` int(11) NOT NULL AUTO_INCREMENT,
  `human_id` int(11) NOT NULL,
  `address_id` int(11) NOT NULL,
  `relation_id` int(11) DEFAULT NULL,
  `main_address` tinyint(1) NOT NULL,
  PRIMARY KEY (`id`),
  KEY `General_rel_human_addresses_6922ec88` (`human_id`),
  KEY `General_rel_human_addresses_3ac8a70a` (`address_id`),
  KEY `General_rel_human_addresses_d525a588` (`relation_id`)
) ENGINE=InnoDB  DEFAULT CHARSET=utf8 COLLATE=utf8_unicode_ci AUTO_INCREMENT=23 ;

--
-- Volcado de datos para la tabla `General_rel_human_addresses`
--

INSERT INTO `General_rel_human_addresses` (`id`, `human_id`, `address_id`, `relation_id`, `main_address`) VALUES
(2, 17, 2, 17, 1),
(7, 18, 3, 25, 0),
(8, 4, 2, 26, 0),
(9, 59, 3, NULL, 1),
(11, 77, 4, NULL, 0),
(12, 90, 3, 26, 1),
(13, 84, 5, NULL, 0),
(14, 85, 6, NULL, 0),
(15, 91, 7, NULL, 1),
(16, 99, 8, 25, 1),
(17, 229, 18, NULL, 1),
(18, 228, 18, 17, 1),
(19, 3, 15, NULL, 1),
(20, 246, 18, NULL, 1),
(21, 251, 20, NULL, 1),
(22, 249, 20, NULL, 1);

-- --------------------------------------------------------

--
-- Estructura de tabla para la tabla `General_rel_human_companies`
--

CREATE TABLE IF NOT EXISTS `General_rel_human_companies` (
  `id` int(11) NOT NULL AUTO_INCREMENT,
  `human_id` int(11) NOT NULL,
  `company_id` int(11) NOT NULL,
  `relation_id` int(11) DEFAULT NULL,
  PRIMARY KEY (`id`),
  KEY `General_rel_human_companies_6922ec88` (`human_id`),
  KEY `General_rel_human_companies_0316dde1` (`company_id`),
  KEY `General_rel_human_companies_d525a588` (`relation_id`)
) ENGINE=InnoDB  DEFAULT CHARSET=utf8 COLLATE=utf8_unicode_ci AUTO_INCREMENT=2 ;

--
-- Volcado de datos para la tabla `General_rel_human_companies`
--

INSERT INTO `General_rel_human_companies` (`id`, `human_id`, `company_id`, `relation_id`) VALUES
(1, 3, 15, 20);

-- --------------------------------------------------------

--
-- Estructura de tabla para la tabla `General_rel_human_jobs`
--

CREATE TABLE IF NOT EXISTS `General_rel_human_jobs` (
  `id` int(11) NOT NULL AUTO_INCREMENT,
  `human_id` int(11) NOT NULL,
  `job_id` int(11) NOT NULL,
  `relation_id` int(11) DEFAULT NULL,
  PRIMARY KEY (`id`),
  KEY `General_rel_human_jobs_6922ec88` (`human_id`),
  KEY `General_rel_human_jobs_218f3960` (`job_id`),
  KEY `General_rel_human_jobs_d525a588` (`relation_id`)
) ENGINE=InnoDB  DEFAULT CHARSET=utf8 COLLATE=utf8_unicode_ci AUTO_INCREMENT=7 ;

--
-- Volcado de datos para la tabla `General_rel_human_jobs`
--

INSERT INTO `General_rel_human_jobs` (`id`, `human_id`, `job_id`, `relation_id`) VALUES
(1, 3, 1, 29),
(2, 18, 2, 29),
(3, 4, 3, 29),
(4, 19, 3, 28),
(5, 4, 5, 29),
(6, 18, 5, 29);

-- --------------------------------------------------------

--
-- Estructura de tabla para la tabla `General_rel_human_materials`
--

CREATE TABLE IF NOT EXISTS `General_rel_human_materials` (
  `id` int(11) NOT NULL AUTO_INCREMENT,
  `human_id` int(11) NOT NULL,
  `material_id` int(11) NOT NULL,
  `relation_id` int(11) DEFAULT NULL,
  PRIMARY KEY (`id`),
  KEY `General_rel_human_materials_6922ec88` (`human_id`),
  KEY `General_rel_human_materials_f6ab4be3` (`material_id`),
  KEY `General_rel_human_materials_d525a588` (`relation_id`)
) ENGINE=InnoDB  DEFAULT CHARSET=utf8 COLLATE=utf8_unicode_ci AUTO_INCREMENT=9 ;

--
-- Volcado de datos para la tabla `General_rel_human_materials`
--

INSERT INTO `General_rel_human_materials` (`id`, `human_id`, `material_id`, `relation_id`) VALUES
(8, 4, 1, 37);

-- --------------------------------------------------------

--
-- Estructura de tabla para la tabla `General_rel_human_nonmaterials`
--

CREATE TABLE IF NOT EXISTS `General_rel_human_nonmaterials` (
  `id` int(11) NOT NULL AUTO_INCREMENT,
  `human_id` int(11) NOT NULL,
  `nonmaterial_id` int(11) NOT NULL,
  `relation_id` int(11) DEFAULT NULL,
  PRIMARY KEY (`id`),
  KEY `General_rel_human_nonmaterials_6922ec88` (`human_id`),
  KEY `General_rel_human_nonmaterials_c510079f` (`nonmaterial_id`),
  KEY `General_rel_human_nonmaterials_d525a588` (`relation_id`)
) ENGINE=InnoDB  DEFAULT CHARSET=utf8 COLLATE=utf8_unicode_ci AUTO_INCREMENT=2 ;

--
-- Volcado de datos para la tabla `General_rel_human_nonmaterials`
--

INSERT INTO `General_rel_human_nonmaterials` (`id`, `human_id`, `nonmaterial_id`, `relation_id`) VALUES
(1, 4, 1, 40);

-- --------------------------------------------------------

--
-- Estructura de tabla para la tabla `General_rel_human_persons`
--

CREATE TABLE IF NOT EXISTS `General_rel_human_persons` (
  `id` int(11) NOT NULL AUTO_INCREMENT,
  `human_id` int(11) NOT NULL,
  `person_id` int(11) NOT NULL,
  `relation_id` int(11) DEFAULT NULL,
  PRIMARY KEY (`id`),
  KEY `General_rel_human_persons_6922ec88` (`human_id`),
  KEY `General_rel_human_persons_16f39487` (`person_id`),
  KEY `General_rel_human_persons_d525a588` (`relation_id`)
) ENGINE=InnoDB  DEFAULT CHARSET=utf8 COLLATE=utf8_unicode_ci AUTO_INCREMENT=105 ;

--
-- Volcado de datos para la tabla `General_rel_human_persons`
--

INSERT INTO `General_rel_human_persons` (`id`, `human_id`, `person_id`, `relation_id`) VALUES
(11, 3, 4, 11),
(16, 17, 19, 7),
(18, 59, 42, 11),
(19, 59, 19, 7),
(20, 17, 18, 11),
(21, 67, 66, 11),
(22, 87, 86, 11),
(23, 89, 88, 11),
(24, 85, 84, 11),
(26, 115, 55, 11),
(27, 115, 55, 11),
(28, 176, 177, 11),
(29, 175, 121, 11),
(30, 181, 181, NULL),
(31, 183, 184, NULL),
(32, 184, 184, NULL),
(33, 185, 186, NULL),
(34, 185, 186, 11),
(35, 186, 186, NULL),
(36, 80, 80, NULL),
(37, 187, 188, NULL),
(38, 187, 189, NULL),
(39, 99, 99, NULL),
(40, 190, 191, 11),
(41, 191, 191, NULL),
(42, 192, 193, NULL),
(43, 194, 195, NULL),
(44, 194, 196, NULL),
(45, 196, 196, NULL),
(46, 195, 195, NULL),
(47, 193, 193, NULL),
(48, 197, 198, NULL),
(49, 199, 200, NULL),
(50, 200, 200, NULL),
(51, 201, 202, NULL),
(52, 202, 202, NULL),
(53, 203, 204, NULL),
(54, 204, 204, NULL),
(55, 198, 198, NULL),
(56, 205, 206, NULL),
(57, 206, 206, NULL),
(58, 207, 208, NULL),
(59, 209, 210, NULL),
(60, 210, 210, NULL),
(61, 211, 212, NULL),
(62, 212, 212, NULL),
(63, 213, 214, NULL),
(64, 213, 215, NULL),
(69, 221, 222, NULL),
(70, 221, 223, NULL),
(71, 223, 223, NULL),
(72, 222, 222, NULL),
(74, 224, 225, NULL),
(75, 225, 225, NULL),
(76, 226, 227, NULL),
(77, 227, 227, NULL),
(78, 228, 229, NULL),
(79, 229, 229, NULL),
(80, 229, 229, 11),
(81, 228, 91, 11),
(82, 230, 231, NULL),
(83, 232, 233, NULL),
(84, 234, 235, NULL),
(85, 236, 237, NULL),
(86, 238, 239, NULL),
(87, 238, 241, NULL),
(88, 238, 242, NULL),
(89, 238, 243, NULL),
(90, 238, 244, NULL),
(91, 238, 245, NULL),
(92, 246, 247, NULL),
(93, 246, 248, NULL),
(94, 249, 250, NULL),
(95, 249, 250, 11),
(96, 251, 252, 11),
(97, 251, 243, NULL),
(98, 251, 233, NULL),
(99, 251, 253, NULL),
(100, 254, 255, 11),
(101, 256, 257, 11),
(102, 258, 259, 11),
(103, 260, 261, 11),
(104, 260, 262, 11);

-- --------------------------------------------------------

--
-- Estructura de tabla para la tabla `General_rel_human_projects`
--

CREATE TABLE IF NOT EXISTS `General_rel_human_projects` (
  `id` int(11) NOT NULL AUTO_INCREMENT,
  `human_id` int(11) NOT NULL,
  `project_id` int(11) NOT NULL,
  `relation_id` int(11) DEFAULT NULL,
  PRIMARY KEY (`id`),
  KEY `General_rel_human_projects_6922ec88` (`human_id`),
  KEY `General_rel_human_projects_37952554` (`project_id`),
  KEY `General_rel_human_projects_d525a588` (`relation_id`)
) ENGINE=InnoDB  DEFAULT CHARSET=utf8 COLLATE=utf8_unicode_ci AUTO_INCREMENT=7 ;

--
-- Volcado de datos para la tabla `General_rel_human_projects`
--

INSERT INTO `General_rel_human_projects` (`id`, `human_id`, `project_id`, `relation_id`) VALUES
(1, 18, 17, 27),
(2, 42, 1, 27),
(3, 42, 17, 13),
(6, 4, 17, NULL);

-- --------------------------------------------------------

--
-- Estructura de tabla para la tabla `General_rel_human_records`
--

CREATE TABLE IF NOT EXISTS `General_rel_human_records` (
  `id` int(11) NOT NULL AUTO_INCREMENT,
  `human_id` int(11) NOT NULL,
  `record_id` int(11) NOT NULL,
  `relation_id` int(11) DEFAULT NULL,
  PRIMARY KEY (`id`),
  KEY `General_rel_human_records_6922ec88` (`human_id`),
  KEY `General_rel_human_records_52103e4c` (`record_id`),
  KEY `General_rel_human_records_d525a588` (`relation_id`)
) ENGINE=InnoDB  DEFAULT CHARSET=utf8 COLLATE=utf8_unicode_ci AUTO_INCREMENT=16 ;

--
-- Volcado de datos para la tabla `General_rel_human_records`
--

INSERT INTO `General_rel_human_records` (`id`, `human_id`, `record_id`, `relation_id`) VALUES
(11, 4, 38, 36),
(12, 3, 1, 36),
(14, 4, 42, 36),
(15, 15, 43, 36);

-- --------------------------------------------------------

--
-- Estructura de tabla para la tabla `General_rel_human_regions`
--

CREATE TABLE IF NOT EXISTS `General_rel_human_regions` (
  `id` int(11) NOT NULL AUTO_INCREMENT,
  `human_id` int(11) NOT NULL,
  `region_id` int(11) NOT NULL,
  `relation_id` int(11) DEFAULT NULL,
  PRIMARY KEY (`id`),
  KEY `General_rel_human_regions_6922ec88` (`human_id`),
  KEY `General_rel_human_regions_55a4ce96` (`region_id`),
  KEY `General_rel_human_regions_d525a588` (`relation_id`)
) ENGINE=InnoDB DEFAULT CHARSET=utf8 COLLATE=utf8_unicode_ci AUTO_INCREMENT=1 ;

-- --------------------------------------------------------

--
-- Estructura de tabla para la tabla `General_rel_material_addresses`
--

CREATE TABLE IF NOT EXISTS `General_rel_material_addresses` (
  `id` int(11) NOT NULL AUTO_INCREMENT,
  `material_id` int(11) NOT NULL,
  `address_id` int(11) NOT NULL,
  `relation_id` int(11) DEFAULT NULL,
  PRIMARY KEY (`id`),
  KEY `General_rel_material_addresses_f6ab4be3` (`material_id`),
  KEY `General_rel_material_addresses_3ac8a70a` (`address_id`),
  KEY `General_rel_material_addresses_d525a588` (`relation_id`)
) ENGINE=InnoDB DEFAULT CHARSET=utf8 COLLATE=utf8_unicode_ci AUTO_INCREMENT=1 ;

-- --------------------------------------------------------

--
-- Estructura de tabla para la tabla `General_rel_material_jobs`
--

CREATE TABLE IF NOT EXISTS `General_rel_material_jobs` (
  `id` int(11) NOT NULL AUTO_INCREMENT,
  `material_id` int(11) NOT NULL,
  `job_id` int(11) NOT NULL,
  `relation_id` int(11) DEFAULT NULL,
  PRIMARY KEY (`id`),
  KEY `General_rel_material_jobs_f6ab4be3` (`material_id`),
  KEY `General_rel_material_jobs_218f3960` (`job_id`),
  KEY `General_rel_material_jobs_d525a588` (`relation_id`)
) ENGINE=InnoDB  DEFAULT CHARSET=utf8 COLLATE=utf8_unicode_ci AUTO_INCREMENT=2 ;

--
-- Volcado de datos para la tabla `General_rel_material_jobs`
--

INSERT INTO `General_rel_material_jobs` (`id`, `material_id`, `job_id`, `relation_id`) VALUES
(1, 1, 4, 54);

-- --------------------------------------------------------

--
-- Estructura de tabla para la tabla `General_rel_material_materials`
--

CREATE TABLE IF NOT EXISTS `General_rel_material_materials` (
  `id` int(11) NOT NULL AUTO_INCREMENT,
  `material_id` int(11) NOT NULL,
  `material2_id` int(11) NOT NULL,
  `relation_id` int(11) DEFAULT NULL,
  PRIMARY KEY (`id`),
  KEY `General_rel_material_materials_f6ab4be3` (`material_id`),
  KEY `General_rel_material_materials_f9e9200e` (`material2_id`),
  KEY `General_rel_material_materials_d525a588` (`relation_id`)
) ENGINE=InnoDB DEFAULT CHARSET=utf8 COLLATE=utf8_unicode_ci AUTO_INCREMENT=1 ;

-- --------------------------------------------------------

--
-- Estructura de tabla para la tabla `General_rel_material_nonmaterials`
--

CREATE TABLE IF NOT EXISTS `General_rel_material_nonmaterials` (
  `id` int(11) NOT NULL AUTO_INCREMENT,
  `material_id` int(11) NOT NULL,
  `nonmaterial_id` int(11) NOT NULL,
  `relation_id` int(11) DEFAULT NULL,
  PRIMARY KEY (`id`),
  KEY `General_rel_material_nonmaterials_f6ab4be3` (`material_id`),
  KEY `General_rel_material_nonmaterials_c510079f` (`nonmaterial_id`),
  KEY `General_rel_material_nonmaterials_d525a588` (`relation_id`)
) ENGINE=InnoDB DEFAULT CHARSET=utf8 COLLATE=utf8_unicode_ci AUTO_INCREMENT=1 ;

-- --------------------------------------------------------

--
-- Estructura de tabla para la tabla `General_rel_material_records`
--

CREATE TABLE IF NOT EXISTS `General_rel_material_records` (
  `id` int(11) NOT NULL AUTO_INCREMENT,
  `material_id` int(11) NOT NULL,
  `record_id` int(11) NOT NULL,
  `relation_id` int(11) DEFAULT NULL,
  PRIMARY KEY (`id`),
  KEY `General_rel_material_records_f6ab4be3` (`material_id`),
  KEY `General_rel_material_records_52103e4c` (`record_id`),
  KEY `General_rel_material_records_d525a588` (`relation_id`)
) ENGINE=InnoDB DEFAULT CHARSET=utf8 COLLATE=utf8_unicode_ci AUTO_INCREMENT=1 ;

-- --------------------------------------------------------

--
-- Estructura de tabla para la tabla `General_rel_nonmaterial_addresses`
--

CREATE TABLE IF NOT EXISTS `General_rel_nonmaterial_addresses` (
  `id` int(11) NOT NULL AUTO_INCREMENT,
  `nonmaterial_id` int(11) NOT NULL,
  `address_id` int(11) NOT NULL,
  `relation_id` int(11) DEFAULT NULL,
  PRIMARY KEY (`id`),
  KEY `General_rel_nonmaterial_addresses_c510079f` (`nonmaterial_id`),
  KEY `General_rel_nonmaterial_addresses_3ac8a70a` (`address_id`),
  KEY `General_rel_nonmaterial_addresses_d525a588` (`relation_id`)
) ENGINE=InnoDB DEFAULT CHARSET=utf8 COLLATE=utf8_unicode_ci AUTO_INCREMENT=1 ;

-- --------------------------------------------------------

--
-- Estructura de tabla para la tabla `General_rel_nonmaterial_jobs`
--

CREATE TABLE IF NOT EXISTS `General_rel_nonmaterial_jobs` (
  `id` int(11) NOT NULL AUTO_INCREMENT,
  `nonmaterial_id` int(11) NOT NULL,
  `job_id` int(11) NOT NULL,
  `relation_id` int(11) DEFAULT NULL,
  PRIMARY KEY (`id`),
  KEY `General_rel_nonmaterial_jobs_c510079f` (`nonmaterial_id`),
  KEY `General_rel_nonmaterial_jobs_218f3960` (`job_id`),
  KEY `General_rel_nonmaterial_jobs_d525a588` (`relation_id`)
) ENGINE=InnoDB DEFAULT CHARSET=utf8 COLLATE=utf8_unicode_ci AUTO_INCREMENT=1 ;

-- --------------------------------------------------------

--
-- Estructura de tabla para la tabla `General_rel_nonmaterial_nonmaterials`
--

CREATE TABLE IF NOT EXISTS `General_rel_nonmaterial_nonmaterials` (
  `id` int(11) NOT NULL AUTO_INCREMENT,
  `nonmaterial_id` int(11) NOT NULL,
  `nonmaterial2_id` int(11) NOT NULL,
  `relation_id` int(11) DEFAULT NULL,
  PRIMARY KEY (`id`),
  KEY `General_rel_nonmaterial_nonmaterials_c510079f` (`nonmaterial_id`),
  KEY `General_rel_nonmaterial_nonmaterials_e0d4901c` (`nonmaterial2_id`),
  KEY `General_rel_nonmaterial_nonmaterials_d525a588` (`relation_id`)
) ENGINE=InnoDB DEFAULT CHARSET=utf8 COLLATE=utf8_unicode_ci AUTO_INCREMENT=1 ;

-- --------------------------------------------------------

--
-- Estructura de tabla para la tabla `General_rel_nonmaterial_records`
--

CREATE TABLE IF NOT EXISTS `General_rel_nonmaterial_records` (
  `id` int(11) NOT NULL AUTO_INCREMENT,
  `nonmaterial_id` int(11) NOT NULL,
  `record_id` int(11) NOT NULL,
  `relation_id` int(11) DEFAULT NULL,
  PRIMARY KEY (`id`),
  KEY `General_rel_nonmaterial_records_c510079f` (`nonmaterial_id`),
  KEY `General_rel_nonmaterial_records_52103e4c` (`record_id`),
  KEY `General_rel_nonmaterial_records_d525a588` (`relation_id`)
) ENGINE=InnoDB DEFAULT CHARSET=utf8 COLLATE=utf8_unicode_ci AUTO_INCREMENT=1 ;

-- --------------------------------------------------------

--
-- Estructura de tabla para la tabla `General_space_type`
--

CREATE TABLE IF NOT EXISTS `General_space_type` (
  `typ_id` int(11) NOT NULL,
  PRIMARY KEY (`typ_id`)
) ENGINE=InnoDB DEFAULT CHARSET=utf8 COLLATE=utf8_unicode_ci;

--
-- Volcado de datos para la tabla `General_space_type`
--

INSERT INTO `General_space_type` (`typ_id`) VALUES
(7),
(8),
(39),
(40),
(41),
(42),
(43),
(44),
(45),
(46),
(62);

-- --------------------------------------------------------

--
-- Estructura de tabla para la tabla `General_type`
--

CREATE TABLE IF NOT EXISTS `General_type` (
  `id` int(11) NOT NULL AUTO_INCREMENT,
  `name` varchar(200) COLLATE utf8_unicode_ci NOT NULL,
  `description` longtext COLLATE utf8_unicode_ci NOT NULL,
  `parent_id` int(11) DEFAULT NULL,
  `lft` int(10) unsigned NOT NULL,
  `rght` int(10) unsigned NOT NULL,
  `tree_id` int(10) unsigned NOT NULL,
  `level` int(10) unsigned NOT NULL,
  `clas` varchar(200) COLLATE utf8_unicode_ci NOT NULL,
  PRIMARY KEY (`id`),
  UNIQUE KEY `name` (`name`),
  KEY `General_type_410d0aac` (`parent_id`),
  KEY `General_type_329f6fb3` (`lft`),
  KEY `General_type_e763210f` (`rght`),
  KEY `General_type_ba470c4a` (`tree_id`),
  KEY `General_type_20e079f4` (`level`)
) ENGINE=InnoDB  DEFAULT CHARSET=utf8 COLLATE=utf8_unicode_ci AUTO_INCREMENT=67 ;

--
-- Volcado de datos para la tabla `General_type`
--

INSERT INTO `General_type` (`id`, `name`, `description`, `parent_id`, `lft`, `rght`, `tree_id`, `level`, `clas`) VALUES
(1, 'Ésser', '', NULL, 1, 48, 1, 0, 'Being'),
(2, 'Espai', '', NULL, 1, 24, 2, 0, 'Space'),
(3, 'Obra', '', NULL, 1, 60, 3, 0, 'Artwork'),
(4, 'Persona', '', 1, 2, 3, 1, 1, 'Person'),
(5, 'Projecte', '', 1, 4, 39, 1, 1, 'Project'),
(6, 'Empresa', '', 1, 40, 47, 1, 1, 'Company'),
(7, 'Adreça', '', 2, 2, 9, 2, 1, 'Address'),
(8, 'Regió', '', 2, 10, 23, 2, 1, 'Region'),
(9, 'Material', '', 3, 2, 9, 3, 1, 'Material'),
(10, 'Inmaterial', '', 3, 10, 25, 3, 1, 'Nonmaterial'),
(11, 'Registre', '', 3, 26, 45, 3, 1, 'Record'),
(12, 'Unitat', '', 3, 46, 59, 3, 1, 'Unit'),
(13, 'Projecte CI', '', 5, 5, 36, 1, 2, 'ic_project'),
(14, 'Equivalencia d''Unitats', '', 11, 27, 36, 3, 2, 'UnitRatio'),
(15, 'Compte monetari', '', 11, 37, 44, 3, 2, ''),
(16, 'compte CES', '', 15, 38, 39, 3, 3, 'AccountCes'),
(17, 'compte Criptomoneda', '', 15, 40, 41, 3, 3, 'AccountCrypto'),
(18, 'compte Bancari', '', 15, 42, 43, 3, 3, 'AccountBank'),
(19, 'Cooperativa', '', 6, 41, 42, 1, 2, 'cooperative'),
(20, 'Bancaria', '', 6, 43, 44, 1, 2, 'bank'),
(21, 'Nucli d''Autogestió Local', '', 23, 7, 8, 1, 4, ''),
(22, 'Ecoxarxa', '', 23, 9, 10, 1, 4, 'ces'),
(23, 'Públic', '', 13, 6, 19, 1, 3, 'public'),
(24, 'Cooperativa Integral', '', 23, 11, 12, 1, 4, 'ces'),
(25, 'Productiu Public', '', 23, 13, 14, 1, 4, ''),
(26, 'Servei Comú', '', 23, 15, 16, 1, 4, ''),
(27, 'Cooperatiu Col·lectiu', '', 63, 31, 32, 1, 4, ''),
(28, 'Grup de Consum', '', 63, 33, 34, 1, 4, ''),
(29, 'De Serveis', '', 13, 20, 21, 1, 3, ''),
(30, 'PAIC sense facturació', '', 13, 22, 23, 1, 3, ''),
(31, 'Autoocupat', '', 13, 24, 29, 1, 3, 'selfemployed'),
(32, 'Autoocupat Firaire', '', 31, 25, 26, 1, 4, ''),
(33, 'PAIC amb facturació', '', 31, 27, 28, 1, 4, ''),
(34, 'Moneda', '', 12, 47, 54, 3, 2, 'currency'),
(35, 'Moneda Social', '', 34, 48, 49, 3, 3, 'social_currency'),
(36, 'Criptomoneda', '', 34, 50, 51, 3, 3, 'crypto_currency'),
(37, 'Moneda Fiat', '', 34, 52, 53, 3, 3, 'fiat_currency'),
(38, 'Àrea', '', 12, 55, 56, 3, 2, 'area'),
(39, 'Continent', '', 8, 11, 20, 2, 2, ''),
(40, 'País', '', 39, 12, 19, 2, 3, ''),
(41, 'Comunitat Cultural', '', 40, 13, 18, 2, 4, ''),
(42, 'Bioregió', '', 41, 14, 15, 2, 5, ''),
(43, 'Comarca', '', 41, 16, 17, 2, 5, 'region'),
(44, 'Espai Polivalent Col·lectiu', '', 7, 3, 4, 2, 2, ''),
(45, 'Taller', '', 7, 5, 6, 2, 2, ''),
(46, 'Habitatge', '', 7, 7, 8, 2, 2, ''),
(47, 'Xarxa Mundial', '', 5, 37, 38, 1, 2, ''),
(48, 'Temps', '', 12, 57, 58, 3, 2, 'time_currency'),
(49, 'Formació', '', 50, 12, 19, 3, 3, ''),
(50, 'obra Cultural', '', 10, 11, 20, 3, 2, ''),
(51, 'obra Digital', '', 10, 21, 24, 3, 2, ''),
(52, 'formació CI', '', 49, 13, 18, 3, 4, 'ic_learn'),
(53, 'sessió de formació Col·lectiva', '', 52, 14, 15, 3, 5, ''),
(54, 'sessió de formació Individual', '', 52, 16, 17, 3, 5, ''),
(55, 'Màquina', '', 9, 3, 8, 3, 2, ''),
(56, 'Vehicle', '', 55, 4, 7, 3, 3, ''),
(57, 'Cotxe', '', 56, 5, 6, 3, 4, ''),
(58, 'equivalencia Moneda - Temps', '', 14, 28, 29, 3, 3, ''),
(59, 'equivalencia Moneda - Moneda', '', 14, 30, 31, 3, 3, ''),
(60, 'equivalencia Àrea - Àrea', '', 14, 32, 33, 3, 3, ''),
(61, 'equivalencia Temps - Temps', '', 14, 34, 35, 3, 3, ''),
(62, 'Planeta', '', 8, 21, 22, 2, 2, ''),
(63, 'Online', '', 13, 30, 35, 1, 3, 'online'),
(64, 'Asseguradora', '', 6, 45, 46, 1, 2, ''),
(65, 'Imatge digital', '', 51, 22, 23, 3, 3, 'img'),
(66, 'Rebost', '', 23, 17, 18, 1, 4, 'ic_larder');

-- --------------------------------------------------------

--
-- Estructura de tabla para la tabla `General_unit`
--

CREATE TABLE IF NOT EXISTS `General_unit` (
  `id` int(11) NOT NULL AUTO_INCREMENT,
  `name` varchar(200) COLLATE utf8_unicode_ci DEFAULT NULL,
  `description` longtext COLLATE utf8_unicode_ci,
  `unit_type_id` int(11) DEFAULT NULL,
  `code` varchar(4) COLLATE utf8_unicode_ci NOT NULL,
  `region_id` int(11) DEFAULT NULL,
  `human_id` int(11) DEFAULT NULL,
  PRIMARY KEY (`id`),
  KEY `General_unit_0f371b60` (`unit_type_id`),
  KEY `General_unit_55a4ce96` (`region_id`),
  KEY `General_unit_6922ec88` (`human_id`)
) ENGINE=InnoDB  DEFAULT CHARSET=utf8 COLLATE=utf8_unicode_ci AUTO_INCREMENT=8 ;

--
-- Volcado de datos para la tabla `General_unit`
--

INSERT INTO `General_unit` (`id`, `name`, `description`, `unit_type_id`, `code`, `region_id`, `human_id`) VALUES
(1, 'EcoCoop', '', 35, 'eco', NULL, 3),
(2, 'Euro', '', 37, '€', NULL, NULL),
(3, 'Metre Quadrat', '', 38, 'm2', NULL, NULL),
(4, 'Hectàrea', '', 38, 'Ha', NULL, NULL),
(5, 'Hora', '', 48, 'h', NULL, NULL),
(6, 'Riu', '', 35, 'riu', 4, 17),
(7, 'FairCoin', '', 36, 'FAC', 6, NULL);

-- --------------------------------------------------------

--
-- Estructura de tabla para la tabla `General_unitratio`
--

CREATE TABLE IF NOT EXISTS `General_unitratio` (
  `record_id` int(11) NOT NULL,
  `in_unit_id` int(11) NOT NULL,
  `rate` decimal(6,3) NOT NULL,
  `out_unit_id` int(11) NOT NULL,
  PRIMARY KEY (`record_id`),
  KEY `General_unitratio_49ac93b0` (`in_unit_id`),
  KEY `General_unitratio_17576a54` (`out_unit_id`)
) ENGINE=InnoDB DEFAULT CHARSET=utf8 COLLATE=utf8_unicode_ci;

--
-- Volcado de datos para la tabla `General_unitratio`
--

INSERT INTO `General_unitratio` (`record_id`, `in_unit_id`, `rate`, `out_unit_id`) VALUES
(3, 1, 5.000, 5),
(4, 1, 1.000, 2),
(5, 6, 1.000, 2);

-- --------------------------------------------------------

--
-- Estructura de tabla para la tabla `General_unit_type`
--

CREATE TABLE IF NOT EXISTS `General_unit_type` (
  `artwork_type_id` int(11) NOT NULL,
  PRIMARY KEY (`artwork_type_id`)
) ENGINE=InnoDB DEFAULT CHARSET=utf8 COLLATE=utf8_unicode_ci;

--
-- Volcado de datos para la tabla `General_unit_type`
--

INSERT INTO `General_unit_type` (`artwork_type_id`) VALUES
(34),
(35),
(36),
(37),
(38),
(48);

-- --------------------------------------------------------

--
-- Estructura de tabla para la tabla `Invoices_client`
--

CREATE TABLE IF NOT EXISTS `Invoices_client` (
  `company_ptr_id` int(11) NOT NULL,
  PRIMARY KEY (`company_ptr_id`)
) ENGINE=InnoDB DEFAULT CHARSET=latin1;

-- --------------------------------------------------------

--
-- Estructura de tabla para la tabla `Invoices_company`
--

CREATE TABLE IF NOT EXISTS `Invoices_company` (
  `id` int(11) NOT NULL AUTO_INCREMENT,
  `name` varchar(200) NOT NULL,
  `CIF` varchar(30) DEFAULT NULL,
  `otherCIF` varchar(50) DEFAULT NULL,
  PRIMARY KEY (`id`)
) ENGINE=InnoDB DEFAULT CHARSET=latin1 AUTO_INCREMENT=1 ;

-- --------------------------------------------------------

--
-- Estructura de tabla para la tabla `Invoices_coop`
--

CREATE TABLE IF NOT EXISTS `Invoices_coop` (
  `id` int(11) NOT NULL AUTO_INCREMENT,
  `name` varchar(200) NOT NULL,
  PRIMARY KEY (`id`),
  UNIQUE KEY `name` (`name`)
) ENGINE=InnoDB  DEFAULT CHARSET=latin1 AUTO_INCREMENT=3 ;

--
-- Volcado de datos para la tabla `Invoices_coop`
--

INSERT INTO `Invoices_coop` (`id`, `name`) VALUES
(2, 'Interprofesionals'),
(1, 'Xarxa de profesionals i usuàries');

-- --------------------------------------------------------

--
-- Estructura de tabla para la tabla `Invoices_cooper`
--

CREATE TABLE IF NOT EXISTS `Invoices_cooper` (
  `id` int(11) NOT NULL AUTO_INCREMENT,
  `user_id` int(11) NOT NULL,
  `coop_id` int(11) NOT NULL,
  `coop_number` int(11) NOT NULL,
  `assigned_vat` int(11) NOT NULL,
  `extra_days` int(11) NOT NULL,
  `advanced_tax` decimal(10,2) NOT NULL,
  `membership_id` int(11),
  PRIMARY KEY (`id`),
  UNIQUE KEY `user_id` (`user_id`),
  UNIQUE KEY `coop_number` (`coop_number`),
  KEY `Invoices_cooper_b0ecf097` (`coop_id`),
  KEY `Invoices_cooper_a40b5d20` (`membership_id`)
) ENGINE=InnoDB DEFAULT CHARSET=latin1 AUTO_INCREMENT=1 ;

-- --------------------------------------------------------

--
-- Estructura de tabla para la tabla `Invoices_cooper_clients`
--

CREATE TABLE IF NOT EXISTS `Invoices_cooper_clients` (
  `id` int(11) NOT NULL AUTO_INCREMENT,
  `cooper_id` int(11) NOT NULL,
  `client_id` int(11) NOT NULL,
  PRIMARY KEY (`id`),
  UNIQUE KEY `cooper_id` (`cooper_id`,`client_id`),
  KEY `Invoices_cooper_clients_0e79bd52` (`cooper_id`),
  KEY `Invoices_cooper_clients_4fea5d6a` (`client_id`)
) ENGINE=InnoDB DEFAULT CHARSET=latin1 AUTO_INCREMENT=1 ;

-- --------------------------------------------------------

--
-- Estructura de tabla para la tabla `Invoices_cooper_providers`
--

CREATE TABLE IF NOT EXISTS `Invoices_cooper_providers` (
  `id` int(11) NOT NULL AUTO_INCREMENT,
  `cooper_id` int(11) NOT NULL,
  `provider_id` int(11) NOT NULL,
  PRIMARY KEY (`id`),
  UNIQUE KEY `cooper_id` (`cooper_id`,`provider_id`),
  KEY `Invoices_cooper_providers_0e79bd52` (`cooper_id`),
  KEY `Invoices_cooper_providers_3f126c2d` (`provider_id`)
) ENGINE=InnoDB DEFAULT CHARSET=latin1 AUTO_INCREMENT=1 ;

-- --------------------------------------------------------

--
-- Estructura de tabla para la tabla `Invoices_csvimport`
--

CREATE TABLE IF NOT EXISTS `Invoices_csvimport` (
  `id` int(11) NOT NULL AUTO_INCREMENT,
  `model_name` varchar(255) NOT NULL,
  `field_list` varchar(255) NOT NULL,
  `upload_file` varchar(100) NOT NULL,
  `file_name` varchar(255) NOT NULL,
  `encoding` varchar(32) NOT NULL,
  `upload_method` varchar(50) NOT NULL,
  `error_log` longtext NOT NULL,
  `import_date` date NOT NULL,
  `import_user` varchar(255) NOT NULL,
  PRIMARY KEY (`id`)
) ENGINE=InnoDB DEFAULT CHARSET=latin1 AUTO_INCREMENT=1 ;

-- --------------------------------------------------------

--
-- Estructura de tabla para la tabla `Invoices_currencies`
--

CREATE TABLE IF NOT EXISTS `Invoices_currencies` (
  `id` int(11) NOT NULL AUTO_INCREMENT,
  `name` varchar(20) NOT NULL,
  PRIMARY KEY (`id`)
) ENGINE=InnoDB  DEFAULT CHARSET=latin1 AUTO_INCREMENT=5 ;

--
-- Volcado de datos para la tabla `Invoices_currencies`
--

INSERT INTO `Invoices_currencies` (`id`, `name`) VALUES
(1, 'BTC'),
(2, 'EURO'),
(3, 'ECO'),
(4, 'SALDO');

-- --------------------------------------------------------

--
-- Estructura de tabla para la tabla `Invoices_email`
--

CREATE TABLE IF NOT EXISTS `Invoices_email` (
  `id` int(11) NOT NULL AUTO_INCREMENT,
  `efrom` varchar(75) NOT NULL,
  `eto` varchar(75) NOT NULL,
  `subject` varchar(200) NOT NULL,
  `body` longtext NOT NULL,
  `is_active` tinyint(1) NOT NULL,
  PRIMARY KEY (`id`)
) ENGINE=InnoDB  DEFAULT CHARSET=latin1 AUTO_INCREMENT=2 ;

--
-- Volcado de datos para la tabla `Invoices_email`
--

INSERT INTO `Invoices_email` (`id`, `efrom`, `eto`, `subject`, `body`, `is_active`) VALUES
(1, 'gestioci@cooperativa.cat', 'camp reservat pel sistema', 'Aviso de cierre automático', 'Como no has cerrado se cerrará automáticamente', 1);

-- --------------------------------------------------------

--
-- Estructura de tabla para la tabla `Invoices_emailnotification`
--

CREATE TABLE IF NOT EXISTS `Invoices_emailnotification` (
  `email_ptr_id` int(11) NOT NULL,
  `period_id` int(11) NOT NULL,
  `sent_to_user_id` int(11) DEFAULT NULL,
  `ento` int(11) NOT NULL,
  `notification_type` int(11) NOT NULL,
  `pointed_date` date NOT NULL,
  `offset_days` int(11) NOT NULL,
  PRIMARY KEY (`email_ptr_id`),
  KEY `Invoices_emailnotification_ba07d19d` (`period_id`),
  KEY `Invoices_emailnotification_30669b4d` (`sent_to_user_id`)
) ENGINE=InnoDB DEFAULT CHARSET=latin1;

--
-- Volcado de datos para la tabla `Invoices_emailnotification`
--

INSERT INTO `Invoices_emailnotification` (`email_ptr_id`, `period_id`, `sent_to_user_id`, `ento`, `notification_type`, `pointed_date`, `offset_days`) VALUES
(1, 3, NULL, 2, 1, '2014-08-05', 5);

-- --------------------------------------------------------

--
-- Estructura de tabla para la tabla `Invoices_period`
--

CREATE TABLE IF NOT EXISTS `Invoices_period` (
  `id` int(11) NOT NULL AUTO_INCREMENT,
  `label` varchar(200) NOT NULL,
  `first_day` date NOT NULL,
  `date_open` date NOT NULL,
  `date_close` date NOT NULL,
  `exported` tinyint(1) NOT NULL,
  PRIMARY KEY (`id`)
) ENGINE=InnoDB  DEFAULT CHARSET=latin1 AUTO_INCREMENT=4 ;

--
-- Volcado de datos para la tabla `Invoices_period`
--

INSERT INTO `Invoices_period` (`id`, `label`, `first_day`, `date_open`, `date_close`, `exported`) VALUES
(1, 'T1', '2014-01-01', '2014-04-01', '2014-04-10', 0),
(2, 'T2', '2014-04-01', '2014-07-01', '2014-07-10', 0),
(3, 'T3', '2014-07-01', '2014-10-01', '2014-10-10', 0);

-- --------------------------------------------------------

--
-- Estructura de tabla para la tabla `Invoices_period_close`
--

CREATE TABLE IF NOT EXISTS `Invoices_period_close` (
  `id` int(11) NOT NULL AUTO_INCREMENT,
  `period_id` int(11) DEFAULT NULL,
  `cooper_id` int(11) DEFAULT NULL,
  `closed` tinyint(1) NOT NULL,
  `system_closed` tinyint(1) NOT NULL,
  `sales_base` decimal(10,2) NOT NULL,
  `sales_invoiced_vat` decimal(10,2) NOT NULL,
  `sales_assigned_vat` decimal(10,2) NOT NULL,
  `sales_total` decimal(10,2) NOT NULL,
  `purchases_base` decimal(10,2) NOT NULL,
  `purchases_vat` decimal(10,2) NOT NULL,
  `purchases_irpf` decimal(10,2) NOT NULL,
  `purchases_total` decimal(10,2) NOT NULL,
  `vat_type` int(11) NOT NULL,
  `savings_with_assigned_vat_donation` decimal(10,2) NOT NULL,
  `period_tax` decimal(10,2) NOT NULL,
  `advanced_tax` decimal(10,2) NOT NULL,
  `donation` decimal(7,2) NOT NULL,
  PRIMARY KEY (`id`),
  UNIQUE KEY `cooper_id` (`cooper_id`,`period_id`),
  KEY `Invoices_period_close_ba07d19d` (`period_id`),
  KEY `Invoices_period_close_0e79bd52` (`cooper_id`)
) ENGINE=InnoDB DEFAULT CHARSET=latin1 AUTO_INCREMENT=1 ;

-- --------------------------------------------------------

--
-- Estructura de tabla para la tabla `Invoices_period_payment`
--

CREATE TABLE IF NOT EXISTS `Invoices_period_payment` (
  `id` int(11) NOT NULL AUTO_INCREMENT,
  `period_close_id` int(11) NOT NULL,
  `value` decimal(10,2) NOT NULL,
  `currency_id` int(11) NOT NULL,
  PRIMARY KEY (`id`),
  KEY `Invoices_period_payment_a07f73c3` (`period_close_id`),
  KEY `Invoices_period_payment_b2321453` (`currency_id`)
) ENGINE=InnoDB DEFAULT CHARSET=latin1 AUTO_INCREMENT=1 ;

-- --------------------------------------------------------

--
-- Estructura de tabla para la tabla `Invoices_provider`
--

CREATE TABLE IF NOT EXISTS `Invoices_provider` (
  `company_ptr_id` int(11) NOT NULL,
  `iban` varchar(20) DEFAULT NULL,
  PRIMARY KEY (`company_ptr_id`)
) ENGINE=InnoDB DEFAULT CHARSET=latin1;

-- --------------------------------------------------------

--
-- Estructura de tabla para la tabla `Invoices_purchases_invoice`
--

CREATE TABLE IF NOT EXISTS `Invoices_purchases_invoice` (
  `id` int(11) NOT NULL AUTO_INCREMENT,
  `period_id` int(11) NOT NULL,
  `cooper_id` int(11) NOT NULL,
  `date` date NOT NULL,
  `expiring_date` date DEFAULT NULL,
  `who_manage` int(11) NOT NULL,
  `transfer_date` date DEFAULT NULL,
  `num` int(11) NOT NULL,
  `provider_id` int(11) NOT NULL,
  PRIMARY KEY (`id`),
  KEY `Invoices_purchases_invoice_ba07d19d` (`period_id`),
  KEY `Invoices_purchases_invoice_0e79bd52` (`cooper_id`),
  KEY `Invoices_purchases_invoice_3f126c2d` (`provider_id`)
) ENGINE=InnoDB DEFAULT CHARSET=latin1 AUTO_INCREMENT=1 ;

-- --------------------------------------------------------

--
-- Estructura de tabla para la tabla `Invoices_purchases_line`
--

CREATE TABLE IF NOT EXISTS `Invoices_purchases_line` (
  `id` int(11) NOT NULL AUTO_INCREMENT,
  `purchases_invoice_id` int(11) NOT NULL,
  `value` decimal(10,2) NOT NULL,
  `percent_vat_id` int(11) NOT NULL,
  `percent_irpf` int(11) NOT NULL,
  PRIMARY KEY (`id`),
  KEY `Invoices_purchases_line_ea3d3bfa` (`purchases_invoice_id`),
  KEY `Invoices_purchases_line_040d9802` (`percent_vat_id`)
) ENGINE=InnoDB DEFAULT CHARSET=latin1 AUTO_INCREMENT=1 ;

-- --------------------------------------------------------

--
-- Estructura de tabla para la tabla `Invoices_purchases_movement`
--

CREATE TABLE IF NOT EXISTS `Invoices_purchases_movement` (
  `id` int(11) NOT NULL AUTO_INCREMENT,
  `cooper_id` int(11) NOT NULL,
  `concept` varchar(200) NOT NULL,
  `execution_date` date DEFAULT NULL,
  `value` decimal(10,2) NOT NULL,
  `currency_id` int(11) NOT NULL,
  `petition_date` date NOT NULL,
  `acceptation_date` date DEFAULT NULL,
  PRIMARY KEY (`id`),
  KEY `Invoices_purchases_movement_0e79bd52` (`cooper_id`),
  KEY `Invoices_purchases_movement_b2321453` (`currency_id`)
) ENGINE=InnoDB DEFAULT CHARSET=latin1 AUTO_INCREMENT=1 ;

-- --------------------------------------------------------

--
-- Estructura de tabla para la tabla `Invoices_sales_invoice`
--

CREATE TABLE IF NOT EXISTS `Invoices_sales_invoice` (
  `id` int(11) NOT NULL AUTO_INCREMENT,
  `period_id` int(11) NOT NULL,
  `cooper_id` int(11) NOT NULL,
  `date` date NOT NULL,
  `expiring_date` date DEFAULT NULL,
  `who_manage` int(11) NOT NULL,
  `transfer_date` date DEFAULT NULL,
  `num` int(11) NOT NULL,
  `client_id` int(11) NOT NULL,
  PRIMARY KEY (`id`),
  UNIQUE KEY `cooper_id` (`cooper_id`,`period_id`,`num`),
  KEY `Invoices_sales_invoice_ba07d19d` (`period_id`),
  KEY `Invoices_sales_invoice_0e79bd52` (`cooper_id`),
  KEY `Invoices_sales_invoice_4fea5d6a` (`client_id`)
) ENGINE=InnoDB DEFAULT CHARSET=latin1 AUTO_INCREMENT=1 ;

-- --------------------------------------------------------

--
-- Estructura de tabla para la tabla `Invoices_sales_line`
--

CREATE TABLE IF NOT EXISTS `Invoices_sales_line` (
  `id` int(11) NOT NULL AUTO_INCREMENT,
  `sales_invoice_id` int(11) NOT NULL,
  `percent_invoiced_vat_id` int(11) NOT NULL,
  `value` decimal(10,2) NOT NULL,
  PRIMARY KEY (`id`),
  KEY `Invoices_sales_line_03e8ca27` (`sales_invoice_id`),
  KEY `Invoices_sales_line_882eda97` (`percent_invoiced_vat_id`)
) ENGINE=InnoDB DEFAULT CHARSET=latin1 AUTO_INCREMENT=1 ;

-- --------------------------------------------------------

--
-- Estructura de tabla para la tabla `Invoices_sales_movement`
--

CREATE TABLE IF NOT EXISTS `Invoices_sales_movement` (
  `id` int(11) NOT NULL AUTO_INCREMENT,
  `cooper_id` int(11) NOT NULL,
  `concept` varchar(200) NOT NULL,
  `execution_date` date DEFAULT NULL,
  `value` decimal(10,2) NOT NULL,
  `currency_id` int(11) NOT NULL,
  `planned_date` date NOT NULL,
  `who_manage` int(11) NOT NULL,
  PRIMARY KEY (`id`),
  KEY `Invoices_sales_movement_0e79bd52` (`cooper_id`),
  KEY `Invoices_sales_movement_b2321453` (`currency_id`)
) ENGINE=InnoDB DEFAULT CHARSET=latin1 AUTO_INCREMENT=1 ;

-- --------------------------------------------------------

--
-- Estructura de tabla para la tabla `Invoices_tax`
--

CREATE TABLE IF NOT EXISTS `Invoices_tax` (
  `id` int(11) NOT NULL AUTO_INCREMENT,
  `value` decimal(10,2) NOT NULL,
  `min_base` int(11) NOT NULL,
  `max_base` int(11) NOT NULL,
  PRIMARY KEY (`id`),
  UNIQUE KEY `value` (`value`)
) ENGINE=InnoDB  DEFAULT CHARSET=latin1 AUTO_INCREMENT=27 ;

--
-- Volcado de datos para la tabla `Invoices_tax`
--

INSERT INTO `Invoices_tax` (`id`, `value`, `min_base`, `max_base`) VALUES
(1, 950.00, 23001, 24000),
(2, 925.00, 22001, 23000),
(3, 900.00, 21001, 22000),
(4, 875.00, 20001, 21000),
(5, 850.00, 19001, 20000),
(6, 825.00, 18001, 19000),
(7, 800.00, 17001, 18000),
(8, 775.00, 16001, 17000),
(9, 750.00, 15001, 16000),
(10, 725.00, 14001, 15000),
(11, 700.00, 13001, 14000),
(12, 675.00, 12001, 13000),
(13, 650.00, 11001, 12000),
(14, 625.00, 10001, 11000),
(15, 600.00, 9001, 10000),
(16, 550.00, 8001, 9000),
(17, 500.00, 7001, 8000),
(18, 450.00, 6001, 7000),
(19, 400.00, 5001, 6000),
(20, 325.00, 4001, 5000),
(21, 250.00, 3001, 4000),
(22, 175.00, 2001, 3000),
(23, 125.00, 1001, 2000),
(24, 75.00, 501, 1000),
(25, 45.00, 1, 500),
(26, 30.00, 0, 0);

-- --------------------------------------------------------

--
-- Estructura de tabla para la tabla `Invoices_type`
--

CREATE TABLE IF NOT EXISTS `Invoices_type` (
  `id` int(11) NOT NULL AUTO_INCREMENT,
  `name` varchar(200) NOT NULL,
  `description` longtext NOT NULL,
  `parent_id` int(11) DEFAULT NULL,
  `lft` int(10) unsigned NOT NULL,
  `rght` int(10) unsigned NOT NULL,
  `tree_id` int(10) unsigned NOT NULL,
  `level` int(10) unsigned NOT NULL,
  `clas` varchar(200) NOT NULL,
  PRIMARY KEY (`id`),
  UNIQUE KEY `name` (`name`),
  KEY `Invoices_type_410d0aac` (`parent_id`),
  KEY `Invoices_type_329f6fb3` (`lft`),
  KEY `Invoices_type_e763210f` (`rght`),
  KEY `Invoices_type_ba470c4a` (`tree_id`),
  KEY `Invoices_type_20e079f4` (`level`)
) ENGINE=InnoDB DEFAULT CHARSET=latin1 AUTO_INCREMENT=1 ;

-- --------------------------------------------------------

--
-- Estructura de tabla para la tabla `Invoices_vats`
--

CREATE TABLE IF NOT EXISTS `Invoices_vats` (
  `id` int(11) NOT NULL AUTO_INCREMENT,
  `value` int(11) NOT NULL,
  PRIMARY KEY (`id`),
  UNIQUE KEY `value` (`value`)
) ENGINE=InnoDB  DEFAULT CHARSET=latin1 AUTO_INCREMENT=5 ;

--
-- Volcado de datos para la tabla `Invoices_vats`
--

INSERT INTO `Invoices_vats` (`id`, `value`) VALUES
(1, 0),
(2, 4),
(3, 10),
(4, 21);

-- --------------------------------------------------------

--
-- Estructura de tabla para la tabla `public_form_registrationprofile`
--

CREATE TABLE IF NOT EXISTS `public_form_registrationprofile` (
  `id` int(11) NOT NULL AUTO_INCREMENT,
  `user_id` int(11) NOT NULL,
  `activation_key` varchar(40) COLLATE utf8_unicode_ci NOT NULL,
  `person_id` int(11) NOT NULL,
  `project_id` int(11) DEFAULT NULL,
  `record_type_id` int(11) NOT NULL,
  PRIMARY KEY (`id`),
  UNIQUE KEY `user_id` (`user_id`),
  UNIQUE KEY `person_id` (`person_id`),
  KEY `public_form_registrationprofile_37952554` (`project_id`),
  KEY `public_form_registrationprofile_ac580b38` (`record_type_id`)
) ENGINE=InnoDB  DEFAULT CHARSET=utf8 COLLATE=utf8_unicode_ci AUTO_INCREMENT=51 ;

--
-- Volcado de datos para la tabla `public_form_registrationprofile`
--

INSERT INTO `public_form_registrationprofile` (`id`, `user_id`, `activation_key`, `person_id`, `project_id`, `record_type_id`) VALUES
(1, 4, 'ALREADY_ACTIVATED', 18, NULL, 7),
(2, 5, 'ALREADY_ACTIVATED', 19, NULL, 10),
(15, 18, 'ALREADY_ACTIVATED', 42, NULL, 7),
(16, 19, 'ALREADY_ACTIVATED', 55, NULL, 7),
(17, 20, 'ALREADY_ACTIVATED', 61, NULL, 7),
(18, 21, 'ALREADY_ACTIVATED', 62, NULL, 7),
(19, 22, '35104c4f12eeb29ca73970d649139bf818e80077', 63, 64, 8),
(20, 23, 'e963e1d59d16b8ad0b50df58544acbfa7f4b62ac', 65, NULL, 10),
(21, 24, 'ALREADY_ACTIVATED', 66, 67, 8),
(22, 29, 'ALREADY_ACTIVATED', 72, NULL, 10),
(23, 30, 'ALREADY_ACTIVATED', 73, NULL, 10),
(24, 31, 'ALREADY_ACTIVATED', 74, NULL, 10),
(25, 32, 'ALREADY_ACTIVATED', 75, NULL, 10),
(26, 33, 'ALREADY_ACTIVATED', 76, NULL, 10),
(27, 34, 'ALREADY_ACTIVATED', 77, NULL, 10),
(28, 35, 'ALREADY_ACTIVATED', 78, NULL, 10),
(29, 36, 'ALREADY_ACTIVATED', 79, NULL, 7),
(30, 37, 'ALREADY_ACTIVATED', 80, NULL, 10),
(31, 38, 'ALREADY_ACTIVATED', 81, NULL, 7),
(32, 40, 'ALREADY_ACTIVATED', 82, NULL, 7),
(34, 42, 'ALREADY_ACTIVATED', 84, 85, 8),
(35, 43, 'ALREADY_ACTIVATED', 86, 87, 8),
(36, 44, 'ALREADY_ACTIVATED', 88, 85, 8),
(37, 45, 'ALREADY_ACTIVATED', 90, NULL, 7),
(38, 46, 'ALREADY_ACTIVATED', 91, NULL, 7),
(39, 47, 'ALREADY_ACTIVATED', 92, NULL, 10),
(40, 48, 'ALREADY_ACTIVATED', 93, NULL, 10),
(41, 49, 'ALREADY_ACTIVATED', 94, NULL, 7),
(43, 51, 'ALREADY_ACTIVATED', 97, NULL, 10),
(44, 52, 'ALREADY_ACTIVATED', 98, NULL, 10),
(45, 53, 'ALREADY_ACTIVATED', 99, NULL, 7),
(46, 54, 'ALREADY_ACTIVATED', 100, NULL, 10),
(48, 57, 'ALREADY_ACTIVATED', 120, NULL, 10),
(49, 58, 'ALREADY_ACTIVATED', 121, NULL, 7),
(50, 60, 'ALREADY_ACTIVATED', 253, NULL, 10);

-- --------------------------------------------------------

--
-- Estructura de tabla para la tabla `south_migrationhistory`
--

CREATE TABLE IF NOT EXISTS `south_migrationhistory` (
  `id` int(11) NOT NULL AUTO_INCREMENT,
  `app_name` varchar(255) NOT NULL,
  `migration` varchar(255) NOT NULL,
  `applied` datetime NOT NULL,
  PRIMARY KEY (`id`)
) ENGINE=InnoDB DEFAULT CHARSET=latin1 AUTO_INCREMENT=1 ;

-- --------------------------------------------------------

--
-- Estructura de tabla para la tabla `Welcome_fee`
--

CREATE TABLE IF NOT EXISTS `Welcome_fee` (
  `ic_record_id` int(11) NOT NULL,
  `human_id` int(11) NOT NULL,
  `project_id` int(11) NOT NULL,
  `amount` decimal(6,2) NOT NULL,
  `unit_id` int(11) NOT NULL,
  `issue_date` date DEFAULT NULL,
  `deadline_date` date DEFAULT NULL,
  `payment_date` date DEFAULT NULL,
  `payment_type_id` int(11) DEFAULT NULL,
  `rel_account_id` int(11) DEFAULT NULL,
  PRIMARY KEY (`ic_record_id`),
  KEY `Welcome_fee_6922ec88` (`human_id`),
  KEY `Welcome_fee_37952554` (`project_id`),
  KEY `Welcome_fee_b9dcc52b` (`unit_id`),
  KEY `Welcome_fee_8342f46c` (`payment_type_id`),
  KEY `Welcome_fee_5b622010` (`rel_account_id`)
) ENGINE=InnoDB DEFAULT CHARSET=utf8 COLLATE=utf8_unicode_ci;

--
-- Volcado de datos para la tabla `Welcome_fee`
--

INSERT INTO `Welcome_fee` (`ic_record_id`, `human_id`, `project_id`, `amount`, `unit_id`, `issue_date`, `deadline_date`, `payment_date`, `payment_type_id`, `rel_account_id`) VALUES
(1, 17, 3, 60.00, 2, '2014-08-20', '2014-08-20', NULL, 20, NULL),
(3, 4, 3, 30.00, 1, '2014-08-20', '2014-08-20', '2014-08-28', 21, NULL),
(8, 4, 3, 30.00, 1, '2014-08-20', '2014-08-20', '2014-08-23', 20, NULL),
(13, 4, 3, 30.00, 1, '2014-08-20', '2014-08-20', '2014-08-22', 20, NULL),
(14, 4, 3, 45.00, 2, '2014-08-20', '2014-08-20', NULL, 20, NULL),
(18, 42, 3, 30.00, 6, '2014-08-22', '2014-08-27', NULL, NULL, NULL),
(24, 17, 3, 30.00, 6, '2014-08-25', NULL, NULL, NULL, NULL),
(30, 55, 3, 30.00, 2, '2014-08-25', '2014-08-30', NULL, 22, 56),
(33, 55, 3, 45.00, 2, '2014-08-28', NULL, NULL, 24, 43),
(47, 59, 3, 45.00, 2, NULL, NULL, NULL, 20, 45),
(81, 18, 3, 30.00, 2, '2014-08-29', NULL, NULL, NULL, NULL),
(83, 60, 3, 60.00, 5, '2014-08-29', '2014-08-29', NULL, 21, NULL),
(84, 61, 3, 30.00, 2, '2014-08-29', '2014-09-03', NULL, NULL, NULL),
(86, 62, 3, 30.00, 2, '2014-09-03', '2014-09-08', NULL, NULL, NULL),
(88, 67, 3, 60.00, 2, '2014-09-03', '2014-09-08', NULL, NULL, NULL),
(104, 79, 3, 30.00, 2, '2014-09-04', '2014-09-09', NULL, 22, NULL),
(107, 81, 3, 30.00, 2, '2014-09-04', '2014-09-09', '2014-09-05', 23, NULL),
(109, 77, 3, 30.00, 2, '2014-09-05', NULL, NULL, NULL, NULL),
(115, 82, 3, 30.00, 2, '2014-09-05', '2014-09-10', NULL, NULL, NULL),
(119, 85, 3, 60.00, 2, '2014-09-05', '2014-09-10', NULL, NULL, NULL),
(120, 87, 3, 60.00, 2, '2014-09-05', '2014-09-10', NULL, 24, NULL),
(122, 89, 3, 60.00, 2, '2014-09-05', '2014-09-10', '2014-09-05', 23, NULL),
(127, 90, 3, 30.00, 2, '2014-09-05', '2014-09-10', '2014-09-05', 23, NULL),
(130, 91, 3, 30.00, 2, '2014-09-06', '2014-09-11', '2014-09-06', 23, NULL),
(135, 94, 3, 30.00, 2, '2014-09-06', '2014-09-11', '2014-09-06', 23, NULL),
(142, 99, 3, 30.00, 2, '2014-09-06', '2014-09-11', '2014-09-06', 23, NULL),
(144, 99, 3, 12.00, 1, '2014-09-06', NULL, '2014-09-06', 20, NULL),
(220, 121, 3, 30.00, 2, '2014-09-08', '2014-09-13', '2014-09-08', 23, NULL),
(316, 163, 163, 0.00, 2, '2014-09-13', '2014-09-18', NULL, NULL, NULL),
(317, 163, 163, 0.00, 2, '2014-09-13', '2014-09-18', NULL, NULL, NULL),
(321, 162, 162, 0.00, 2, '2014-09-13', '2014-09-18', NULL, NULL, NULL),
(324, 164, 164, 0.00, 2, '2014-09-13', '2014-09-18', NULL, NULL, NULL),
(325, 164, 164, 0.00, 2, '2014-09-13', '2014-09-18', NULL, NULL, NULL),
(326, 164, 164, 0.00, 2, '2014-09-13', '2014-09-18', NULL, NULL, NULL),
(329, 164, 164, 0.00, 2, '2014-09-13', '2014-09-18', NULL, NULL, NULL),
(332, 164, 164, 0.00, 2, '2014-09-13', '2014-09-18', NULL, NULL, NULL),
(335, 164, 164, 0.00, 2, '2014-09-13', '2014-09-18', NULL, NULL, NULL),
(338, 165, 165, 0.00, 2, '2014-09-13', '2014-09-18', NULL, NULL, NULL),
(341, 165, 165, 0.00, 2, '2014-09-13', '2014-09-18', NULL, NULL, NULL),
(344, 166, 166, 0.00, 2, '2014-09-13', '2014-09-18', NULL, NULL, NULL),
(347, 167, 167, 0.00, 2, '2014-09-13', '2014-09-18', NULL, NULL, NULL),
(356, 169, 169, 0.00, 2, '2014-09-13', '2014-09-18', NULL, NULL, NULL),
(359, 168, 168, 0.00, 2, '2014-09-14', '2014-09-19', NULL, NULL, NULL),
(365, 171, 170, 0.00, 2, '2014-09-14', '2014-09-19', NULL, NULL, NULL),
(372, 173, 173, 60.00, 2, '2014-09-14', '2014-09-19', NULL, NULL, NULL),
(375, 174, 174, 60.00, 2, '2014-09-14', '2014-09-19', NULL, NULL, NULL),
(377, 175, 175, 60.00, 2, '2014-09-14', '2014-09-19', NULL, NULL, NULL),
(386, 177, 176, 30.00, 2, '2014-09-14', '2014-09-19', NULL, NULL, NULL),
(389, 178, 178, 60.00, 2, '2014-09-14', '2014-09-19', NULL, NULL, NULL),
(393, 179, 179, 60.00, 2, '2014-09-14', '2014-09-19', NULL, NULL, NULL),
(396, 181, 180, 30.00, 2, '2014-09-14', '2014-09-19', NULL, NULL, NULL),
(402, 181, 181, 30.00, 2, '2014-09-14', '2014-09-19', NULL, NULL, NULL),
(414, 184, 183, 30.00, 2, '2014-09-14', '2014-09-19', NULL, NULL, NULL),
(417, 184, 184, 30.00, 2, '2014-09-14', '2014-09-19', NULL, NULL, NULL),
(420, 184, 184, 60.00, 2, '2014-09-14', '2014-09-19', NULL, NULL, NULL),
(423, 186, 185, 60.00, 2, '2014-09-14', '2014-09-19', NULL, NULL, NULL),
(426, 186, 186, 30.00, 2, '2014-09-14', '2014-09-19', NULL, NULL, NULL),
(429, 80, 80, 30.00, 2, '2014-09-14', '2014-09-19', NULL, NULL, NULL),
(432, 189, 187, 30.00, 2, '2014-09-14', '2014-09-19', NULL, NULL, NULL),
(435, 99, 99, 30.00, 2, '2014-09-14', '2014-09-19', NULL, NULL, NULL),
(438, 99, 99, 30.00, 2, '2014-09-14', '2014-09-19', NULL, NULL, NULL),
(441, 99, 99, 30.00, 2, '2014-09-14', '2014-09-19', NULL, NULL, NULL),
(444, 99, 99, 30.00, 2, '2014-09-14', '2014-09-19', NULL, NULL, NULL),
(447, 99, 99, 30.00, 2, '2014-09-14', '2014-09-19', NULL, NULL, NULL),
(450, 191, 190, 60.00, 2, '2014-09-14', '2014-09-19', NULL, NULL, NULL),
(453, 191, 191, 30.00, 2, '2014-09-14', '2014-09-19', NULL, NULL, NULL),
(456, 193, 192, 60.00, 2, '2014-09-14', '2014-09-19', NULL, NULL, NULL),
(459, 196, 194, 60.00, 2, '2014-09-14', '2014-09-19', NULL, NULL, NULL),
(462, 196, 196, 60.00, 2, '2014-09-14', '2014-09-19', NULL, NULL, NULL),
(465, 195, 195, 60.00, 2, '2014-09-14', '2014-09-19', NULL, NULL, NULL),
(468, 193, 193, 30.00, 2, '2014-09-14', '2014-09-19', NULL, NULL, NULL),
(471, 193, 193, 30.00, 2, '2014-09-14', '2014-09-19', NULL, NULL, NULL),
(474, 193, 193, 30.00, 2, '2014-09-14', '2014-09-19', NULL, NULL, NULL),
(477, 193, 193, 30.00, 2, '2014-09-14', '2014-09-19', NULL, NULL, NULL),
(480, 193, 193, 30.00, 2, '2014-09-14', '2014-09-19', NULL, NULL, NULL),
(483, 193, 193, 30.00, 2, '2014-09-14', '2014-09-19', NULL, NULL, NULL),
(486, 193, 193, 30.00, 2, '2014-09-14', '2014-09-19', NULL, NULL, NULL),
(489, 193, 193, 30.00, 2, '2014-09-14', '2014-09-19', NULL, NULL, NULL),
(492, 193, 193, 30.00, 2, '2014-09-14', '2014-09-19', NULL, NULL, NULL),
(495, 198, 197, 60.00, 2, '2014-09-14', '2014-09-19', NULL, NULL, NULL),
(498, 200, 199, 60.00, 2, '2014-09-14', '2014-09-19', NULL, NULL, NULL),
(501, 200, 200, 30.00, 2, '2014-09-14', '2014-09-19', NULL, NULL, NULL),
(504, 202, 201, 60.00, 2, '2014-09-14', '2014-09-19', NULL, NULL, NULL),
(507, 202, 202, 30.00, 2, '2014-09-14', '2014-09-19', NULL, NULL, NULL),
(510, 204, 203, 30.00, 2, '2014-09-14', '2014-09-19', NULL, NULL, NULL),
(513, 204, 204, 30.00, 2, '2014-09-14', '2014-09-19', NULL, NULL, NULL),
(516, 198, 198, 60.00, 2, '2014-09-14', '2014-09-19', NULL, NULL, NULL),
(519, 206, 205, 30.00, 2, '2014-09-14', '2014-09-19', NULL, NULL, NULL),
(522, 206, 206, 60.00, 2, '2014-09-14', '2014-09-19', NULL, NULL, NULL),
(525, 208, 207, 60.00, 2, '2014-09-14', '2014-09-19', NULL, NULL, NULL),
(528, 210, 209, 60.00, 2, '2014-09-14', '2014-09-19', NULL, NULL, NULL),
(531, 210, 210, 30.00, 2, '2014-09-14', '2014-09-19', NULL, NULL, NULL),
(534, 212, 211, 60.00, 2, '2014-09-14', '2014-09-19', NULL, NULL, NULL),
(537, 212, 212, 30.00, 2, '2014-09-14', '2014-09-19', NULL, NULL, NULL),
(540, 214, 213, 60.00, 2, '2014-09-14', '2014-09-19', NULL, NULL, NULL),
(555, 222, 221, 60.00, 2, '2014-09-14', '2014-09-19', NULL, NULL, NULL),
(558, 223, 223, 30.00, 2, '2014-09-14', '2014-09-19', NULL, NULL, NULL),
(561, 222, 222, 30.00, 2, '2014-09-14', '2014-09-19', NULL, NULL, NULL),
(588, 225, 224, 60.00, 2, '2014-09-14', '2014-09-19', NULL, NULL, NULL),
(591, 225, 225, 30.00, 2, '2014-09-14', '2014-09-19', NULL, NULL, NULL),
(594, 227, 226, 60.00, 2, '2014-09-14', '2014-09-19', NULL, NULL, NULL),
(597, 227, 227, 30.00, 2, '2014-09-14', '2014-09-19', NULL, NULL, NULL),
(600, 229, 228, 30.00, 2, '2014-09-14', '2014-09-19', NULL, NULL, NULL),
(603, 229, 229, 30.00, 2, '2014-09-14', '2014-09-19', NULL, 25, NULL),
(609, 231, 230, 60.00, 2, '2014-09-15', '2014-09-20', NULL, NULL, NULL),
(611, 233, 232, 60.00, 2, '2014-09-15', '2014-09-20', NULL, NULL, NULL),
(613, 235, 234, 60.00, 2, '2014-09-15', '2014-09-20', NULL, NULL, NULL),
(615, 237, 236, 60.00, 2, '2014-09-15', '2014-09-20', NULL, NULL, NULL),
(617, 239, 238, 60.00, 2, '2014-09-15', '2014-09-20', NULL, NULL, NULL),
(619, 241, 238, 60.00, 2, '2014-09-15', '2014-09-20', NULL, NULL, NULL),
(620, 242, 238, 60.00, 2, '2014-09-15', '2014-09-20', NULL, NULL, NULL),
(622, 243, 238, 60.00, 2, '2014-09-15', '2014-09-20', NULL, NULL, NULL),
(625, 244, 238, 60.00, 2, '2014-09-15', '2014-09-20', NULL, NULL, NULL),
(627, 245, 238, 60.00, 2, '2014-09-15', '2014-09-20', NULL, NULL, NULL),
(630, 247, 246, 60.00, 2, '2014-09-15', '2014-09-20', NULL, NULL, NULL),
(632, 248, 246, 60.00, 2, '2014-09-15', '2014-09-20', NULL, NULL, NULL),
(635, 250, 249, 60.00, 2, '2014-09-15', '2014-09-20', NULL, NULL, NULL),
(638, 252, 251, 60.00, 2, '2014-09-15', '2014-09-20', NULL, NULL, NULL),
(643, 253, 3, 30.00, 2, '2014-09-15', NULL, NULL, NULL, NULL);

-- --------------------------------------------------------

--
-- Estructura de tabla para la tabla `Welcome_ic_address_contract`
--

CREATE TABLE IF NOT EXISTS `Welcome_ic_address_contract` (
  `ic_document_id` int(11) NOT NULL,
  `company_id` int(11) DEFAULT NULL,
  `address_id` int(11) NOT NULL,
  `price` decimal(13,2) DEFAULT NULL,
  `price_unit_id` int(11) DEFAULT NULL,
  `start_date` date DEFAULT NULL,
  `end_date` date DEFAULT NULL,
  PRIMARY KEY (`ic_document_id`),
  KEY `Welcome_ic_address_contract_0316dde1` (`company_id`),
  KEY `Welcome_ic_address_contract_3ac8a70a` (`address_id`),
  KEY `Welcome_ic_address_contract_098d71f2` (`price_unit_id`)
) ENGINE=InnoDB DEFAULT CHARSET=utf8 COLLATE=utf8_unicode_ci;

--
-- Volcado de datos para la tabla `Welcome_ic_address_contract`
--

INSERT INTO `Welcome_ic_address_contract` (`ic_document_id`, `company_id`, `address_id`, `price`, `price_unit_id`, `start_date`, `end_date`) VALUES
(9, 15, 3, 650.00, 2, '2014-08-27', NULL),
(12, 15, 2, NULL, NULL, NULL, NULL),
(34, 15, 3, NULL, NULL, NULL, NULL);

-- --------------------------------------------------------

--
-- Estructura de tabla para la tabla `Welcome_ic_akin_membership`
--

CREATE TABLE IF NOT EXISTS `Welcome_ic_akin_membership` (
  `ic_record_id` int(11) NOT NULL,
  `person_id` int(11) NOT NULL,
  `ic_project_id` int(11) NOT NULL,
  `ic_company_id` int(11) DEFAULT NULL,
  `ic_membership_id` int(11) DEFAULT NULL,
  `join_date` date DEFAULT NULL,
  `end_date` date DEFAULT NULL,
  PRIMARY KEY (`ic_record_id`),
  UNIQUE KEY `person_id` (`person_id`),
  KEY `Welcome_ic_akin_membership_e45b149f` (`ic_project_id`),
  KEY `Welcome_ic_akin_membership_44454d15` (`ic_company_id`),
  KEY `Welcome_ic_akin_membership_37d462ff` (`ic_membership_id`)
) ENGINE=InnoDB DEFAULT CHARSET=utf8 COLLATE=utf8_unicode_ci;

--
-- Volcado de datos para la tabla `Welcome_ic_akin_membership`
--

INSERT INTO `Welcome_ic_akin_membership` (`ic_record_id`, `person_id`, `ic_project_id`, `ic_company_id`, `ic_membership_id`, `join_date`, `end_date`) VALUES
(29, 19, 3, NULL, NULL, NULL, NULL),
(90, 72, 3, NULL, NULL, NULL, NULL),
(91, 73, 3, NULL, NULL, NULL, NULL),
(92, 74, 3, NULL, NULL, NULL, NULL),
(93, 75, 3, NULL, NULL, NULL, NULL),
(94, 76, 3, NULL, NULL, NULL, NULL),
(95, 77, 3, NULL, 114, '2014-09-04', NULL),
(103, 78, 3, NULL, NULL, '2014-09-04', NULL),
(106, 80, 3, NULL, NULL, '2014-09-04', NULL),
(133, 93, 3, NULL, 134, '2014-09-06', NULL),
(139, 97, 3, NULL, 140, '2014-09-06', NULL),
(141, 98, 3, NULL, NULL, '2014-09-06', NULL),
(147, 100, 3, NULL, NULL, '2014-09-07', NULL),
(218, 120, 3, NULL, 219, '2014-09-08', NULL),
(641, 253, 3, NULL, 642, '2014-09-15', NULL);

-- --------------------------------------------------------

--
-- Estructura de tabla para la tabla `Welcome_ic_document`
--

CREATE TABLE IF NOT EXISTS `Welcome_ic_document` (
  `ic_record_id` int(11) NOT NULL,
  `doc_type_id` int(11) DEFAULT NULL,
  `doc_file` varchar(100) COLLATE utf8_unicode_ci DEFAULT NULL,
  PRIMARY KEY (`ic_record_id`),
  KEY `Welcome_ic_document_ca3e294e` (`doc_type_id`)
) ENGINE=InnoDB DEFAULT CHARSET=utf8 COLLATE=utf8_unicode_ci;

--
-- Volcado de datos para la tabla `Welcome_ic_document`
--

INSERT INTO `Welcome_ic_document` (`ic_record_id`, `doc_type_id`, `doc_file`) VALUES
(6, 27, ''),
(9, 27, ''),
(12, 28, ''),
(21, 14, ''),
(22, 15, ''),
(34, 27, ''),
(35, 15, ''),
(36, 14, ''),
(606, 15, ''),
(607, 14, '');

-- --------------------------------------------------------

--
-- Estructura de tabla para la tabla `Welcome_ic_document_type`
--

CREATE TABLE IF NOT EXISTS `Welcome_ic_document_type` (
  `record_type_id` int(11) NOT NULL,
  PRIMARY KEY (`record_type_id`)
) ENGINE=InnoDB DEFAULT CHARSET=utf8 COLLATE=utf8_unicode_ci;

--
-- Volcado de datos para la tabla `Welcome_ic_document_type`
--

INSERT INTO `Welcome_ic_document_type` (`record_type_id`) VALUES
(13),
(14),
(15),
(16),
(27),
(28);

-- --------------------------------------------------------

--
-- Estructura de tabla para la tabla `Welcome_ic_insurance`
--

CREATE TABLE IF NOT EXISTS `Welcome_ic_insurance` (
  `ic_document_id` int(11) NOT NULL,
  `company_id` int(11) NOT NULL,
  `number` varchar(30) COLLATE utf8_unicode_ci DEFAULT NULL,
  `price` decimal(13,2) DEFAULT NULL,
  `price_unit_id` int(11) DEFAULT NULL,
  `start_date` date DEFAULT NULL,
  `end_date` date DEFAULT NULL,
  `rel_address_id` int(11) DEFAULT NULL,
  `rel_job_id` int(11) DEFAULT NULL,
  PRIMARY KEY (`ic_document_id`),
  KEY `Welcome_ic_insurance_0316dde1` (`company_id`),
  KEY `Welcome_ic_insurance_098d71f2` (`price_unit_id`),
  KEY `Welcome_ic_insurance_57d16b26` (`rel_address_id`),
  KEY `Welcome_ic_insurance_bfdae731` (`rel_job_id`)
) ENGINE=InnoDB DEFAULT CHARSET=utf8 COLLATE=utf8_unicode_ci;

--
-- Volcado de datos para la tabla `Welcome_ic_insurance`
--

INSERT INTO `Welcome_ic_insurance` (`ic_document_id`, `company_id`, `number`, `price`, `price_unit_id`, `start_date`, `end_date`, `rel_address_id`, `rel_job_id`) VALUES
(22, 54, '', NULL, NULL, NULL, NULL, NULL, 4),
(35, 54, '', NULL, NULL, NULL, NULL, NULL, NULL),
(606, 15, '', NULL, NULL, NULL, NULL, NULL, NULL);

-- --------------------------------------------------------

--
-- Estructura de tabla para la tabla `Welcome_ic_labor_contract`
--

CREATE TABLE IF NOT EXISTS `Welcome_ic_labor_contract` (
  `ic_document_id` int(11) NOT NULL,
  `person_id` int(11) NOT NULL,
  `company_id` int(11) NOT NULL,
  `start_date` date DEFAULT NULL,
  `end_date` date DEFAULT NULL,
  PRIMARY KEY (`ic_document_id`),
  KEY `Welcome_ic_labor_contract_16f39487` (`person_id`),
  KEY `Welcome_ic_labor_contract_0316dde1` (`company_id`)
) ENGINE=InnoDB DEFAULT CHARSET=utf8 COLLATE=utf8_unicode_ci;

-- --------------------------------------------------------

--
-- Estructura de tabla para la tabla `Welcome_ic_labor_contract_rel_fees`
--

CREATE TABLE IF NOT EXISTS `Welcome_ic_labor_contract_rel_fees` (
  `id` int(11) NOT NULL AUTO_INCREMENT,
  `ic_labor_contract_id` int(11) NOT NULL,
  `fee_id` int(11) NOT NULL,
  PRIMARY KEY (`id`),
  UNIQUE KEY `ic_labor_contract_id` (`ic_labor_contract_id`,`fee_id`),
  KEY `Welcome_ic_labor_contract_rel_fees_2382b2f1` (`ic_labor_contract_id`),
  KEY `Welcome_ic_labor_contract_rel_fees_5329f76d` (`fee_id`)
) ENGINE=InnoDB DEFAULT CHARSET=utf8 COLLATE=utf8_unicode_ci AUTO_INCREMENT=1 ;

-- --------------------------------------------------------

--
-- Estructura de tabla para la tabla `Welcome_ic_licence`
--

CREATE TABLE IF NOT EXISTS `Welcome_ic_licence` (
  `ic_document_id` int(11) NOT NULL,
  `number` varchar(30) COLLATE utf8_unicode_ci DEFAULT NULL,
  `start_date` date DEFAULT NULL,
  `end_date` date DEFAULT NULL,
  `rel_address_id` int(11) DEFAULT NULL,
  `rel_job_id` int(11) DEFAULT NULL,
  PRIMARY KEY (`ic_document_id`),
  KEY `Welcome_ic_licence_57d16b26` (`rel_address_id`),
  KEY `Welcome_ic_licence_bfdae731` (`rel_job_id`)
) ENGINE=InnoDB DEFAULT CHARSET=utf8 COLLATE=utf8_unicode_ci;

--
-- Volcado de datos para la tabla `Welcome_ic_licence`
--

INSERT INTO `Welcome_ic_licence` (`ic_document_id`, `number`, `start_date`, `end_date`, `rel_address_id`, `rel_job_id`) VALUES
(21, '84657780yiuy8p68', '2014-08-27', NULL, NULL, 3),
(36, '', NULL, NULL, NULL, 6),
(607, '', NULL, NULL, NULL, NULL);

-- --------------------------------------------------------

--
-- Estructura de tabla para la tabla `Welcome_ic_membership`
--

CREATE TABLE IF NOT EXISTS `Welcome_ic_membership` (
  `ic_record_id` int(11) NOT NULL,
  `human_id` int(11) NOT NULL,
  `ic_project_id` int(11) NOT NULL,
  `ic_company_id` int(11) DEFAULT NULL,
  `contribution_id` int(11) DEFAULT NULL,
  `join_date` date DEFAULT NULL,
  `end_date` date DEFAULT NULL,
  `join_fee_id` int(11) DEFAULT NULL,
  `ic_CESnum` varchar(8) COLLATE utf8_unicode_ci DEFAULT NULL,
  `virtual_market` tinyint(1) NOT NULL,
  PRIMARY KEY (`ic_record_id`),
  KEY `Welcome_ic_membership_6922ec88` (`human_id`),
  KEY `Welcome_ic_membership_e45b149f` (`ic_project_id`),
  KEY `Welcome_ic_membership_44454d15` (`ic_company_id`),
  KEY `Welcome_ic_membership_2731fa00` (`contribution_id`),
  KEY `Welcome_ic_membership_3f4dd712` (`join_fee_id`)
) ENGINE=InnoDB DEFAULT CHARSET=utf8 COLLATE=utf8_unicode_ci;

--
-- Volcado de datos para la tabla `Welcome_ic_membership`
--

INSERT INTO `Welcome_ic_membership` (`ic_record_id`, `human_id`, `ic_project_id`, `ic_company_id`, `contribution_id`, `join_date`, `end_date`, `join_fee_id`, `ic_CESnum`, `virtual_market`) VALUES
(4, 4, 3, NULL, 12, '2014-08-20', NULL, 3, 'COOP0111', 0),
(19, 42, 3, NULL, 14, NULL, NULL, 18, '', 0),
(31, 55, 3, NULL, 13, '2014-08-25', NULL, 30, 'COOP0874', 0),
(40, 58, 3, NULL, NULL, NULL, NULL, NULL, '', 0),
(41, 59, 3, NULL, NULL, NULL, NULL, NULL, '', 0),
(63, 18, 3, NULL, NULL, NULL, NULL, 81, '', 0),
(82, 60, 3, NULL, NULL, NULL, NULL, 83, '', 0),
(85, 61, 3, NULL, NULL, NULL, NULL, 84, NULL, 0),
(87, 62, 3, NULL, NULL, NULL, NULL, 86, NULL, 0),
(89, 67, 3, NULL, NULL, NULL, NULL, 88, NULL, 0),
(95, 77, 3, NULL, NULL, NULL, NULL, NULL, NULL, 0),
(105, 79, 3, NULL, NULL, NULL, NULL, 104, NULL, 0),
(108, 81, 3, NULL, NULL, '2014-09-04', NULL, 107, 'dsfdfdsf', 0),
(110, 77, 3, NULL, NULL, NULL, NULL, NULL, NULL, 0),
(111, 77, 3, NULL, NULL, NULL, NULL, NULL, NULL, 0),
(112, 77, 17, NULL, NULL, NULL, NULL, NULL, NULL, 0),
(113, 77, 3, NULL, NULL, NULL, NULL, NULL, NULL, 0),
(114, 77, 17, NULL, NULL, NULL, NULL, NULL, NULL, 0),
(116, 82, 3, NULL, NULL, '2014-09-05', NULL, 115, NULL, 0),
(121, 87, 3, NULL, NULL, '2014-09-05', NULL, 120, NULL, 0),
(123, 89, 3, NULL, 12, '2014-09-05', NULL, 122, '09890 lH', 0),
(128, 90, 3, NULL, NULL, '2014-09-05', NULL, 127, '3456', 0),
(131, 91, 3, NULL, 12, '2014-09-06', NULL, 130, 'COOP4567', 0),
(134, 93, 85, NULL, NULL, NULL, NULL, NULL, NULL, 0),
(136, 94, 3, NULL, 12, '2014-09-06', NULL, 135, '686786', 0),
(140, 97, 17, NULL, NULL, NULL, NULL, NULL, NULL, 0),
(149, 117, 117, NULL, NULL, '2014-09-07', NULL, NULL, NULL, 0),
(150, 117, 117, NULL, NULL, '2014-09-07', NULL, NULL, NULL, 0),
(151, 117, 117, NULL, NULL, '2014-09-07', NULL, NULL, NULL, 0),
(152, 117, 117, NULL, NULL, '2014-09-07', NULL, NULL, NULL, 0),
(153, 117, 117, NULL, NULL, '2014-09-07', NULL, NULL, NULL, 0),
(154, 117, 117, NULL, NULL, '2014-09-07', NULL, NULL, NULL, 0),
(155, 117, 117, NULL, NULL, '2014-09-07', NULL, NULL, NULL, 0),
(156, 117, 117, NULL, NULL, '2014-09-07', NULL, NULL, NULL, 0),
(157, 117, 117, NULL, NULL, '2014-09-07', NULL, NULL, NULL, 0),
(158, 117, 117, NULL, NULL, '2014-09-07', NULL, NULL, NULL, 0),
(159, 117, 117, NULL, NULL, '2014-09-07', NULL, NULL, NULL, 0),
(160, 117, 117, NULL, NULL, '2014-09-07', NULL, NULL, NULL, 0),
(161, 117, 117, NULL, NULL, '2014-09-07', NULL, NULL, NULL, 0),
(162, 117, 117, NULL, NULL, '2014-09-07', NULL, NULL, NULL, 0),
(163, 117, 117, NULL, NULL, '2014-09-07', NULL, NULL, NULL, 0),
(164, 117, 117, NULL, NULL, '2014-09-07', NULL, NULL, NULL, 0),
(165, 117, 117, NULL, NULL, '2014-09-07', NULL, NULL, NULL, 0),
(166, 117, 117, NULL, NULL, '2014-09-07', NULL, NULL, NULL, 0),
(167, 117, 117, NULL, NULL, '2014-09-07', NULL, NULL, NULL, 0),
(168, 117, 117, NULL, NULL, '2014-09-07', NULL, NULL, NULL, 0),
(169, 117, 117, NULL, NULL, '2014-09-07', NULL, NULL, NULL, 0),
(170, 117, 117, NULL, NULL, '2014-09-07', NULL, NULL, NULL, 0),
(171, 117, 117, NULL, NULL, '2014-09-07', NULL, NULL, NULL, 0),
(172, 117, 117, NULL, NULL, '2014-09-07', NULL, NULL, NULL, 0),
(173, 117, 117, NULL, NULL, '2014-09-07', NULL, NULL, NULL, 0),
(174, 117, 117, NULL, NULL, '2014-09-07', NULL, NULL, NULL, 0),
(175, 117, 117, NULL, NULL, '2014-09-07', NULL, NULL, NULL, 0),
(176, 117, 117, NULL, NULL, '2014-09-07', NULL, NULL, NULL, 0),
(177, 117, 117, NULL, NULL, '2014-09-07', NULL, NULL, NULL, 0),
(178, 117, 117, NULL, NULL, '2014-09-07', NULL, NULL, NULL, 0),
(179, 117, 117, NULL, NULL, '2014-09-07', NULL, NULL, NULL, 0),
(180, 117, 117, NULL, NULL, '2014-09-07', NULL, NULL, NULL, 0),
(181, 117, 117, NULL, NULL, '2014-09-07', NULL, NULL, NULL, 0),
(182, 117, 117, NULL, NULL, '2014-09-07', NULL, NULL, NULL, 0),
(185, 117, 117, NULL, NULL, '2014-09-08', NULL, NULL, NULL, 0),
(186, 117, 117, NULL, NULL, '2014-09-08', NULL, NULL, NULL, 0),
(187, 116, 116, NULL, NULL, '2014-09-08', NULL, NULL, NULL, 0),
(188, 115, 115, NULL, NULL, '2014-09-08', NULL, NULL, NULL, 0),
(189, 115, 115, NULL, NULL, '2014-09-08', NULL, NULL, NULL, 0),
(190, 115, 115, NULL, NULL, '2014-09-08', NULL, NULL, NULL, 0),
(191, 115, 115, NULL, NULL, '2014-09-08', NULL, NULL, NULL, 0),
(192, 117, 117, NULL, NULL, '2014-09-08', NULL, NULL, NULL, 0),
(193, 117, 117, NULL, NULL, '2014-09-08', NULL, NULL, NULL, 0),
(194, 117, 117, NULL, NULL, '2014-09-08', NULL, NULL, NULL, 0),
(195, 117, 117, NULL, NULL, '2014-09-08', NULL, NULL, NULL, 0),
(196, 117, 117, NULL, NULL, '2014-09-08', NULL, NULL, NULL, 0),
(197, 117, 117, NULL, NULL, '2014-09-08', NULL, NULL, NULL, 0),
(198, 117, 117, NULL, NULL, '2014-09-08', NULL, NULL, NULL, 0),
(199, 117, 117, NULL, NULL, '2014-09-08', NULL, NULL, NULL, 0),
(200, 117, 117, NULL, NULL, '2014-09-08', NULL, NULL, NULL, 0),
(201, 117, 117, NULL, NULL, '2014-09-08', NULL, NULL, NULL, 0),
(202, 117, 117, NULL, NULL, '2014-09-08', NULL, NULL, NULL, 0),
(203, 117, 117, NULL, NULL, '2014-09-08', NULL, NULL, NULL, 0),
(204, 117, 117, NULL, NULL, '2014-09-08', NULL, NULL, NULL, 0),
(205, 117, 117, NULL, NULL, '2014-09-08', NULL, NULL, NULL, 0),
(206, 117, 117, NULL, NULL, '2014-09-08', NULL, NULL, NULL, 0),
(207, 117, 117, NULL, NULL, '2014-09-08', NULL, NULL, NULL, 0),
(208, 117, 117, NULL, NULL, '2014-09-08', NULL, NULL, NULL, 0),
(209, 117, 117, NULL, NULL, '2014-09-08', NULL, NULL, NULL, 0),
(210, 117, 117, NULL, NULL, '2014-09-08', NULL, NULL, NULL, 0),
(211, 117, 117, NULL, NULL, '2014-09-08', NULL, NULL, NULL, 0),
(212, 117, 117, NULL, NULL, '2014-09-08', NULL, NULL, NULL, 0),
(213, 117, 117, NULL, NULL, '2014-09-08', NULL, NULL, NULL, 0),
(214, 115, 115, NULL, NULL, '2014-09-08', NULL, NULL, NULL, 0),
(215, 115, 115, NULL, NULL, '2014-09-08', NULL, NULL, NULL, 0),
(216, 119, 119, NULL, NULL, '2014-09-08', NULL, NULL, NULL, 0),
(217, 119, 119, NULL, NULL, '2014-09-08', NULL, NULL, NULL, 0),
(219, 120, 119, NULL, NULL, NULL, NULL, NULL, NULL, 0),
(226, 125, 125, NULL, NULL, '2014-09-08', NULL, NULL, NULL, 0),
(227, 125, 125, NULL, NULL, '2014-09-08', NULL, NULL, NULL, 0),
(228, 125, 125, NULL, NULL, '2014-09-08', NULL, NULL, NULL, 0),
(229, 125, 125, NULL, NULL, '2014-09-08', NULL, NULL, NULL, 0),
(230, 125, 125, NULL, NULL, '2014-09-08', NULL, NULL, NULL, 0),
(231, 125, 125, NULL, NULL, '2014-09-08', NULL, NULL, NULL, 0),
(232, 125, 125, NULL, NULL, '2014-09-08', NULL, NULL, NULL, 0),
(233, 125, 125, NULL, NULL, '2014-09-08', NULL, NULL, '', 0),
(234, 125, 125, NULL, NULL, '2014-09-08', NULL, NULL, NULL, 0),
(235, 125, 125, NULL, NULL, '2014-09-08', NULL, NULL, NULL, 0),
(236, 120, 125, NULL, NULL, '2014-09-08', NULL, 8, '', 0),
(237, 125, 125, NULL, NULL, '2014-09-09', NULL, NULL, NULL, 0),
(249, 161, 161, NULL, NULL, '2014-09-13', NULL, NULL, NULL, 0),
(250, 161, 161, NULL, NULL, '2014-09-13', NULL, NULL, NULL, 0),
(251, 161, 161, NULL, NULL, '2014-09-13', NULL, NULL, NULL, 0),
(252, 161, 161, NULL, NULL, '2014-09-13', NULL, NULL, NULL, 0),
(253, 161, 161, NULL, NULL, '2014-09-13', NULL, NULL, NULL, 0),
(254, 161, 161, NULL, NULL, '2014-09-13', NULL, NULL, NULL, 0),
(255, 161, 161, NULL, NULL, '2014-09-13', NULL, NULL, NULL, 0),
(256, 161, 161, NULL, NULL, '2014-09-13', NULL, NULL, NULL, 0),
(257, 161, 161, NULL, NULL, '2014-09-13', NULL, NULL, NULL, 0),
(258, 161, 161, NULL, NULL, '2014-09-13', NULL, NULL, NULL, 0),
(259, 161, 161, NULL, NULL, '2014-09-13', NULL, NULL, NULL, 0),
(260, 161, 161, NULL, NULL, '2014-09-13', NULL, NULL, NULL, 0),
(261, 161, 161, NULL, NULL, '2014-09-13', NULL, NULL, NULL, 0),
(262, 161, 161, NULL, NULL, '2014-09-13', NULL, NULL, NULL, 0),
(263, 161, 161, NULL, NULL, '2014-09-13', NULL, NULL, NULL, 0),
(264, 161, 161, NULL, NULL, '2014-09-13', NULL, NULL, NULL, 0),
(265, 161, 161, NULL, NULL, '2014-09-13', NULL, NULL, NULL, 0),
(266, 161, 161, NULL, NULL, '2014-09-13', NULL, NULL, NULL, 0),
(267, 161, 161, NULL, NULL, '2014-09-13', NULL, NULL, NULL, 0),
(268, 161, 161, NULL, NULL, '2014-09-13', NULL, NULL, NULL, 0),
(269, 161, 161, NULL, NULL, '2014-09-13', NULL, NULL, NULL, 0),
(270, 161, 161, NULL, NULL, '2014-09-13', NULL, NULL, NULL, 0),
(271, 161, 161, NULL, NULL, '2014-09-13', NULL, NULL, NULL, 0),
(272, 161, 161, NULL, NULL, '2014-09-13', NULL, NULL, NULL, 0),
(273, 161, 161, NULL, NULL, '2014-09-13', NULL, NULL, NULL, 0),
(274, 161, 161, NULL, NULL, '2014-09-13', NULL, NULL, NULL, 0),
(275, 161, 161, NULL, NULL, '2014-09-13', NULL, NULL, NULL, 0),
(276, 161, 161, NULL, NULL, '2014-09-13', NULL, NULL, NULL, 0),
(277, 161, 161, NULL, NULL, '2014-09-13', NULL, NULL, NULL, 0),
(278, 161, 161, NULL, NULL, '2014-09-13', NULL, NULL, NULL, 0),
(279, 161, 161, NULL, NULL, '2014-09-13', NULL, NULL, NULL, 0),
(280, 161, 161, NULL, NULL, '2014-09-13', NULL, NULL, NULL, 0),
(281, 161, 161, NULL, NULL, '2014-09-13', NULL, NULL, NULL, 0),
(282, 161, 161, NULL, NULL, '2014-09-13', NULL, NULL, NULL, 0),
(283, 161, 161, NULL, NULL, '2014-09-13', NULL, NULL, NULL, 0),
(284, 161, 161, NULL, NULL, '2014-09-13', NULL, NULL, NULL, 0),
(285, 161, 161, NULL, NULL, '2014-09-13', NULL, NULL, NULL, 0),
(286, 161, 161, NULL, NULL, '2014-09-13', NULL, NULL, NULL, 0),
(287, 161, 161, NULL, NULL, '2014-09-13', NULL, NULL, NULL, 0),
(288, 161, 161, NULL, NULL, '2014-09-13', NULL, NULL, NULL, 0),
(289, 161, 161, NULL, NULL, '2014-09-13', NULL, NULL, NULL, 0),
(290, 161, 161, NULL, NULL, '2014-09-13', NULL, NULL, NULL, 0),
(291, 161, 161, NULL, NULL, '2014-09-13', NULL, NULL, NULL, 0),
(292, 161, 161, NULL, NULL, '2014-09-13', NULL, NULL, NULL, 0),
(293, 161, 161, NULL, NULL, '2014-09-13', NULL, NULL, NULL, 0),
(294, 161, 161, NULL, NULL, '2014-09-13', NULL, NULL, NULL, 0),
(295, 161, 161, NULL, NULL, '2014-09-13', NULL, NULL, NULL, 0),
(296, 161, 161, NULL, NULL, '2014-09-13', NULL, NULL, NULL, 0),
(297, 161, 161, NULL, NULL, '2014-09-13', NULL, NULL, NULL, 0),
(298, 161, 161, NULL, NULL, '2014-09-13', NULL, NULL, NULL, 0),
(299, 161, 161, NULL, NULL, '2014-09-13', NULL, NULL, NULL, 0),
(300, 161, 161, NULL, NULL, '2014-09-13', NULL, NULL, NULL, 0),
(301, 161, 161, NULL, NULL, '2014-09-13', NULL, NULL, NULL, 0),
(302, 161, 161, NULL, NULL, '2014-09-13', NULL, NULL, NULL, 0),
(303, 161, 161, NULL, NULL, '2014-09-13', NULL, NULL, NULL, 0),
(304, 161, 161, NULL, NULL, '2014-09-13', NULL, NULL, NULL, 0),
(318, 163, 163, NULL, NULL, '2014-09-13', NULL, 317, NULL, 0),
(322, 162, 162, NULL, NULL, '2014-09-13', NULL, 321, NULL, 0),
(333, 164, 164, NULL, NULL, '2014-09-13', NULL, 332, NULL, 0),
(342, 165, 165, NULL, NULL, '2014-09-13', NULL, 341, NULL, 0),
(345, 166, 166, NULL, NULL, '2014-09-13', NULL, 344, NULL, 0),
(357, 169, 169, NULL, NULL, '2014-09-13', NULL, 356, NULL, 0),
(360, 168, 168, NULL, NULL, '2014-09-14', NULL, 359, NULL, 0),
(373, 173, 173, NULL, NULL, '2014-09-14', NULL, 372, NULL, 0),
(376, 174, 174, NULL, NULL, '2014-09-14', NULL, 375, NULL, 0),
(378, 175, 175, NULL, NULL, '2014-09-14', NULL, 377, NULL, 0),
(390, 178, 178, NULL, NULL, '2014-09-14', NULL, 389, NULL, 1),
(394, 179, 179, NULL, NULL, '2014-09-14', NULL, 393, NULL, 1),
(397, 180, 3, NULL, NULL, '2014-09-14', NULL, 396, '64546645', 1),
(403, 181, 3, NULL, NULL, '2014-09-14', NULL, 402, NULL, 0),
(406, 182, 182, NULL, NULL, '2014-09-14', NULL, NULL, NULL, 1),
(415, 183, 3, NULL, NULL, '2014-09-14', NULL, 414, NULL, 0),
(418, 184, 3, NULL, NULL, '2014-09-14', NULL, 417, NULL, 0),
(421, 184, 184, NULL, NULL, '2014-09-14', NULL, 420, NULL, 0),
(424, 185, 185, NULL, NULL, '2014-09-14', NULL, 423, NULL, 1),
(427, 186, 3, NULL, NULL, '2014-09-14', NULL, 426, NULL, 0),
(430, 80, 3, NULL, NULL, '2014-09-14', NULL, 429, NULL, 0),
(433, 187, 3, NULL, NULL, '2014-09-14', NULL, 432, NULL, 0),
(436, 99, 3, NULL, NULL, '2014-09-14', NULL, 435, NULL, 1),
(439, 99, 3, NULL, NULL, '2014-09-14', NULL, 438, NULL, 1),
(442, 99, 3, NULL, NULL, '2014-09-14', NULL, 441, NULL, 1),
(445, 99, 3, NULL, NULL, '2014-09-14', NULL, 444, NULL, 1),
(448, 99, 3, NULL, NULL, '2014-09-14', NULL, 447, NULL, 1),
(451, 190, 190, NULL, NULL, '2014-09-14', NULL, 450, NULL, 1),
(454, 191, 3, NULL, NULL, '2014-09-14', NULL, 453, NULL, 0),
(457, 192, 192, NULL, NULL, '2014-09-14', NULL, 456, NULL, 1),
(460, 194, 194, NULL, NULL, '2014-09-14', NULL, 459, NULL, 0),
(463, 196, 196, NULL, NULL, '2014-09-14', NULL, 462, NULL, 0),
(466, 195, 195, NULL, NULL, '2014-09-14', NULL, 465, NULL, 0),
(469, 193, 3, NULL, NULL, '2014-09-14', NULL, 468, NULL, 0),
(472, 193, 3, NULL, NULL, '2014-09-14', NULL, 471, NULL, 0),
(475, 193, 3, NULL, NULL, '2014-09-14', NULL, 474, NULL, 0),
(478, 193, 3, NULL, NULL, '2014-09-14', NULL, 477, NULL, 0),
(481, 193, 3, NULL, NULL, '2014-09-14', NULL, 480, NULL, 0),
(484, 193, 3, NULL, NULL, '2014-09-14', NULL, 483, NULL, 0),
(487, 193, 3, NULL, NULL, '2014-09-14', NULL, 486, NULL, 0),
(490, 193, 3, NULL, NULL, '2014-09-14', NULL, 489, NULL, 0),
(493, 193, 3, NULL, NULL, '2014-09-14', NULL, 492, NULL, 0),
(496, 197, 197, NULL, NULL, '2014-09-14', NULL, 495, NULL, 1),
(499, 199, 199, NULL, NULL, '2014-09-14', NULL, 498, NULL, 0),
(502, 200, 3, NULL, NULL, '2014-09-14', NULL, 501, NULL, 0),
(505, 201, 201, NULL, NULL, '2014-09-14', NULL, 504, NULL, 0),
(508, 202, 3, NULL, NULL, '2014-09-14', NULL, 507, NULL, 0),
(511, 203, 3, NULL, NULL, '2014-09-14', NULL, 510, NULL, 0),
(514, 204, 3, NULL, NULL, '2014-09-14', NULL, 513, NULL, 0),
(517, 198, 198, NULL, NULL, '2014-09-14', NULL, 516, NULL, 0),
(520, 205, 3, NULL, NULL, '2014-09-14', NULL, 519, NULL, 0),
(523, 206, 206, NULL, NULL, '2014-09-14', NULL, 522, NULL, 0),
(526, 207, 207, NULL, NULL, '2014-09-14', NULL, 525, NULL, 0),
(529, 209, 209, NULL, NULL, '2014-09-14', NULL, 528, NULL, 0),
(532, 210, 3, NULL, NULL, '2014-09-14', NULL, 531, NULL, 0),
(535, 211, 211, NULL, NULL, '2014-09-14', NULL, 534, NULL, 0),
(538, 212, 3, NULL, NULL, '2014-09-14', NULL, 537, NULL, 0),
(541, 213, 213, NULL, NULL, '2014-09-14', NULL, 540, NULL, 0),
(556, 221, 221, NULL, NULL, '2014-09-14', NULL, 555, NULL, 0),
(559, 223, 3, NULL, NULL, '2014-09-14', NULL, 558, NULL, 0),
(562, 222, 3, NULL, NULL, '2014-09-14', NULL, 561, NULL, 0),
(589, 224, 224, NULL, NULL, '2014-09-14', NULL, 588, NULL, 0),
(592, 225, 3, NULL, NULL, '2014-09-14', NULL, 591, '', 0),
(595, 226, 226, NULL, 12, '2014-09-14', NULL, 594, '', 1),
(598, 227, 3, NULL, NULL, '2014-09-14', NULL, 597, NULL, 0),
(601, 228, 3, NULL, NULL, '2014-09-14', NULL, 600, '55666', 0),
(604, 229, 3, NULL, NULL, '2014-09-14', NULL, 603, '', 0),
(628, 238, 238, NULL, NULL, '2014-09-15', NULL, 627, NULL, 0),
(633, 246, 246, NULL, NULL, '2014-09-15', NULL, 632, NULL, 0),
(636, 249, 249, NULL, NULL, '2014-09-15', NULL, 635, NULL, 1),
(639, 251, 251, NULL, NULL, '2014-09-15', NULL, 638, NULL, 1),
(642, 253, 251, NULL, NULL, NULL, NULL, 643, NULL, 0),
(645, 254, 254, NULL, NULL, '2014-09-15', NULL, NULL, NULL, 1),
(648, 256, 256, NULL, NULL, '2014-09-15', NULL, NULL, NULL, 1),
(651, 258, 258, NULL, NULL, '2014-09-15', NULL, NULL, NULL, 1);

-- --------------------------------------------------------

--
-- Estructura de tabla para la tabla `Welcome_ic_membership_expositors`
--

CREATE TABLE IF NOT EXISTS `Welcome_ic_membership_expositors` (
  `id` int(11) NOT NULL AUTO_INCREMENT,
  `ic_membership_id` int(11) NOT NULL,
  `address_id` int(11) NOT NULL,
  PRIMARY KEY (`id`),
  UNIQUE KEY `ic_membership_id` (`ic_membership_id`,`address_id`),
  KEY `Welcome_ic_membership_expositors_37d462ff` (`ic_membership_id`),
  KEY `Welcome_ic_membership_expositors_3ac8a70a` (`address_id`)
) ENGINE=InnoDB  DEFAULT CHARSET=utf8 COLLATE=utf8_unicode_ci AUTO_INCREMENT=381 ;

--
-- Volcado de datos para la tabla `Welcome_ic_membership_expositors`
--

INSERT INTO `Welcome_ic_membership_expositors` (`id`, `ic_membership_id`, `address_id`) VALUES
(194, 4, 2),
(191, 19, 2),
(192, 19, 3),
(182, 31, 2),
(360, 82, 12),
(359, 82, 16),
(351, 108, 8),
(352, 108, 13),
(196, 128, 3),
(198, 131, 6),
(232, 233, 7),
(366, 236, 6),
(365, 236, 13),
(364, 236, 18),
(374, 592, 14),
(373, 592, 20),
(375, 633, 15),
(376, 636, 15),
(377, 639, 15),
(378, 645, 15),
(379, 648, 15),
(380, 651, 15);

-- --------------------------------------------------------

--
-- Estructura de tabla para la tabla `Welcome_ic_person_membership`
--

CREATE TABLE IF NOT EXISTS `Welcome_ic_person_membership` (
  `ic_membership_id` int(11) NOT NULL,
  `person_id` int(11) NOT NULL,
  `labor_contract_id` int(11) DEFAULT NULL,
  PRIMARY KEY (`ic_membership_id`),
  UNIQUE KEY `labor_contract_id` (`labor_contract_id`),
  KEY `Welcome_ic_person_membership_16f39487` (`person_id`)
) ENGINE=InnoDB DEFAULT CHARSET=utf8 COLLATE=utf8_unicode_ci;

--
-- Volcado de datos para la tabla `Welcome_ic_person_membership`
--

INSERT INTO `Welcome_ic_person_membership` (`ic_membership_id`, `person_id`, `labor_contract_id`) VALUES
(4, 4, NULL),
(19, 42, NULL),
(31, 55, NULL),
(63, 18, NULL),
(85, 61, NULL),
(87, 62, NULL),
(105, 79, NULL),
(108, 81, NULL),
(116, 82, NULL),
(128, 90, NULL),
(131, 91, NULL),
(136, 94, NULL),
(397, 181, NULL),
(403, 181, NULL),
(415, 184, NULL),
(418, 184, NULL),
(427, 186, NULL),
(430, 80, NULL),
(433, 189, NULL),
(436, 99, NULL),
(439, 99, NULL),
(442, 99, NULL),
(445, 99, NULL),
(448, 99, NULL),
(454, 191, NULL),
(469, 193, NULL),
(472, 193, NULL),
(475, 193, NULL),
(478, 193, NULL),
(481, 193, NULL),
(484, 193, NULL),
(487, 193, NULL),
(490, 193, NULL),
(493, 193, NULL),
(502, 200, NULL),
(508, 202, NULL),
(511, 204, NULL),
(514, 204, NULL),
(520, 206, NULL),
(532, 210, NULL),
(538, 212, NULL),
(559, 223, NULL),
(562, 222, NULL),
(592, 225, NULL),
(598, 227, NULL),
(601, 229, NULL),
(604, 229, NULL);

-- --------------------------------------------------------

--
-- Estructura de tabla para la tabla `Welcome_ic_project_membership`
--

CREATE TABLE IF NOT EXISTS `Welcome_ic_project_membership` (
  `ic_membership_id` int(11) NOT NULL,
  `project_id` int(11) NOT NULL,
  PRIMARY KEY (`ic_membership_id`),
  KEY `Welcome_ic_project_membership_37952554` (`project_id`)
) ENGINE=InnoDB DEFAULT CHARSET=utf8 COLLATE=utf8_unicode_ci;

--
-- Volcado de datos para la tabla `Welcome_ic_project_membership`
--

INSERT INTO `Welcome_ic_project_membership` (`ic_membership_id`, `project_id`) VALUES
(95, 1),
(121, 1),
(40, 58),
(41, 59),
(82, 60),
(89, 67),
(123, 85),
(322, 162),
(318, 163),
(333, 164),
(342, 165),
(345, 166),
(360, 168),
(357, 169),
(373, 173),
(376, 174),
(378, 175),
(390, 178),
(394, 179),
(406, 182),
(421, 184),
(424, 185),
(451, 190),
(457, 192),
(460, 194),
(466, 195),
(463, 196),
(496, 197),
(517, 198),
(499, 199),
(505, 201),
(523, 206),
(526, 207),
(529, 209),
(535, 211),
(541, 213),
(556, 221),
(589, 224),
(595, 226),
(628, 238),
(633, 246),
(636, 249),
(639, 251),
(645, 254),
(648, 256),
(651, 258);

-- --------------------------------------------------------

--
-- Estructura de tabla para la tabla `Welcome_ic_record`
--

CREATE TABLE IF NOT EXISTS `Welcome_ic_record` (
  `id` int(11) NOT NULL AUTO_INCREMENT,
  `name` varchar(200) COLLATE utf8_unicode_ci DEFAULT NULL,
  `description` longtext COLLATE utf8_unicode_ci,
  `record_type_id` int(11) DEFAULT NULL,
  PRIMARY KEY (`id`),
  KEY `Welcome_ic_record_ac580b38` (`record_type_id`)
) ENGINE=InnoDB  DEFAULT CHARSET=utf8 COLLATE=utf8_unicode_ci AUTO_INCREMENT=654 ;

--
-- Volcado de datos para la tabla `Welcome_ic_record`
--

INSERT INTO `Welcome_ic_record` (`id`, `name`, `description`, `record_type_id`) VALUES
(1, 'quota alta Col·lectiva: EA (Ecoxarxanoia) [60.00 €]', NULL, 36),
(3, 'quota alta Individual: bumbum (Sebas) [30.00 eco]', NULL, 35),
(4, 'COOP0111 (bumbum)', '', 7),
(6, 'XIPU: ?? > pis de mallorca (Mallorca, 450 - Barcelona)', NULL, NULL),
(8, 'quota 1T: bumbum (Sebas) [30.00 eco]', NULL, 29),
(9, 'bumbum (Sebas): pis de mallorca', '', NULL),
(12, 'bumbum (Sebas): Casa del Comú', NULL, NULL),
(13, 'quota 2T: bumbum (Sebas) [30.00 eco] > CIC', NULL, 30),
(14, 'quota 3T: bumbum (Sebas) [45.00 €]', NULL, 31),
(18, 'quota alta Individual: seb (anonymous) [6.00 riu] > CIC', NULL, 35),
(19, 'alta Soci Coop. Individual: seb (Sebb)', '', 7),
(21, 'Llicència d''activitat: COOP0111 (bumbum)', '', NULL),
(22, 'Arç: COOP0111 (bumbum)', '', NULL),
(24, 'quota 1T: EA (Ecoxarxanoia) [30 riu]', NULL, 29),
(29, 'alta Soci Afí Individual: Jeto Laface (jeto)', '', 10),
(30, 'quota alta Individual: duub (Duub) [30.00 €]', NULL, 35),
(31, 'COOP0874 (duub)', '', 7),
(32, 'alta Proj. Autoocupat: COOP0874 (duub)', NULL, 5),
(33, 'quota 3T: duub (Duub) [45.00 €]', NULL, 31),
(34, 'XIPU: ?? > pis de mallorca', '', NULL),
(35, 'Assegurança soci: ?? ', '', NULL),
(36, 'Llicència d''activitat: COOP0874 (duub)', '', NULL),
(40, 'alta Proj. Col·lectiu: Calafou', '', 8),
(41, 'alta Proj. Col·lectiu: Creant', '', 8),
(43, 'alta Proj. Firaire: alta Proj. Col·lectiu: Creant', NULL, 11),
(47, 'quota 4T: Creant [45.00 €]', NULL, 37),
(63, 'alta Soci Coop. Individual: Marta (tuccia)', '', 7),
(81, NULL, NULL, 35),
(82, 'alta Proj. Col·lectiu: Balabiro1', '', 8),
(83, 'quota alta Col·lectiva: Balabiro [60.0 h]', NULL, 36),
(84, NULL, NULL, 35),
(85, NULL, NULL, 7),
(86, NULL, NULL, 35),
(87, NULL, NULL, 7),
(88, NULL, NULL, 36),
(89, NULL, NULL, 8),
(90, NULL, NULL, 10),
(91, NULL, NULL, 10),
(92, NULL, NULL, 10),
(93, NULL, NULL, 10),
(94, NULL, NULL, 10),
(95, NULL, NULL, 10),
(103, '103', NULL, 10),
(104, NULL, NULL, 35),
(105, NULL, NULL, 7),
(106, 'alta Soci Afí Individual: Juan Lopez Gutierrez (afinito)', '', 10),
(107, 'quota alta Individual: cooper (Luis) [30.0 €]', NULL, 35),
(108, 'dsfdfdsf (cooper)', '', 7),
(109, NULL, NULL, 35),
(110, NULL, NULL, NULL),
(111, NULL, NULL, NULL),
(112, NULL, NULL, NULL),
(113, NULL, NULL, NULL),
(114, NULL, NULL, NULL),
(115, NULL, NULL, 35),
(116, NULL, NULL, 7),
(119, NULL, NULL, 36),
(120, NULL, NULL, 36),
(121, 'alta Proj. Col·lectiu: hfhdf', NULL, 8),
(122, 'quota alta Col·lectiva: wwwwwwwwwwwwwwww [60.0 €]', NULL, 36),
(123, '09890 lH ()', 'Alta Col·lectiva', 8),
(124, 'alta Proj. Autoocupat: 09890 lH ()', NULL, 5),
(127, 'quota alta Individual: zzz (zzzzz) [30.0 €]', NULL, 35),
(128, '3456 (zzz)', 'fhdfhdssfj', 7),
(129, 'alta Proj. Autoocupat: 3456 (zzz)', NULL, 5),
(130, 'quota alta Individual: prueba_person (elnomdelprovant) [30.0 €]', NULL, 35),
(131, 'COOP4567 (prueba_person)', 'bla, bla', 7),
(132, 'alta Proj. Autoocupat: COOP4567 (prueba_person)', NULL, 5),
(133, '133', NULL, 10),
(134, NULL, NULL, NULL),
(135, 'quota alta Individual: angel (angel) [30.0 €]', NULL, 35),
(136, '686786 (angel)', 'ghshsfhssfj', 7),
(139, '139', NULL, 10),
(140, NULL, NULL, NULL),
(141, '141', NULL, 10),
(142, 'quota alta Individual: pcol (prudecolec) [30.0 €]', NULL, 35),
(144, 'quota 4T: pcol (prudecolec) [12 eco]', NULL, 37),
(146, 'alta Proj. Autoocupat: 686786 (angel)', NULL, 5),
(147, '147', NULL, 10),
(149, NULL, NULL, NULL),
(150, ' (!record_type) > 44444s', NULL, NULL),
(151, ' (!record_type) > 44444s', NULL, NULL),
(152, ' (!record_type) > 44444s', NULL, NULL),
(153, ' (!record_type) > 44444s', NULL, NULL),
(154, ' (!record_type) > 44444s', NULL, NULL),
(155, ' (!record_type) > 44444s', NULL, NULL),
(156, ' (!record_type) > 44444s', NULL, NULL),
(157, ' (!record_type) > 44444s', NULL, NULL),
(158, ' (!record_type) > 44444s', NULL, NULL),
(159, ' (!record_type) > 44444s', NULL, NULL),
(160, ' (!record_type) > 44444s', NULL, NULL),
(161, ' (!record_type) > 44444s', NULL, NULL),
(162, ' (!record_type) > 44444s', NULL, NULL),
(163, ' (!record_type) > 44444s', NULL, NULL),
(164, ' (!record_type) > 44444s', NULL, NULL),
(165, ' (!record_type) > 44444s', NULL, NULL),
(166, ' (!record_type) > 44444s', NULL, NULL),
(167, ' (!record_type) > 44444s', NULL, NULL),
(168, ' (!record_type) > 44444s', NULL, NULL),
(169, ' (!record_type) > 44444s', NULL, NULL),
(170, ' (!record_type) > 44444s', NULL, NULL),
(171, ' (!record_type) > 44444s', NULL, NULL),
(172, ' (!record_type) > 44444s', NULL, NULL),
(173, ' (!record_type) > 44444s', NULL, NULL),
(174, ' (!record_type) > 44444s', NULL, NULL),
(175, ' (!record_type) > 44444s', NULL, NULL),
(176, ' (!record_type) > 44444s', NULL, NULL),
(177, ' (!record_type) > 44444s', NULL, NULL),
(178, ' (!record_type) > 44444s', NULL, NULL),
(179, ' (!record_type) > 44444s', NULL, NULL),
(180, ' (!record_type) > 44444s', NULL, NULL),
(181, ' (!record_type) > 44444s', NULL, NULL),
(182, ' (!record_type) > 44444s', NULL, NULL),
(185, ' (!record_type) > 44444s', NULL, NULL),
(186, ' (!record_type) > 44444s', NULL, NULL),
(187, ' (!record_type) > lolo', NULL, NULL),
(188, ' (!record_type) > gestion', NULL, NULL),
(189, ' (!record_type) > gestion', NULL, NULL),
(190, ' (!record_type) > gestion', NULL, NULL),
(191, ' (!record_type) > gestion', NULL, NULL),
(192, ' (!record_type) > 44444s', NULL, NULL),
(193, ' (!record_type) > 44444s', NULL, NULL),
(194, ' (!record_type) > 44444s', NULL, NULL),
(195, ' (!record_type) > 44444s', NULL, NULL),
(196, ' (!record_type) > 44444s', NULL, NULL),
(197, ' (!record_type) > 44444s', NULL, NULL),
(198, ' (!record_type) > 44444s', NULL, NULL),
(199, ' (!record_type) > 44444s', NULL, NULL),
(200, ' (!record_type) > 44444s', NULL, NULL),
(201, ' (!record_type) > 44444s', NULL, NULL),
(202, ' (!record_type) > 44444s', NULL, NULL),
(203, ' (!record_type) > 44444s', NULL, NULL),
(204, ' (!record_type) > 44444s', NULL, NULL),
(205, ' (!record_type) > 44444s', NULL, NULL),
(206, ' (!record_type) > 44444s', NULL, NULL),
(207, ' (!record_type) > 44444s', NULL, NULL),
(208, ' (!record_type) > 44444s', NULL, NULL),
(209, ' (!record_type) > 44444s', NULL, NULL),
(210, ' (!record_type) > 44444s', NULL, NULL),
(211, ' (!record_type) > 44444s', NULL, NULL),
(212, ' (!record_type) > 44444s', NULL, NULL),
(213, ' (!record_type) > 44444s', NULL, NULL),
(214, ' (!record_type) > gestion', NULL, NULL),
(215, ' (!record_type) > gestion', NULL, NULL),
(216, ' (!record_type) > mosi', NULL, NULL),
(217, ' (!record_type) > mosi', NULL, NULL),
(218, '218', NULL, 10),
(219, NULL, NULL, NULL),
(220, 'quota alta Individual: majte (nujta) [30.0 €]', NULL, 35),
(226, ' (!record_type) > mares', NULL, NULL),
(227, ' (!record_type) > mares', NULL, NULL),
(228, ' (!record_type) > mares', NULL, NULL),
(229, ' (!record_type) > mares', NULL, NULL),
(230, ' (!record_type) > mares', NULL, NULL),
(231, ' (!record_type) > mares', NULL, NULL),
(232, ' (!record_type) > mares', NULL, NULL),
(233, ' (!record_type) > mares', '', NULL),
(234, ' (!record_type) > mares', NULL, NULL),
(235, ' (!record_type) > mares', NULL, NULL),
(236, ' (!record_type) > marcos (marcoree)', '', NULL),
(237, '', NULL, NULL),
(238, 'acollida Autoocupats: 2014-09-13 (Sebas) Casa del Comúm', '', 33),
(241, 'acollida Autoocupats: 2014-09-13 (Sebas) Casa del Comúm', '', 33),
(242, 'acollida Autoocupats: 2014-09-14 (Sebas) Casa del Comúm', 'gfdgafshsfhsdhdshadshsadhsdhsfhddd', 33),
(243, 'acollida Autoocupats: 2014-09-16 (Marta) la meva de casa', '', 33),
(245, 'acollida Autoocupats: 2014-09-19 (Marta) kiko', '', 33),
(246, 'acollida Autoocupats: 2014-09-28 (Sebas) qqqqq', '', 33),
(247, 'acollida Autoocupats: 2014-09-30 (Marta) pis de mallorca', '', 33),
(248, 'acollida Autoocupats: 2014-10-09 (Sebas) direcion a proyecto', '', 33),
(249, ' (!record_type) > Lacasaroja', NULL, NULL),
(250, ' (!record_type) > Lacasaroja', NULL, NULL),
(251, ' (!record_type) > Lacasaroja', NULL, NULL),
(252, ' (!record_type) > Lacasaroja', NULL, NULL),
(253, ' (!record_type) > Lacasaroja', NULL, NULL),
(254, ' (!record_type) > Lacasaroja', NULL, NULL),
(255, ' (!record_type) > Lacasaroja', NULL, NULL),
(256, ' (!record_type) > Lacasaroja', NULL, NULL),
(257, ' (!record_type) > Lacasaroja', NULL, NULL),
(258, ' (!record_type) > Lacasaroja', NULL, NULL),
(259, ' (!record_type) > Lacasaroja', NULL, NULL),
(260, ' (!record_type) > Lacasaroja', NULL, NULL),
(261, ' (!record_type) > Lacasaroja', NULL, NULL),
(262, ' (!record_type) > Lacasaroja', NULL, NULL),
(263, ' (!record_type) > Lacasaroja', NULL, NULL),
(264, ' (!record_type) > Lacasaroja', NULL, NULL),
(265, ' (!record_type) > Lacasaroja', NULL, NULL),
(266, ' (!record_type) > Lacasaroja', NULL, NULL),
(267, ' (!record_type) > Lacasaroja', NULL, NULL),
(268, ' (!record_type) > Lacasaroja', NULL, NULL),
(269, ' (!record_type) > Lacasaroja', NULL, NULL),
(270, ' (!record_type) > Lacasaroja', NULL, NULL),
(271, ' (!record_type) > Lacasaroja', NULL, NULL),
(272, ' (!record_type) > Lacasaroja', NULL, NULL),
(273, ' (!record_type) > Lacasaroja', NULL, NULL),
(274, ' (!record_type) > Lacasaroja', NULL, NULL),
(275, ' (!record_type) > Lacasaroja', NULL, NULL),
(276, ' (!record_type) > Lacasaroja', NULL, NULL),
(277, ' (!record_type) > Lacasaroja', NULL, NULL),
(278, ' (!record_type) > Lacasaroja', NULL, NULL),
(279, ' (!record_type) > Lacasaroja', NULL, NULL),
(280, ' (!record_type) > Lacasaroja', NULL, NULL),
(281, ' (!record_type) > Lacasaroja', NULL, NULL),
(282, ' (!record_type) > Lacasaroja', NULL, NULL),
(283, ' (!record_type) > Lacasaroja', NULL, NULL),
(284, ' (!record_type) > Lacasaroja', NULL, NULL),
(285, ' (!record_type) > Lacasaroja', NULL, NULL),
(286, ' (!record_type) > Lacasaroja', NULL, NULL),
(287, ' (!record_type) > Lacasaroja', NULL, NULL),
(288, ' (!record_type) > Lacasaroja', NULL, NULL),
(289, ' (!record_type) > Lacasaroja', NULL, NULL),
(290, ' (!record_type) > Lacasaroja', NULL, NULL),
(291, ' (!record_type) > Lacasaroja', NULL, NULL),
(292, ' (!record_type) > Lacasaroja', NULL, NULL),
(293, ' (!record_type) > Lacasaroja', NULL, NULL),
(294, ' (!record_type) > Lacasaroja', NULL, NULL),
(295, ' (!record_type) > Lacasaroja', NULL, NULL),
(296, ' (!record_type) > Lacasaroja', NULL, NULL),
(297, ' (!record_type) > Lacasaroja', NULL, NULL),
(298, ' (!record_type) > Lacasaroja', NULL, NULL),
(299, ' (!record_type) > Lacasaroja', NULL, NULL),
(300, ' (!record_type) > Lacasaroja', NULL, NULL),
(301, ' (!record_type) > Lacasaroja', NULL, NULL),
(302, ' (!record_type) > Lacasaroja', NULL, NULL),
(303, ' (!record_type) > Lacasaroja', NULL, NULL),
(304, ' (!record_type) > Lacasaroja', NULL, NULL),
(316, NULL, NULL, NULL),
(317, NULL, NULL, NULL),
(318, NULL, NULL, 8),
(320, NULL, NULL, 5),
(321, NULL, NULL, NULL),
(322, NULL, NULL, 8),
(323, NULL, NULL, 5),
(324, NULL, NULL, NULL),
(325, NULL, NULL, NULL),
(326, NULL, NULL, NULL),
(329, NULL, NULL, NULL),
(332, NULL, NULL, NULL),
(333, NULL, NULL, 8),
(334, NULL, NULL, 5),
(335, NULL, NULL, NULL),
(338, NULL, NULL, NULL),
(341, NULL, NULL, NULL),
(342, NULL, NULL, 8),
(343, NULL, NULL, 5),
(344, NULL, NULL, NULL),
(345, NULL, NULL, 8),
(346, NULL, NULL, 5),
(347, NULL, NULL, NULL),
(356, NULL, NULL, NULL),
(357, NULL, NULL, 8),
(358, NULL, NULL, 5),
(359, NULL, NULL, NULL),
(360, NULL, NULL, 8),
(361, NULL, NULL, 5),
(365, NULL, NULL, NULL),
(372, NULL, NULL, 36),
(373, NULL, NULL, 8),
(374, NULL, NULL, 5),
(375, NULL, NULL, 36),
(376, NULL, NULL, 8),
(377, NULL, NULL, 36),
(378, NULL, NULL, 8),
(379, NULL, NULL, 5),
(386, NULL, NULL, 35),
(389, NULL, NULL, 36),
(390, NULL, NULL, 8),
(391, NULL, NULL, 5),
(393, NULL, NULL, 36),
(394, NULL, NULL, 8),
(395, NULL, NULL, 5),
(396, NULL, NULL, 35),
(397, '64546645 ()', '', 7),
(398, NULL, NULL, 5),
(402, NULL, NULL, 35),
(403, NULL, NULL, 7),
(404, NULL, NULL, 5),
(406, NULL, NULL, 8),
(407, NULL, NULL, 5),
(414, NULL, NULL, 35),
(415, NULL, NULL, 7),
(416, NULL, NULL, 5),
(417, NULL, NULL, 35),
(418, NULL, NULL, 7),
(419, NULL, NULL, 5),
(420, NULL, NULL, 36),
(421, NULL, NULL, 8),
(422, NULL, NULL, 5),
(423, NULL, NULL, 36),
(424, NULL, NULL, 8),
(425, NULL, NULL, 5),
(426, NULL, NULL, 35),
(427, NULL, NULL, 7),
(428, NULL, NULL, 5),
(429, NULL, NULL, 35),
(430, NULL, NULL, 7),
(431, NULL, NULL, 5),
(432, NULL, NULL, 35),
(433, NULL, NULL, 7),
(434, NULL, NULL, 5),
(435, NULL, NULL, 35),
(436, NULL, NULL, 7),
(437, NULL, NULL, 5),
(438, NULL, NULL, 35),
(439, NULL, NULL, 7),
(440, NULL, NULL, 5),
(441, NULL, NULL, 35),
(442, NULL, NULL, 7),
(443, NULL, NULL, 5),
(444, NULL, NULL, 35),
(445, NULL, NULL, 7),
(446, NULL, NULL, 5),
(447, NULL, NULL, 35),
(448, NULL, NULL, 7),
(449, NULL, NULL, 5),
(450, NULL, NULL, 36),
(451, NULL, NULL, 8),
(452, NULL, NULL, 5),
(453, NULL, NULL, 35),
(454, NULL, NULL, 7),
(455, NULL, NULL, 5),
(456, NULL, NULL, 36),
(457, NULL, NULL, 8),
(458, NULL, NULL, 5),
(459, NULL, NULL, 36),
(460, NULL, NULL, 8),
(461, NULL, NULL, 5),
(462, NULL, NULL, 36),
(463, NULL, NULL, 8),
(464, NULL, NULL, 5),
(465, NULL, NULL, 36),
(466, NULL, NULL, 8),
(467, NULL, NULL, 5),
(468, NULL, NULL, 35),
(469, NULL, NULL, 7),
(470, NULL, NULL, 5),
(471, NULL, NULL, 35),
(472, NULL, NULL, 7),
(473, NULL, NULL, 5),
(474, NULL, NULL, 35),
(475, NULL, NULL, 7),
(476, NULL, NULL, 5),
(477, NULL, NULL, 35),
(478, NULL, NULL, 7),
(479, NULL, NULL, 5),
(480, NULL, NULL, 35),
(481, NULL, NULL, 7),
(482, NULL, NULL, 5),
(483, NULL, NULL, 35),
(484, NULL, NULL, 7),
(485, NULL, NULL, 5),
(486, NULL, NULL, 35),
(487, NULL, NULL, 7),
(488, NULL, NULL, 5),
(489, NULL, NULL, 35),
(490, NULL, NULL, 7),
(491, NULL, NULL, 5),
(492, NULL, NULL, 35),
(493, NULL, NULL, 7),
(494, NULL, NULL, 5),
(495, NULL, NULL, 36),
(496, NULL, NULL, 8),
(497, NULL, NULL, 5),
(498, NULL, NULL, 36),
(499, NULL, NULL, 8),
(500, NULL, NULL, 5),
(501, NULL, NULL, 35),
(502, NULL, NULL, 7),
(503, NULL, NULL, 5),
(504, NULL, NULL, 36),
(505, NULL, NULL, 8),
(506, NULL, NULL, 5),
(507, NULL, NULL, 35),
(508, NULL, NULL, 7),
(509, NULL, NULL, 5),
(510, NULL, NULL, 35),
(511, NULL, NULL, 7),
(512, NULL, NULL, 5),
(513, NULL, NULL, 35),
(514, NULL, NULL, 7),
(515, NULL, NULL, 5),
(516, NULL, NULL, 36),
(517, NULL, NULL, 8),
(518, NULL, NULL, 5),
(519, NULL, NULL, 35),
(520, NULL, NULL, 7),
(521, NULL, NULL, 5),
(522, NULL, NULL, 36),
(523, NULL, NULL, 8),
(524, NULL, NULL, 5),
(525, NULL, NULL, 36),
(526, NULL, NULL, 8),
(527, NULL, NULL, 5),
(528, NULL, NULL, 36),
(529, NULL, NULL, 8),
(530, NULL, NULL, 5),
(531, NULL, NULL, 35),
(532, NULL, NULL, 7),
(533, NULL, NULL, 5),
(534, NULL, NULL, 36),
(535, NULL, NULL, 8),
(536, NULL, NULL, 5),
(537, NULL, NULL, 35),
(538, NULL, NULL, 7),
(539, NULL, NULL, 5),
(540, NULL, NULL, 36),
(541, NULL, NULL, 8),
(542, NULL, NULL, 5),
(555, NULL, NULL, 36),
(556, NULL, NULL, 8),
(557, NULL, NULL, 5),
(558, NULL, NULL, 35),
(559, NULL, NULL, 7),
(560, NULL, NULL, 5),
(561, NULL, NULL, 35),
(562, NULL, NULL, 7),
(563, NULL, NULL, 5),
(588, NULL, NULL, 36),
(589, NULL, NULL, 8),
(590, NULL, NULL, 11),
(591, NULL, NULL, 35),
(592, 'alta Soci Coop. Individual: marcoree', 'gerhteuitrikryk', 7),
(593, 'alta Proj. Autoocupat: alta Soci Coop. Individual: marcoree', NULL, 5),
(594, NULL, NULL, 36),
(595, 'alta Proj. Col·lectiu: yyyyyyyy', '653tuir', 8),
(596, 'alta Proj. Autoocupat: alta Proj. Col·lectiu: yyyyyyyy', NULL, 5),
(597, NULL, NULL, 35),
(598, NULL, NULL, 7),
(599, NULL, NULL, 5),
(600, NULL, NULL, 35),
(601, '55666 ()', '', 7),
(602, 'alta Proj. Autoocupat: alta Soci Coop. Individual: Projecte de la persona: Persona del projecte:aaaaaaaaa', NULL, 5),
(603, 'quota alta Individual: yweywyeqw4ywey (Projecte de la persona: Persona del projecte:aaaaaaaaa) [30.0 €]', NULL, 35),
(604, 'alta Soci Coop. Individual: yweywyeqw4ywey (Projecte de la persona: Persona del projecte:aaaaaaaaa)', 'ewysfhfdhfdjdj', 7),
(605, 'alta Proj. Autoocupat: alta Soci Coop. Individual: yweywyeqw4ywey (Projecte de la persona: Persona del projecte:aaaaaaaaa)', NULL, 5),
(606, 'Assegurança soci: ?? ', '', NULL),
(607, 'Llicència d''activitat: ?? ', '', NULL),
(608, 'formació Moneda Social: 2014-09-24 (Sebas) pis de mallorca', '', 34),
(609, NULL, NULL, 36),
(611, NULL, NULL, 36),
(613, NULL, NULL, 36),
(615, NULL, NULL, 36),
(617, NULL, NULL, 36),
(619, NULL, NULL, 36),
(620, NULL, NULL, 36),
(622, NULL, NULL, 36),
(625, NULL, NULL, 36),
(627, NULL, NULL, 36),
(628, NULL, NULL, 8),
(629, NULL, NULL, 5),
(630, NULL, NULL, 36),
(632, NULL, NULL, 36),
(633, NULL, NULL, 8),
(634, NULL, NULL, 5),
(635, NULL, NULL, 36),
(636, NULL, NULL, 8),
(637, NULL, NULL, 5),
(638, NULL, NULL, 36),
(639, NULL, NULL, 8),
(640, NULL, NULL, 5),
(641, 'dsfgfg', 'dsgdsg', 10),
(642, 'afin', NULL, 10),
(643, NULL, NULL, 35),
(645, 'alta Proj. Col·lectiu: bvbvb (Autoocupat)', NULL, 8),
(646, 'alta Proj. Autoocupat: alta Proj. Col·lectiu: bvbvb (Autoocupat)', NULL, 5),
(648, 'alta Proj. Col·lectiu: hdfshdfhdfhdsfhdf (Autoocupat)', NULL, 8),
(649, 'alta Proj. Autoocupat: alta Proj. Col·lectiu: hdfshdfhdfhdsfhdf (Autoocupat)', NULL, 5),
(651, 'alta Proj. Col·lectiu: ces_consumer (Autoocupat)', NULL, 8),
(652, 'alta Proj. Autoocupat: alta Proj. Col·lectiu: ces_consumer (Autoocupat)', NULL, 5);

-- --------------------------------------------------------

--
-- Estructura de tabla para la tabla `Welcome_ic_record_type`
--

CREATE TABLE IF NOT EXISTS `Welcome_ic_record_type` (
  `ic_type_id` int(11) NOT NULL,
  PRIMARY KEY (`ic_type_id`)
) ENGINE=InnoDB DEFAULT CHARSET=utf8 COLLATE=utf8_unicode_ci;

--
-- Volcado de datos para la tabla `Welcome_ic_record_type`
--

INSERT INTO `Welcome_ic_record_type` (`ic_type_id`) VALUES
(3),
(4),
(5),
(6),
(7),
(8),
(9),
(10),
(11),
(13),
(14),
(15),
(16),
(17),
(18),
(19),
(27),
(28),
(29),
(30),
(31),
(32),
(33),
(34),
(35),
(36),
(37),
(38),
(39),
(41),
(42),
(43),
(44),
(45),
(46),
(47),
(48),
(49),
(50),
(51);

-- --------------------------------------------------------

--
-- Estructura de tabla para la tabla `Welcome_ic_self_employed`
--

CREATE TABLE IF NOT EXISTS `Welcome_ic_self_employed` (
  `ic_record_id` int(11) NOT NULL,
  `ic_membership_id` int(11) NOT NULL,
  `join_date` date DEFAULT NULL,
  `end_date` date DEFAULT NULL,
  `organic` tinyint(1) NOT NULL,
  `rel_accountBank_id` int(11) DEFAULT NULL,
  `assigned_vat` decimal(4,2) DEFAULT NULL,
  `review_vat` tinyint(1) NOT NULL,
  `last_review_date` date DEFAULT NULL,
  `mentor_membership_id` int(11) DEFAULT NULL,
  `mentor_comment` longtext COLLATE utf8_unicode_ci,
  PRIMARY KEY (`ic_record_id`),
  KEY `Welcome_ic_self_employed_37d462ff` (`ic_membership_id`),
  KEY `Welcome_ic_self_employed_259761f6` (`rel_accountBank_id`),
  KEY `Welcome_ic_self_employed_5bec29b3` (`mentor_membership_id`)
) ENGINE=InnoDB DEFAULT CHARSET=utf8 COLLATE=utf8_unicode_ci;

--
-- Volcado de datos para la tabla `Welcome_ic_self_employed`
--

INSERT INTO `Welcome_ic_self_employed` (`ic_record_id`, `ic_membership_id`, `join_date`, `end_date`, `organic`, `rel_accountBank_id`, `assigned_vat`, `review_vat`, `last_review_date`, `mentor_membership_id`, `mentor_comment`) VALUES
(32, 31, NULL, NULL, 0, NULL, NULL, 0, NULL, NULL, ''),
(43, 41, NULL, NULL, 0, NULL, NULL, 0, NULL, NULL, ''),
(124, 123, NULL, NULL, 0, NULL, NULL, 0, NULL, NULL, ''),
(129, 128, NULL, NULL, 1, NULL, NULL, 0, NULL, NULL, ''),
(132, 131, NULL, NULL, 0, NULL, NULL, 0, NULL, NULL, ''),
(146, 136, NULL, NULL, 0, NULL, NULL, 0, NULL, NULL, ''),
(320, 318, NULL, NULL, 0, NULL, 18.00, 0, NULL, NULL, NULL),
(323, 322, NULL, NULL, 0, NULL, 18.00, 0, NULL, NULL, NULL),
(334, 333, NULL, NULL, 0, NULL, 18.00, 0, NULL, NULL, NULL),
(343, 342, NULL, NULL, 0, NULL, 18.00, 0, NULL, NULL, NULL),
(346, 345, NULL, NULL, 0, NULL, 18.00, 0, NULL, NULL, NULL),
(358, 357, NULL, NULL, 0, NULL, 18.00, 0, NULL, NULL, NULL),
(361, 360, NULL, NULL, 0, NULL, 18.00, 0, NULL, NULL, NULL),
(374, 373, NULL, NULL, 0, NULL, 18.00, 0, NULL, NULL, NULL),
(379, 378, NULL, NULL, 1, NULL, 18.00, 0, NULL, NULL, NULL),
(391, 390, NULL, NULL, 1, NULL, 18.00, 0, NULL, NULL, NULL),
(395, 394, NULL, NULL, 1, NULL, 18.00, 0, NULL, NULL, NULL),
(398, 397, NULL, NULL, 1, NULL, 18.00, 0, NULL, NULL, NULL),
(404, 403, NULL, NULL, 1, NULL, 18.00, 0, NULL, NULL, NULL),
(407, 406, NULL, NULL, 1, NULL, 18.00, 0, NULL, NULL, NULL),
(416, 415, NULL, NULL, 1, NULL, 18.00, 0, NULL, NULL, NULL),
(419, 418, NULL, NULL, 1, NULL, 18.00, 0, NULL, NULL, NULL),
(422, 421, NULL, NULL, 1, NULL, 18.00, 0, NULL, NULL, NULL),
(425, 424, NULL, NULL, 1, NULL, 18.00, 0, NULL, NULL, NULL),
(428, 427, NULL, NULL, 1, NULL, 18.00, 0, NULL, NULL, NULL),
(431, 430, NULL, NULL, 1, NULL, 18.00, 0, NULL, NULL, NULL),
(434, 433, NULL, NULL, 1, NULL, 18.00, 0, NULL, NULL, NULL),
(437, 436, NULL, NULL, 1, NULL, 18.00, 0, NULL, NULL, NULL),
(440, 439, NULL, NULL, 1, NULL, 18.00, 0, NULL, NULL, NULL),
(443, 442, NULL, NULL, 1, NULL, 18.00, 0, NULL, NULL, NULL),
(446, 445, NULL, NULL, 1, NULL, 18.00, 0, NULL, NULL, NULL),
(449, 448, NULL, NULL, 1, NULL, 18.00, 0, NULL, NULL, NULL),
(452, 451, NULL, NULL, 1, NULL, 18.00, 0, NULL, NULL, NULL),
(455, 454, NULL, NULL, 1, NULL, 18.00, 0, NULL, NULL, NULL),
(458, 457, NULL, NULL, 1, NULL, 18.00, 0, NULL, NULL, NULL),
(461, 460, NULL, NULL, 1, NULL, 18.00, 0, NULL, NULL, NULL),
(464, 463, NULL, NULL, 1, NULL, 18.00, 0, NULL, NULL, NULL),
(467, 466, NULL, NULL, 1, NULL, 18.00, 0, NULL, NULL, NULL),
(470, 469, NULL, NULL, 1, NULL, 18.00, 0, NULL, NULL, NULL),
(473, 472, NULL, NULL, 1, NULL, 18.00, 0, NULL, NULL, NULL),
(476, 475, NULL, NULL, 1, NULL, 18.00, 0, NULL, NULL, NULL),
(479, 478, NULL, NULL, 1, NULL, 18.00, 0, NULL, NULL, NULL),
(482, 481, NULL, NULL, 1, NULL, 18.00, 0, NULL, NULL, NULL),
(485, 484, NULL, NULL, 1, NULL, 18.00, 0, NULL, NULL, NULL),
(488, 487, NULL, NULL, 1, NULL, 18.00, 0, NULL, NULL, NULL),
(491, 490, NULL, NULL, 1, NULL, 18.00, 0, NULL, NULL, NULL),
(494, 493, NULL, NULL, 1, NULL, 18.00, 0, NULL, NULL, NULL),
(497, 496, NULL, NULL, 1, NULL, 18.00, 0, NULL, NULL, NULL),
(500, 499, NULL, NULL, 1, NULL, 18.00, 0, NULL, NULL, NULL),
(503, 502, NULL, NULL, 1, NULL, 18.00, 0, NULL, NULL, NULL),
(506, 505, NULL, NULL, 1, NULL, 18.00, 0, NULL, NULL, NULL),
(509, 508, NULL, NULL, 1, NULL, 18.00, 0, NULL, NULL, NULL),
(512, 511, NULL, NULL, 1, NULL, 18.00, 0, NULL, NULL, NULL),
(515, 514, NULL, NULL, 1, NULL, 18.00, 0, NULL, NULL, NULL),
(518, 517, NULL, NULL, 1, NULL, 18.00, 0, NULL, NULL, NULL),
(521, 520, NULL, NULL, 1, NULL, 18.00, 0, NULL, NULL, NULL),
(524, 523, NULL, NULL, 1, NULL, 18.00, 0, NULL, NULL, NULL),
(527, 526, NULL, NULL, 1, NULL, 18.00, 0, NULL, NULL, NULL),
(530, 529, NULL, NULL, 1, NULL, 18.00, 0, NULL, NULL, NULL),
(533, 532, NULL, NULL, 1, NULL, 18.00, 0, NULL, NULL, NULL),
(536, 535, NULL, NULL, 1, NULL, 18.00, 0, NULL, NULL, NULL),
(539, 538, NULL, NULL, 1, NULL, 18.00, 0, NULL, NULL, NULL),
(542, 541, NULL, NULL, 1, NULL, 18.00, 0, NULL, NULL, NULL),
(557, 556, NULL, NULL, 1, NULL, 18.00, 0, NULL, NULL, NULL),
(560, 559, NULL, NULL, 1, NULL, 18.00, 0, NULL, NULL, NULL),
(563, 562, NULL, NULL, 1, NULL, 18.00, 0, NULL, NULL, NULL),
(590, 589, NULL, NULL, 0, NULL, 18.00, 0, NULL, NULL, NULL),
(593, 592, NULL, NULL, 0, NULL, NULL, 0, NULL, NULL, ''),
(596, 595, NULL, NULL, 1, NULL, NULL, 0, NULL, NULL, ''),
(599, 598, NULL, NULL, 0, NULL, 18.00, 0, NULL, NULL, NULL),
(602, 601, NULL, NULL, 0, NULL, NULL, 0, NULL, NULL, ''),
(605, 604, NULL, NULL, 0, NULL, NULL, 0, NULL, NULL, ''),
(629, 628, NULL, NULL, 0, NULL, 18.00, 0, NULL, NULL, NULL),
(634, 633, NULL, NULL, 0, NULL, 18.00, 0, NULL, NULL, NULL),
(637, 636, NULL, NULL, 1, NULL, 18.00, 0, NULL, NULL, NULL),
(640, 639, NULL, NULL, 1, NULL, 18.00, 0, NULL, NULL, NULL),
(646, 645, NULL, NULL, 1, NULL, 18.00, 0, NULL, NULL, NULL),
(649, 648, NULL, NULL, 1, NULL, 18.00, 0, NULL, NULL, NULL),
(652, 651, NULL, NULL, 1, NULL, 18.00, 0, NULL, NULL, NULL);

-- --------------------------------------------------------

--
-- Estructura de tabla para la tabla `Welcome_ic_self_employed_rel_address_contracts`
--

CREATE TABLE IF NOT EXISTS `Welcome_ic_self_employed_rel_address_contracts` (
  `id` int(11) NOT NULL AUTO_INCREMENT,
  `ic_self_employed_id` int(11) NOT NULL,
  `ic_address_contract_id` int(11) NOT NULL,
  PRIMARY KEY (`id`),
  UNIQUE KEY `ic_self_employed_id` (`ic_self_employed_id`,`ic_address_contract_id`),
  KEY `Welcome_ic_self_employed_rel_address_contracts_da7dce9e` (`ic_self_employed_id`),
  KEY `Welcome_ic_self_employed_rel_address_contracts_e60246de` (`ic_address_contract_id`)
) ENGINE=InnoDB  DEFAULT CHARSET=utf8 COLLATE=utf8_unicode_ci AUTO_INCREMENT=161 ;

--
-- Volcado de datos para la tabla `Welcome_ic_self_employed_rel_address_contracts`
--

INSERT INTO `Welcome_ic_self_employed_rel_address_contracts` (`id`, `ic_self_employed_id`, `ic_address_contract_id`) VALUES
(136, 32, 34),
(156, 43, 12),
(160, 602, 12),
(158, 605, 12);

-- --------------------------------------------------------

--
-- Estructura de tabla para la tabla `Welcome_ic_self_employed_rel_fees`
--

CREATE TABLE IF NOT EXISTS `Welcome_ic_self_employed_rel_fees` (
  `id` int(11) NOT NULL AUTO_INCREMENT,
  `ic_self_employed_id` int(11) NOT NULL,
  `fee_id` int(11) NOT NULL,
  PRIMARY KEY (`id`),
  UNIQUE KEY `ic_self_employed_id` (`ic_self_employed_id`,`fee_id`),
  KEY `Welcome_ic_self_employed_rel_fees_da7dce9e` (`ic_self_employed_id`),
  KEY `Welcome_ic_self_employed_rel_fees_5329f76d` (`fee_id`)
) ENGINE=InnoDB  DEFAULT CHARSET=utf8 COLLATE=utf8_unicode_ci AUTO_INCREMENT=185 ;

--
-- Volcado de datos para la tabla `Welcome_ic_self_employed_rel_fees`
--

INSERT INTO `Welcome_ic_self_employed_rel_fees` (`id`, `ic_self_employed_id`, `fee_id`) VALUES
(170, 32, 33),
(184, 43, 47);

-- --------------------------------------------------------

--
-- Estructura de tabla para la tabla `Welcome_ic_self_employed_rel_images`
--

CREATE TABLE IF NOT EXISTS `Welcome_ic_self_employed_rel_images` (
  `id` int(11) NOT NULL AUTO_INCREMENT,
  `ic_self_employed_id` int(11) NOT NULL,
  `image_id` int(11) NOT NULL,
  PRIMARY KEY (`id`),
  UNIQUE KEY `ic_self_employed_id` (`ic_self_employed_id`,`image_id`),
  KEY `Welcome_ic_self_employed_rel_images_da7dce9e` (`ic_self_employed_id`),
  KEY `Welcome_ic_self_employed_rel_images_06df7330` (`image_id`)
) ENGINE=InnoDB  DEFAULT CHARSET=utf8 COLLATE=utf8_unicode_ci AUTO_INCREMENT=41 ;

--
-- Volcado de datos para la tabla `Welcome_ic_self_employed_rel_images`
--

INSERT INTO `Welcome_ic_self_employed_rel_images` (`id`, `ic_self_employed_id`, `image_id`) VALUES
(39, 43, 4),
(40, 43, 5);

-- --------------------------------------------------------

--
-- Estructura de tabla para la tabla `Welcome_ic_self_employed_rel_insurances`
--

CREATE TABLE IF NOT EXISTS `Welcome_ic_self_employed_rel_insurances` (
  `id` int(11) NOT NULL AUTO_INCREMENT,
  `ic_self_employed_id` int(11) NOT NULL,
  `ic_insurance_id` int(11) NOT NULL,
  PRIMARY KEY (`id`),
  UNIQUE KEY `ic_self_employed_id` (`ic_self_employed_id`,`ic_insurance_id`),
  KEY `Welcome_ic_self_employed_rel_insurances_da7dce9e` (`ic_self_employed_id`),
  KEY `Welcome_ic_self_employed_rel_insurances_948dcf14` (`ic_insurance_id`)
) ENGINE=InnoDB  DEFAULT CHARSET=utf8 COLLATE=utf8_unicode_ci AUTO_INCREMENT=19 ;

--
-- Volcado de datos para la tabla `Welcome_ic_self_employed_rel_insurances`
--

INSERT INTO `Welcome_ic_self_employed_rel_insurances` (`id`, `ic_self_employed_id`, `ic_insurance_id`) VALUES
(18, 32, 35);

-- --------------------------------------------------------

--
-- Estructura de tabla para la tabla `Welcome_ic_self_employed_rel_licences`
--

CREATE TABLE IF NOT EXISTS `Welcome_ic_self_employed_rel_licences` (
  `id` int(11) NOT NULL AUTO_INCREMENT,
  `ic_self_employed_id` int(11) NOT NULL,
  `ic_licence_id` int(11) NOT NULL,
  PRIMARY KEY (`id`),
  UNIQUE KEY `ic_self_employed_id` (`ic_self_employed_id`,`ic_licence_id`),
  KEY `Welcome_ic_self_employed_rel_licences_da7dce9e` (`ic_self_employed_id`),
  KEY `Welcome_ic_self_employed_rel_licences_36f9f36d` (`ic_licence_id`)
) ENGINE=InnoDB  DEFAULT CHARSET=utf8 COLLATE=utf8_unicode_ci AUTO_INCREMENT=25 ;

--
-- Volcado de datos para la tabla `Welcome_ic_self_employed_rel_licences`
--

INSERT INTO `Welcome_ic_self_employed_rel_licences` (`id`, `ic_self_employed_id`, `ic_licence_id`) VALUES
(24, 32, 36);

-- --------------------------------------------------------

--
-- Estructura de tabla para la tabla `Welcome_ic_stallholder`
--

CREATE TABLE IF NOT EXISTS `Welcome_ic_stallholder` (
  `ic_self_employed_id` int(11) NOT NULL,
  `tent_type` varchar(5) COLLATE utf8_unicode_ci DEFAULT NULL,
  PRIMARY KEY (`ic_self_employed_id`)
) ENGINE=InnoDB DEFAULT CHARSET=utf8 COLLATE=utf8_unicode_ci;

--
-- Volcado de datos para la tabla `Welcome_ic_stallholder`
--

INSERT INTO `Welcome_ic_stallholder` (`ic_self_employed_id`, `tent_type`) VALUES
(542, 'cssss'),
(590, 'Carpa');

-- --------------------------------------------------------

--
-- Estructura de tabla para la tabla `Welcome_ic_type`
--

CREATE TABLE IF NOT EXISTS `Welcome_ic_type` (
  `id` int(11) NOT NULL AUTO_INCREMENT,
  `name` varchar(200) COLLATE utf8_unicode_ci NOT NULL,
  `description` longtext COLLATE utf8_unicode_ci NOT NULL,
  `parent_id` int(11) DEFAULT NULL,
  `lft` int(10) unsigned NOT NULL,
  `rght` int(10) unsigned NOT NULL,
  `tree_id` int(10) unsigned NOT NULL,
  `level` int(10) unsigned NOT NULL,
  `clas` varchar(200) COLLATE utf8_unicode_ci NOT NULL,
  PRIMARY KEY (`id`),
  UNIQUE KEY `name` (`name`),
  KEY `Welcome_ic_type_410d0aac` (`parent_id`),
  KEY `Welcome_ic_type_329f6fb3` (`lft`),
  KEY `Welcome_ic_type_e763210f` (`rght`),
  KEY `Welcome_ic_type_ba470c4a` (`tree_id`),
  KEY `Welcome_ic_type_20e079f4` (`level`)
) ENGINE=InnoDB  DEFAULT CHARSET=utf8 COLLATE=utf8_unicode_ci AUTO_INCREMENT=52 ;

--
-- Volcado de datos para la tabla `Welcome_ic_type`
--

INSERT INTO `Welcome_ic_type` (`id`, `name`, `description`, `parent_id`, `lft`, `rght`, `tree_id`, `level`, `clas`) VALUES
(1, 'Registre CI', '', NULL, 1, 82, 1, 0, 'iC_Record'),
(2, 'Forma de Pagament', '', NULL, 1, 16, 2, 0, ''),
(3, 'alta Soci CI', '', 4, 3, 10, 1, 2, 'iC_Membership'),
(4, 'Alta de Membre', '', 1, 2, 17, 1, 1, ''),
(5, 'alta Proj. Autoocupat', '', 4, 11, 14, 1, 2, 'iC_Self_Employed'),
(6, 'Document CI', '', 1, 18, 31, 1, 1, 'iC_Document'),
(7, 'alta Soci Coop. Individual', '', 3, 4, 5, 1, 3, 'iC_Person_Membership'),
(8, 'alta Proj. Col·lectiu', '', 3, 6, 7, 1, 3, 'iC_Project_Membership'),
(9, 'alta Proj. Públic', '', 3, 8, 9, 1, 3, ''),
(10, 'alta Soci Afí Individual', '', 4, 15, 16, 1, 2, 'iC_Akin_Membership'),
(11, 'alta Proj. Firaire', '', 5, 12, 13, 1, 3, 'iC_Stallholder'),
(13, 'Contracte d''Adreça', '', 6, 19, 24, 1, 2, 'iC_Address_Contract'),
(14, 'Llicència d''activitat', '', 6, 25, 26, 1, 2, 'iC_Licence'),
(15, 'Assegurança soci', '', 6, 27, 28, 1, 2, 'iC_Insurance'),
(16, 'Contracte Laboral', '', 6, 29, 30, 1, 2, 'iC_Labor_Contract'),
(17, 'Quota', '', 1, 32, 67, 1, 1, 'Fee'),
(18, 'quota d''Alta', '', 17, 33, 46, 1, 2, 'join_fee'),
(19, 'quota Trimestral', '', 17, 47, 56, 1, 2, 'quarterly_fee'),
(20, 'pagament en Moneda Social', '', 26, 9, 10, 2, 2, ''),
(21, 'pagament amb Hores de Treball', '', 26, 13, 14, 2, 2, ''),
(22, 'pagament amb Criptomoneda', '', 2, 2, 3, 2, 1, ''),
(23, 'pagament en Metàl·lic', '', 26, 11, 12, 2, 2, ''),
(24, 'pagament per Transferència Bancària', '', 2, 4, 5, 2, 1, ''),
(25, 'pagament fent Ingrés al Banc', '', 2, 6, 7, 2, 1, ''),
(26, 'pagament presencial', '', 2, 8, 15, 2, 1, 'face-to-face'),
(27, 'contracte de Lloguer', '', 13, 20, 21, 1, 3, ''),
(28, 'contracte de Cessió', '', 13, 22, 23, 1, 3, ''),
(29, 'quota 1T', '', 19, 48, 49, 1, 3, ''),
(30, 'quota 2T', '', 19, 50, 51, 1, 3, ''),
(31, 'quota 3T', '', 19, 52, 53, 1, 3, ''),
(32, 'Sessió / Formació', '', 1, 68, 73, 1, 1, 'Learn_Session'),
(33, 'reg Sessió d''Acollida', '', 32, 69, 70, 1, 2, 'welcome_session'),
(34, 'reg Sessió MonedaSocial', '', 32, 71, 72, 1, 2, 'socialcoin_session'),
(35, 'quota alta Individual (Moneda Fiat)', '', 18, 34, 35, 1, 3, '(30-euro) individual'),
(36, 'quota alta Col·lectiva (Moneda Fiat)', '', 18, 36, 37, 1, 3, '(60-euro) collective'),
(37, 'quota 4T', '', 19, 54, 55, 1, 3, ''),
(38, 'Tipus parada firaire', '', 1, 74, 81, 1, 1, 'tent_type'),
(39, 'Sense carpa', '', 38, 75, 76, 1, 2, ''),
(41, 'Quota Avançada', '', 17, 57, 66, 1, 2, 'advanced_fee'),
(42, 'Carpa metall', '', 38, 77, 78, 1, 2, ''),
(43, 'Carpa fusta', '', 38, 79, 80, 1, 2, ''),
(44, 'quota Trimestral Individual (Moneda fiat)', '', 41, 58, 59, 1, 3, '(45-euro) quarterly_ind'),
(45, 'quota Trimestral Col·lectiva (Moneda social)', '', 41, 60, 61, 1, 3, '(90-euro) quarterly_col'),
(46, 'quota alta Individual (Moneda social)', '', 18, 38, 39, 1, 3, '(30-ecos)'),
(47, 'quota alta Col·lectiva (Moneda social)', '', 18, 40, 41, 1, 3, '(60-ecos)'),
(48, 'quota alta Individual (Hores Treball)', '', 18, 42, 43, 1, 3, '(6-hores)'),
(49, 'quota alta Col·lectiva (Hores Treball)', '', 18, 44, 45, 1, 3, '(12-hores)'),
(50, 'quota Trimestral Individual (Moneda social)', '', 41, 62, 63, 1, 3, '45 ecos'),
(51, 'quota Trimestral Col·lectiva (Moneda fiat)', '', 41, 64, 65, 1, 3, '90-euro');

-- --------------------------------------------------------

--
-- Estructura de tabla para la tabla `Welcome_learn_session`
--

CREATE TABLE IF NOT EXISTS `Welcome_learn_session` (
  `ic_record_ptr_id` int(11) NOT NULL,
  `nonmaterial_id` int(11) NOT NULL,
  `facilitator_id` int(11) DEFAULT NULL,
  `datetime` datetime DEFAULT NULL,
  `duration` time NOT NULL,
  `address_id` int(11) DEFAULT NULL,
  PRIMARY KEY (`ic_record_ptr_id`),
  KEY `Welcome_learn_session_c510079f` (`nonmaterial_id`),
  KEY `Welcome_learn_session_024adddb` (`facilitator_id`),
  KEY `Welcome_learn_session_3ac8a70a` (`address_id`)
) ENGINE=InnoDB DEFAULT CHARSET=utf8 COLLATE=utf8_unicode_ci;

--
-- Volcado de datos para la tabla `Welcome_learn_session`
--

INSERT INTO `Welcome_learn_session` (`ic_record_ptr_id`, `nonmaterial_id`, `facilitator_id`, `datetime`, `duration`, `address_id`) VALUES
(238, 1, 4, '2014-09-13 13:28:38', '01:00:00', 2),
(241, 1, 4, '2014-09-13 14:57:33', '01:00:00', 2),
(242, 1, 4, '2014-09-14 15:00:34', '01:00:00', 2),
(243, 1, 18, '2014-09-16 15:15:03', '01:00:00', 8),
(245, 1, 18, '2014-09-19 15:19:17', '01:00:00', 9),
(246, 1, 4, '2014-09-28 15:20:14', '01:00:00', 4),
(247, 1, 18, '2014-09-30 15:20:42', '01:00:00', 3),
(248, 1, 4, '2014-10-09 15:21:18', '01:00:00', 5),
(608, 2, 4, '2014-09-24 18:06:45', '18:06:46', 3);

-- --------------------------------------------------------

--
-- Estructura de tabla para la tabla `Welcome_learn_session_assistants`
--

CREATE TABLE IF NOT EXISTS `Welcome_learn_session_assistants` (
  `id` int(11) NOT NULL AUTO_INCREMENT,
  `learn_session_id` int(11) NOT NULL,
  `human_id` int(11) NOT NULL,
  PRIMARY KEY (`id`),
  UNIQUE KEY `learn_session_id` (`learn_session_id`,`human_id`),
  KEY `Welcome_learn_session_assistants_4f40a5ce` (`learn_session_id`),
  KEY `Welcome_learn_session_assistants_6922ec88` (`human_id`)
) ENGINE=InnoDB  DEFAULT CHARSET=utf8 COLLATE=utf8_unicode_ci AUTO_INCREMENT=126 ;

--
-- Volcado de datos para la tabla `Welcome_learn_session_assistants`
--

INSERT INTO `Welcome_learn_session_assistants` (`id`, `learn_session_id`, `human_id`) VALUES
(3, 238, 162),
(71, 241, 227),
(72, 241, 229),
(68, 242, 229),
(28, 248, 80),
(31, 248, 99),
(5, 248, 160),
(1, 248, 161),
(2, 248, 162),
(4, 248, 163),
(6, 248, 164),
(7, 248, 165),
(8, 248, 166),
(9, 248, 167),
(11, 248, 168),
(10, 248, 169),
(12, 248, 170),
(13, 248, 172),
(14, 248, 173),
(15, 248, 174),
(16, 248, 175),
(17, 248, 176),
(19, 248, 177),
(18, 248, 178),
(20, 248, 179),
(21, 248, 180),
(22, 248, 181),
(23, 248, 182),
(24, 248, 183),
(25, 248, 184),
(26, 248, 185),
(27, 248, 186),
(29, 248, 187),
(30, 248, 189),
(32, 248, 190),
(33, 248, 191),
(34, 248, 192),
(38, 248, 193),
(35, 248, 194),
(37, 248, 195),
(36, 248, 196),
(39, 248, 197),
(46, 248, 198),
(40, 248, 199),
(41, 248, 200),
(42, 248, 201),
(43, 248, 202),
(44, 248, 203),
(45, 248, 204),
(47, 248, 205),
(48, 248, 206),
(49, 248, 207),
(50, 248, 208),
(51, 248, 209),
(52, 248, 210),
(53, 248, 211),
(54, 248, 212),
(55, 248, 213),
(56, 248, 216),
(57, 248, 221),
(59, 248, 222),
(58, 248, 223),
(61, 248, 224),
(62, 248, 225),
(63, 248, 226),
(64, 248, 227),
(65, 248, 228),
(66, 248, 229),
(79, 248, 230),
(81, 248, 231),
(80, 248, 232),
(82, 248, 234),
(83, 248, 236),
(84, 248, 238),
(85, 248, 246),
(86, 248, 249),
(87, 248, 251),
(122, 248, 254),
(123, 248, 256),
(124, 248, 258),
(125, 248, 260),
(120, 608, 228),
(121, 608, 229),
(117, 608, 249),
(118, 608, 250),
(119, 608, 251);

-- --------------------------------------------------------

--
-- Estructura de tabla para la tabla `Welcome_payment_type`
--

CREATE TABLE IF NOT EXISTS `Welcome_payment_type` (
  `ic_type_id` int(11) NOT NULL,
  PRIMARY KEY (`ic_type_id`)
) ENGINE=InnoDB DEFAULT CHARSET=utf8 COLLATE=utf8_unicode_ci;

--
-- Volcado de datos para la tabla `Welcome_payment_type`
--

INSERT INTO `Welcome_payment_type` (`ic_type_id`) VALUES
(20),
(21),
(22),
(23),
(24),
(25),
(26);

-- --------------------------------------------------------

--
-- Estructura de tabla para la tabla `Welcome_project_accompaniment`
--

CREATE TABLE IF NOT EXISTS `Welcome_project_accompaniment` (
  `ic_record_ptr_id` int(11) NOT NULL,
  `human_id` int(11) NOT NULL,
  `situation` longtext COLLATE utf8_unicode_ci NOT NULL,
  `needs` longtext COLLATE utf8_unicode_ci NOT NULL,
  `petitioner_id` int(11) DEFAULT NULL,
  `petition` longtext COLLATE utf8_unicode_ci NOT NULL,
  `facilitator_id` int(11) DEFAULT NULL,
  PRIMARY KEY (`ic_record_ptr_id`),
  KEY `Welcome_project_accompaniment_6922ec88` (`human_id`),
  KEY `Welcome_project_accompaniment_45430575` (`petitioner_id`),
  KEY `Welcome_project_accompaniment_024adddb` (`facilitator_id`)
) ENGINE=InnoDB DEFAULT CHARSET=utf8 COLLATE=utf8_unicode_ci;

--
-- Restricciones para tablas volcadas
--

--
-- Filtros para la tabla `auth_group_permissions`
--
ALTER TABLE `auth_group_permissions`
  ADD CONSTRAINT `group_id_refs_id_f4b32aac` FOREIGN KEY (`group_id`) REFERENCES `auth_group` (`id`),
  ADD CONSTRAINT `permission_id_refs_id_6ba0f519` FOREIGN KEY (`permission_id`) REFERENCES `auth_permission` (`id`);

--
-- Filtros para la tabla `auth_permission`
--
ALTER TABLE `auth_permission`
  ADD CONSTRAINT `content_type_id_refs_id_d043b34a` FOREIGN KEY (`content_type_id`) REFERENCES `django_content_type` (`id`);

--
-- Filtros para la tabla `auth_user_groups`
--
ALTER TABLE `auth_user_groups`
  ADD CONSTRAINT `group_id_refs_id_274b862c` FOREIGN KEY (`group_id`) REFERENCES `auth_group` (`id`),
  ADD CONSTRAINT `user_id_refs_id_40c41112` FOREIGN KEY (`user_id`) REFERENCES `auth_user` (`id`);

--
-- Filtros para la tabla `auth_user_user_permissions`
--
ALTER TABLE `auth_user_user_permissions`
  ADD CONSTRAINT `permission_id_refs_id_35d9ac25` FOREIGN KEY (`permission_id`) REFERENCES `auth_permission` (`id`),
  ADD CONSTRAINT `user_id_refs_id_4dc23c39` FOREIGN KEY (`user_id`) REFERENCES `auth_user` (`id`);

--
-- Filtros para la tabla `csvimport_importmodel`
--
ALTER TABLE `csvimport_importmodel`
  ADD CONSTRAINT `csvimport_id_refs_id_a4b08305` FOREIGN KEY (`csvimport_id`) REFERENCES `csvimport_csvimport` (`id`);

--
-- Filtros para la tabla `django_admin_log`
--
ALTER TABLE `django_admin_log`
  ADD CONSTRAINT `content_type_id_refs_id_93d2d1f8` FOREIGN KEY (`content_type_id`) REFERENCES `django_content_type` (`id`),
  ADD CONSTRAINT `user_id_refs_id_c0d12874` FOREIGN KEY (`user_id`) REFERENCES `auth_user` (`id`);

--
-- Filtros para la tabla `General_accountbank`
--
ALTER TABLE `General_accountbank`
  ADD CONSTRAINT `company_id_refs_human_id_466f5e8e` FOREIGN KEY (`company_id`) REFERENCES `General_company` (`human_id`),
  ADD CONSTRAINT `human_id_refs_id_d6164342` FOREIGN KEY (`human_id`) REFERENCES `General_human` (`id`),
  ADD CONSTRAINT `record_id_refs_id_a20996dc` FOREIGN KEY (`record_id`) REFERENCES `General_record` (`id`),
  ADD CONSTRAINT `unit_id_refs_id_e5728480` FOREIGN KEY (`unit_id`) REFERENCES `General_unit` (`id`);

--
-- Filtros para la tabla `General_accountces`
--
ALTER TABLE `General_accountces`
  ADD CONSTRAINT `entity_id_refs_human_id_935d5d48` FOREIGN KEY (`entity_id`) REFERENCES `General_project` (`human_id`),
  ADD CONSTRAINT `human_id_refs_id_da305fb3` FOREIGN KEY (`human_id`) REFERENCES `General_human` (`id`),
  ADD CONSTRAINT `record_id_refs_id_2286902b` FOREIGN KEY (`record_id`) REFERENCES `General_record` (`id`),
  ADD CONSTRAINT `unit_id_refs_id_07a72ac8` FOREIGN KEY (`unit_id`) REFERENCES `General_unit` (`id`);

--
-- Filtros para la tabla `General_accountcrypto`
--
ALTER TABLE `General_accountcrypto`
  ADD CONSTRAINT `human_id_refs_id_77c8ab2d` FOREIGN KEY (`human_id`) REFERENCES `General_human` (`id`),
  ADD CONSTRAINT `record_id_refs_id_023b3440` FOREIGN KEY (`record_id`) REFERENCES `General_record` (`id`),
  ADD CONSTRAINT `unit_id_refs_id_d51cdeac` FOREIGN KEY (`unit_id`) REFERENCES `General_unit` (`id`);

--
-- Filtros para la tabla `General_address`
--
ALTER TABLE `General_address`
  ADD CONSTRAINT `address_type_id_refs_space_type_id_54ad4544` FOREIGN KEY (`address_type_id`) REFERENCES `General_address_type` (`space_type_id`),
  ADD CONSTRAINT `region_id_refs_id_c1ad246c` FOREIGN KEY (`region_id`) REFERENCES `General_region` (`id`),
  ADD CONSTRAINT `size_unit_id_refs_id_68083e30` FOREIGN KEY (`size_unit_id`) REFERENCES `General_unit` (`id`);

--
-- Filtros para la tabla `General_address_jobs`
--
ALTER TABLE `General_address_jobs`
  ADD CONSTRAINT `address_id_refs_id_b5c5216e` FOREIGN KEY (`address_id`) REFERENCES `General_address` (`id`),
  ADD CONSTRAINT `job_id_refs_id_89cfbedd` FOREIGN KEY (`job_id`) REFERENCES `General_job` (`id`);

--
-- Filtros para la tabla `General_address_type`
--
ALTER TABLE `General_address_type`
  ADD CONSTRAINT `space_type_id_refs_typ_id_9112582a` FOREIGN KEY (`space_type_id`) REFERENCES `General_space_type` (`typ_id`);

--
-- Filtros para la tabla `General_artwork_type`
--
ALTER TABLE `General_artwork_type`
  ADD CONSTRAINT `typ_id_refs_id_37a269e1` FOREIGN KEY (`typ_id`) REFERENCES `General_type` (`id`);

--
-- Filtros para la tabla `General_asset`
--
ALTER TABLE `General_asset`
  ADD CONSTRAINT `human_id_refs_id_cbd3fba4` FOREIGN KEY (`human_id`) REFERENCES `General_human` (`id`),
  ADD CONSTRAINT `material_id_refs_id_a349c1f5` FOREIGN KEY (`material_id`) REFERENCES `General_material` (`id`);

--
-- Filtros para la tabla `General_being_type`
--
ALTER TABLE `General_being_type`
  ADD CONSTRAINT `typ_id_refs_id_8745a66c` FOREIGN KEY (`typ_id`) REFERENCES `General_type` (`id`);

--
-- Filtros para la tabla `General_company`
--
ALTER TABLE `General_company`
  ADD CONSTRAINT `company_type_id_refs_being_type_id_24e786ac` FOREIGN KEY (`company_type_id`) REFERENCES `General_company_type` (`being_type_id`),
  ADD CONSTRAINT `human_id_refs_id_ae2f98d3` FOREIGN KEY (`human_id`) REFERENCES `General_human` (`id`);

--
-- Filtros para la tabla `General_company_type`
--
ALTER TABLE `General_company_type`
  ADD CONSTRAINT `being_type_id_refs_typ_id_f04123a9` FOREIGN KEY (`being_type_id`) REFERENCES `General_being_type` (`typ_id`);

--
-- Filtros para la tabla `General_image`
--
ALTER TABLE `General_image`
  ADD CONSTRAINT `nonmaterial_id_refs_id_c84188d9` FOREIGN KEY (`nonmaterial_id`) REFERENCES `General_nonmaterial` (`id`);

--
-- Filtros para la tabla `General_job`
--
ALTER TABLE `General_job`
  ADD CONSTRAINT `parent_id_refs_id_a2f76742` FOREIGN KEY (`parent_id`) REFERENCES `General_job` (`id`);

--
-- Filtros para la tabla `General_material`
--
ALTER TABLE `General_material`
  ADD CONSTRAINT `material_type_id_refs_artwork_type_id_c95cd6a1` FOREIGN KEY (`material_type_id`) REFERENCES `General_material_type` (`artwork_type_id`);

--
-- Filtros para la tabla `General_material_type`
--
ALTER TABLE `General_material_type`
  ADD CONSTRAINT `artwork_type_id_refs_typ_id_416409e2` FOREIGN KEY (`artwork_type_id`) REFERENCES `General_artwork_type` (`typ_id`);

--
-- Filtros para la tabla `General_nonmaterial`
--
ALTER TABLE `General_nonmaterial`
  ADD CONSTRAINT `nonmaterial_type_id_refs_artwork_type_id_185071f1` FOREIGN KEY (`nonmaterial_type_id`) REFERENCES `General_nonmaterial_type` (`artwork_type_id`);

--
-- Filtros para la tabla `General_nonmaterial_type`
--
ALTER TABLE `General_nonmaterial_type`
  ADD CONSTRAINT `artwork_type_id_refs_typ_id_5702be87` FOREIGN KEY (`artwork_type_id`) REFERENCES `General_artwork_type` (`typ_id`);

--
-- Filtros para la tabla `General_project_type`
--
ALTER TABLE `General_project_type`
  ADD CONSTRAINT `being_type_id_refs_typ_id_a90a2e07` FOREIGN KEY (`being_type_id`) REFERENCES `General_being_type` (`typ_id`);

--
-- Filtros para la tabla `General_record`
--
ALTER TABLE `General_record`
  ADD CONSTRAINT `record_type_id_refs_artwork_type_id_bf922724` FOREIGN KEY (`record_type_id`) REFERENCES `General_record_type` (`artwork_type_id`);

--
-- Filtros para la tabla `General_record_type`
--
ALTER TABLE `General_record_type`
  ADD CONSTRAINT `artwork_type_id_refs_typ_id_18d309fa` FOREIGN KEY (`artwork_type_id`) REFERENCES `General_artwork_type` (`typ_id`);

--
-- Filtros para la tabla `General_region`
--
ALTER TABLE `General_region`
  ADD CONSTRAINT `parent_id_refs_id_d0933889` FOREIGN KEY (`parent_id`) REFERENCES `General_region` (`id`),
  ADD CONSTRAINT `region_type_id_refs_space_type_id_64b2d605` FOREIGN KEY (`region_type_id`) REFERENCES `General_region_type` (`space_type_id`);

--
-- Filtros para la tabla `General_region_type`
--
ALTER TABLE `General_region_type`
  ADD CONSTRAINT `space_type_id_refs_typ_id_723b7251` FOREIGN KEY (`space_type_id`) REFERENCES `General_space_type` (`typ_id`);

--
-- Filtros para la tabla `General_relation`
--
ALTER TABLE `General_relation`
  ADD CONSTRAINT `parent_id_refs_id_f04fb9fe` FOREIGN KEY (`parent_id`) REFERENCES `General_relation` (`id`);

--
-- Filtros para la tabla `General_rel_human_addresses`
--
ALTER TABLE `General_rel_human_addresses`
  ADD CONSTRAINT `address_id_refs_id_10b91208` FOREIGN KEY (`address_id`) REFERENCES `General_address` (`id`),
  ADD CONSTRAINT `human_id_refs_id_7504d2e7` FOREIGN KEY (`human_id`) REFERENCES `General_human` (`id`),
  ADD CONSTRAINT `relation_id_refs_id_2f3eeaff` FOREIGN KEY (`relation_id`) REFERENCES `General_relation` (`id`);

--
-- Filtros para la tabla `General_rel_human_companies`
--
ALTER TABLE `General_rel_human_companies`
  ADD CONSTRAINT `company_id_refs_human_id_71dbec55` FOREIGN KEY (`company_id`) REFERENCES `General_company` (`human_id`),
  ADD CONSTRAINT `human_id_refs_id_e5fc194f` FOREIGN KEY (`human_id`) REFERENCES `General_human` (`id`),
  ADD CONSTRAINT `relation_id_refs_id_e6d593f3` FOREIGN KEY (`relation_id`) REFERENCES `General_relation` (`id`);

--
-- Filtros para la tabla `General_rel_human_jobs`
--
ALTER TABLE `General_rel_human_jobs`
  ADD CONSTRAINT `human_id_refs_id_e1b3b25a` FOREIGN KEY (`human_id`) REFERENCES `General_human` (`id`),
  ADD CONSTRAINT `job_id_refs_id_8fcd99c8` FOREIGN KEY (`job_id`) REFERENCES `General_job` (`id`),
  ADD CONSTRAINT `relation_id_refs_id_6bff0d33` FOREIGN KEY (`relation_id`) REFERENCES `General_relation` (`id`);

--
-- Filtros para la tabla `General_rel_human_materials`
--
ALTER TABLE `General_rel_human_materials`
  ADD CONSTRAINT `human_id_refs_id_27a27746` FOREIGN KEY (`human_id`) REFERENCES `General_human` (`id`),
  ADD CONSTRAINT `material_id_refs_id_096e6125` FOREIGN KEY (`material_id`) REFERENCES `General_material` (`id`),
  ADD CONSTRAINT `relation_id_refs_id_a156018f` FOREIGN KEY (`relation_id`) REFERENCES `General_relation` (`id`);

--
-- Filtros para la tabla `General_rel_human_nonmaterials`
--
ALTER TABLE `General_rel_human_nonmaterials`
  ADD CONSTRAINT `human_id_refs_id_fa4695a7` FOREIGN KEY (`human_id`) REFERENCES `General_human` (`id`),
  ADD CONSTRAINT `nonmaterial_id_refs_id_9eb375a4` FOREIGN KEY (`nonmaterial_id`) REFERENCES `General_nonmaterial` (`id`),
  ADD CONSTRAINT `relation_id_refs_id_759394a9` FOREIGN KEY (`relation_id`) REFERENCES `General_relation` (`id`);

--
-- Filtros para la tabla `General_rel_human_persons`
--
ALTER TABLE `General_rel_human_persons`
  ADD CONSTRAINT `human_id_refs_id_0f3df09c` FOREIGN KEY (`human_id`) REFERENCES `General_human` (`id`),
  ADD CONSTRAINT `person_id_refs_human_id_c2292566` FOREIGN KEY (`person_id`) REFERENCES `General_person` (`human_id`),
  ADD CONSTRAINT `relation_id_refs_id_4d87a191` FOREIGN KEY (`relation_id`) REFERENCES `General_relation` (`id`);

--
-- Filtros para la tabla `General_rel_human_projects`
--
ALTER TABLE `General_rel_human_projects`
  ADD CONSTRAINT `human_id_refs_id_a037337f` FOREIGN KEY (`human_id`) REFERENCES `General_human` (`id`),
  ADD CONSTRAINT `project_id_refs_human_id_ff302cd2` FOREIGN KEY (`project_id`) REFERENCES `General_project` (`human_id`),
  ADD CONSTRAINT `relation_id_refs_id_ba34c004` FOREIGN KEY (`relation_id`) REFERENCES `General_relation` (`id`);

--
-- Filtros para la tabla `General_rel_human_records`
--
ALTER TABLE `General_rel_human_records`
  ADD CONSTRAINT `human_id_refs_id_4b3e025c` FOREIGN KEY (`human_id`) REFERENCES `General_human` (`id`),
  ADD CONSTRAINT `record_id_refs_id_9dc62d11` FOREIGN KEY (`record_id`) REFERENCES `General_record` (`id`),
  ADD CONSTRAINT `relation_id_refs_id_f06466de` FOREIGN KEY (`relation_id`) REFERENCES `General_relation` (`id`);

--
-- Filtros para la tabla `General_rel_human_regions`
--
ALTER TABLE `General_rel_human_regions`
  ADD CONSTRAINT `human_id_refs_id_aff17d88` FOREIGN KEY (`human_id`) REFERENCES `General_human` (`id`),
  ADD CONSTRAINT `region_id_refs_id_5965961e` FOREIGN KEY (`region_id`) REFERENCES `General_region` (`id`),
  ADD CONSTRAINT `relation_id_refs_id_2f9e896a` FOREIGN KEY (`relation_id`) REFERENCES `General_relation` (`id`);

--
-- Filtros para la tabla `General_rel_material_addresses`
--
ALTER TABLE `General_rel_material_addresses`
  ADD CONSTRAINT `address_id_refs_id_705aef0e` FOREIGN KEY (`address_id`) REFERENCES `General_address` (`id`),
  ADD CONSTRAINT `material_id_refs_id_bbaf7619` FOREIGN KEY (`material_id`) REFERENCES `General_material` (`id`),
  ADD CONSTRAINT `relation_id_refs_id_ef8a49fc` FOREIGN KEY (`relation_id`) REFERENCES `General_relation` (`id`);

--
-- Filtros para la tabla `General_rel_material_jobs`
--
ALTER TABLE `General_rel_material_jobs`
  ADD CONSTRAINT `job_id_refs_id_9d643e60` FOREIGN KEY (`job_id`) REFERENCES `General_job` (`id`),
  ADD CONSTRAINT `material_id_refs_id_619f712c` FOREIGN KEY (`material_id`) REFERENCES `General_material` (`id`),
  ADD CONSTRAINT `relation_id_refs_id_16536571` FOREIGN KEY (`relation_id`) REFERENCES `General_relation` (`id`);

--
-- Filtros para la tabla `General_rel_material_materials`
--
ALTER TABLE `General_rel_material_materials`
  ADD CONSTRAINT `material2_id_refs_id_2740db72` FOREIGN KEY (`material2_id`) REFERENCES `General_material` (`id`),
  ADD CONSTRAINT `material_id_refs_id_2740db72` FOREIGN KEY (`material_id`) REFERENCES `General_material` (`id`),
  ADD CONSTRAINT `relation_id_refs_id_bab781c4` FOREIGN KEY (`relation_id`) REFERENCES `General_relation` (`id`);

--
-- Filtros para la tabla `General_rel_material_nonmaterials`
--
ALTER TABLE `General_rel_material_nonmaterials`
  ADD CONSTRAINT `material_id_refs_id_dd74c330` FOREIGN KEY (`material_id`) REFERENCES `General_material` (`id`),
  ADD CONSTRAINT `nonmaterial_id_refs_id_65ad546f` FOREIGN KEY (`nonmaterial_id`) REFERENCES `General_nonmaterial` (`id`),
  ADD CONSTRAINT `relation_id_refs_id_b7f51b83` FOREIGN KEY (`relation_id`) REFERENCES `General_relation` (`id`);

--
-- Filtros para la tabla `General_rel_material_records`
--
ALTER TABLE `General_rel_material_records`
  ADD CONSTRAINT `material_id_refs_id_0f893e3c` FOREIGN KEY (`material_id`) REFERENCES `General_material` (`id`),
  ADD CONSTRAINT `record_id_refs_id_2ce02938` FOREIGN KEY (`record_id`) REFERENCES `General_record` (`id`),
  ADD CONSTRAINT `relation_id_refs_id_c378f6c7` FOREIGN KEY (`relation_id`) REFERENCES `General_relation` (`id`);

--
-- Filtros para la tabla `General_rel_nonmaterial_addresses`
--
ALTER TABLE `General_rel_nonmaterial_addresses`
  ADD CONSTRAINT `address_id_refs_id_7fe0517a` FOREIGN KEY (`address_id`) REFERENCES `General_address` (`id`),
  ADD CONSTRAINT `nonmaterial_id_refs_id_1bb0b026` FOREIGN KEY (`nonmaterial_id`) REFERENCES `General_nonmaterial` (`id`),
  ADD CONSTRAINT `relation_id_refs_id_50c1c3d8` FOREIGN KEY (`relation_id`) REFERENCES `General_relation` (`id`);

--
-- Filtros para la tabla `General_rel_nonmaterial_jobs`
--
ALTER TABLE `General_rel_nonmaterial_jobs`
  ADD CONSTRAINT `job_id_refs_id_32aeb4f3` FOREIGN KEY (`job_id`) REFERENCES `General_job` (`id`),
  ADD CONSTRAINT `nonmaterial_id_refs_id_8a14fd3c` FOREIGN KEY (`nonmaterial_id`) REFERENCES `General_nonmaterial` (`id`),
  ADD CONSTRAINT `relation_id_refs_id_3a8d4d6d` FOREIGN KEY (`relation_id`) REFERENCES `General_relation` (`id`);

--
-- Filtros para la tabla `General_rel_nonmaterial_nonmaterials`
--
ALTER TABLE `General_rel_nonmaterial_nonmaterials`
  ADD CONSTRAINT `nonmaterial2_id_refs_id_872f31c6` FOREIGN KEY (`nonmaterial2_id`) REFERENCES `General_nonmaterial` (`id`),
  ADD CONSTRAINT `nonmaterial_id_refs_id_872f31c6` FOREIGN KEY (`nonmaterial_id`) REFERENCES `General_nonmaterial` (`id`),
  ADD CONSTRAINT `relation_id_refs_id_98ed753a` FOREIGN KEY (`relation_id`) REFERENCES `General_relation` (`id`);

--
-- Filtros para la tabla `General_rel_nonmaterial_records`
--
ALTER TABLE `General_rel_nonmaterial_records`
  ADD CONSTRAINT `nonmaterial_id_refs_id_eba277fb` FOREIGN KEY (`nonmaterial_id`) REFERENCES `General_nonmaterial` (`id`),
  ADD CONSTRAINT `record_id_refs_id_9f9268bf` FOREIGN KEY (`record_id`) REFERENCES `General_record` (`id`),
  ADD CONSTRAINT `relation_id_refs_id_bab73c08` FOREIGN KEY (`relation_id`) REFERENCES `General_relation` (`id`);

--
-- Filtros para la tabla `General_space_type`
--
ALTER TABLE `General_space_type`
  ADD CONSTRAINT `typ_id_refs_id_5dcfea05` FOREIGN KEY (`typ_id`) REFERENCES `General_type` (`id`);

--
-- Filtros para la tabla `General_type`
--
ALTER TABLE `General_type`
  ADD CONSTRAINT `parent_id_refs_id_4c09e283` FOREIGN KEY (`parent_id`) REFERENCES `General_type` (`id`);

--
-- Filtros para la tabla `General_unit`
--
ALTER TABLE `General_unit`
  ADD CONSTRAINT `human_id_refs_id_5eaaaa15` FOREIGN KEY (`human_id`) REFERENCES `General_human` (`id`),
  ADD CONSTRAINT `region_id_refs_id_c4f5f71c` FOREIGN KEY (`region_id`) REFERENCES `General_region` (`id`),
  ADD CONSTRAINT `unit_type_id_refs_artwork_type_id_5cc88dc7` FOREIGN KEY (`unit_type_id`) REFERENCES `General_unit_type` (`artwork_type_id`);

--
-- Filtros para la tabla `General_unitratio`
--
ALTER TABLE `General_unitratio`
  ADD CONSTRAINT `in_unit_id_refs_id_e045a3a5` FOREIGN KEY (`in_unit_id`) REFERENCES `General_unit` (`id`),
  ADD CONSTRAINT `out_unit_id_refs_id_e045a3a5` FOREIGN KEY (`out_unit_id`) REFERENCES `General_unit` (`id`),
  ADD CONSTRAINT `record_id_refs_id_e333dd70` FOREIGN KEY (`record_id`) REFERENCES `General_record` (`id`);

--
-- Filtros para la tabla `General_unit_type`
--
ALTER TABLE `General_unit_type`
  ADD CONSTRAINT `artwork_type_id_refs_typ_id_0b70a72e` FOREIGN KEY (`artwork_type_id`) REFERENCES `General_artwork_type` (`typ_id`);

--
-- Filtros para la tabla `Invoices_type`
--
ALTER TABLE `Invoices_type`
  ADD CONSTRAINT `parent_id_refs_id_02569410` FOREIGN KEY (`parent_id`) REFERENCES `Invoices_type` (`id`);

--
-- Filtros para la tabla `public_form_registrationprofile`
--
ALTER TABLE `public_form_registrationprofile`
  ADD CONSTRAINT `person_id_refs_human_id_ae1bbdf6` FOREIGN KEY (`person_id`) REFERENCES `General_person` (`human_id`),
  ADD CONSTRAINT `project_id_refs_human_id_62b3141c` FOREIGN KEY (`project_id`) REFERENCES `General_project` (`human_id`),
  ADD CONSTRAINT `record_type_id_refs_ic_type_id_576eb0fe` FOREIGN KEY (`record_type_id`) REFERENCES `Welcome_ic_record_type` (`ic_type_id`),
  ADD CONSTRAINT `user_id_refs_id_f6d62eb5` FOREIGN KEY (`user_id`) REFERENCES `auth_user` (`id`);

--
-- Filtros para la tabla `Welcome_fee`
--
ALTER TABLE `Welcome_fee`
  ADD CONSTRAINT `human_id_refs_id_3c3445f1` FOREIGN KEY (`human_id`) REFERENCES `General_human` (`id`),
  ADD CONSTRAINT `ic_record_id_refs_id_fb734d90` FOREIGN KEY (`ic_record_id`) REFERENCES `Welcome_ic_record` (`id`),
  ADD CONSTRAINT `payment_type_id_refs_ic_type_id_c8bafb66` FOREIGN KEY (`payment_type_id`) REFERENCES `Welcome_payment_type` (`ic_type_id`),
  ADD CONSTRAINT `project_id_refs_human_id_028a3357` FOREIGN KEY (`project_id`) REFERENCES `General_project` (`human_id`),
  ADD CONSTRAINT `rel_account_id_refs_id_93465450` FOREIGN KEY (`rel_account_id`) REFERENCES `General_record` (`id`),
  ADD CONSTRAINT `unit_id_refs_id_d83a16d0` FOREIGN KEY (`unit_id`) REFERENCES `General_unit` (`id`);

--
-- Filtros para la tabla `Welcome_ic_address_contract`
--
ALTER TABLE `Welcome_ic_address_contract`
  ADD CONSTRAINT `address_id_refs_id_7bcaf3bc` FOREIGN KEY (`address_id`) REFERENCES `General_address` (`id`),
  ADD CONSTRAINT `company_id_refs_human_id_9f93aaad` FOREIGN KEY (`company_id`) REFERENCES `General_company` (`human_id`),
  ADD CONSTRAINT `ic_document_id_refs_ic_record_id_8f544de0` FOREIGN KEY (`ic_document_id`) REFERENCES `Welcome_ic_document` (`ic_record_id`),
  ADD CONSTRAINT `price_unit_id_refs_id_a84f78ad` FOREIGN KEY (`price_unit_id`) REFERENCES `General_unit` (`id`);

--
-- Filtros para la tabla `Welcome_ic_akin_membership`
--
ALTER TABLE `Welcome_ic_akin_membership`
  ADD CONSTRAINT `ic_company_id_refs_human_id_6f7442a2` FOREIGN KEY (`ic_company_id`) REFERENCES `General_company` (`human_id`),
  ADD CONSTRAINT `ic_membership_id_refs_ic_record_id_99c87fea` FOREIGN KEY (`ic_membership_id`) REFERENCES `Welcome_ic_membership` (`ic_record_id`),
  ADD CONSTRAINT `ic_project_id_refs_human_id_9b38bd6d` FOREIGN KEY (`ic_project_id`) REFERENCES `General_project` (`human_id`),
  ADD CONSTRAINT `ic_record_id_refs_id_c266dcc5` FOREIGN KEY (`ic_record_id`) REFERENCES `Welcome_ic_record` (`id`),
  ADD CONSTRAINT `person_id_refs_human_id_0758e303` FOREIGN KEY (`person_id`) REFERENCES `General_person` (`human_id`);

--
-- Filtros para la tabla `Welcome_ic_document`
--
ALTER TABLE `Welcome_ic_document`
  ADD CONSTRAINT `doc_type_id_refs_record_type_id_697e0ecf` FOREIGN KEY (`doc_type_id`) REFERENCES `Welcome_ic_document_type` (`record_type_id`),
  ADD CONSTRAINT `ic_record_id_refs_id_28d2e5f7` FOREIGN KEY (`ic_record_id`) REFERENCES `Welcome_ic_record` (`id`);

--
-- Filtros para la tabla `Welcome_ic_document_type`
--
ALTER TABLE `Welcome_ic_document_type`
  ADD CONSTRAINT `record_type_id_refs_ic_type_id_bba54e5c` FOREIGN KEY (`record_type_id`) REFERENCES `Welcome_ic_type` (`id`);

--
-- Filtros para la tabla `Welcome_ic_insurance`
--
ALTER TABLE `Welcome_ic_insurance`
  ADD CONSTRAINT `company_id_refs_human_id_8dc69d9f` FOREIGN KEY (`company_id`) REFERENCES `General_company` (`human_id`),
  ADD CONSTRAINT `ic_document_id_refs_ic_record_id_74e41ee0` FOREIGN KEY (`ic_document_id`) REFERENCES `Welcome_ic_document` (`ic_record_id`),
  ADD CONSTRAINT `price_unit_id_refs_id_cf457021` FOREIGN KEY (`price_unit_id`) REFERENCES `General_unit` (`id`),
  ADD CONSTRAINT `rel_address_id_refs_id_0a733bc0` FOREIGN KEY (`rel_address_id`) REFERENCES `General_address` (`id`),
  ADD CONSTRAINT `rel_job_id_refs_id_69cdbd47` FOREIGN KEY (`rel_job_id`) REFERENCES `General_job` (`id`);

--
-- Filtros para la tabla `Welcome_ic_labor_contract`
--
ALTER TABLE `Welcome_ic_labor_contract`
  ADD CONSTRAINT `company_id_refs_human_id_53c2a07e` FOREIGN KEY (`company_id`) REFERENCES `General_company` (`human_id`),
  ADD CONSTRAINT `ic_document_id_refs_ic_record_id_7885c79c` FOREIGN KEY (`ic_document_id`) REFERENCES `Welcome_ic_document` (`ic_record_id`),
  ADD CONSTRAINT `person_id_refs_human_id_23ff45ce` FOREIGN KEY (`person_id`) REFERENCES `General_person` (`human_id`);

--
-- Filtros para la tabla `Welcome_ic_labor_contract_rel_fees`
--
ALTER TABLE `Welcome_ic_labor_contract_rel_fees`
  ADD CONSTRAINT `fee_id_refs_ic_record_id_bbc0ea3f` FOREIGN KEY (`fee_id`) REFERENCES `Welcome_fee` (`ic_record_id`),
  ADD CONSTRAINT `ic_labor_contract_id_refs_ic_document_id_d1fb4508` FOREIGN KEY (`ic_labor_contract_id`) REFERENCES `Welcome_ic_labor_contract` (`ic_document_id`);

--
-- Filtros para la tabla `Welcome_ic_licence`
--
ALTER TABLE `Welcome_ic_licence`
  ADD CONSTRAINT `ic_document_id_refs_ic_record_id_638b2aec` FOREIGN KEY (`ic_document_id`) REFERENCES `Welcome_ic_document` (`ic_record_id`),
  ADD CONSTRAINT `rel_address_id_refs_id_44aa1942` FOREIGN KEY (`rel_address_id`) REFERENCES `General_address` (`id`),
  ADD CONSTRAINT `rel_job_id_refs_id_c58b25ba` FOREIGN KEY (`rel_job_id`) REFERENCES `General_job` (`id`);

--
-- Filtros para la tabla `Welcome_ic_membership`
--
ALTER TABLE `Welcome_ic_membership`
  ADD CONSTRAINT `contribution_id_refs_id_803a7b3a` FOREIGN KEY (`contribution_id`) REFERENCES `General_relation` (`id`),
  ADD CONSTRAINT `human_id_refs_id_90a969ae` FOREIGN KEY (`human_id`) REFERENCES `General_human` (`id`),
  ADD CONSTRAINT `ic_company_id_refs_human_id_ad6c338f` FOREIGN KEY (`ic_company_id`) REFERENCES `General_company` (`human_id`),
  ADD CONSTRAINT `ic_project_id_refs_human_id_5db24bd9` FOREIGN KEY (`ic_project_id`) REFERENCES `General_project` (`human_id`),
  ADD CONSTRAINT `ic_record_id_refs_id_2333c0a4` FOREIGN KEY (`ic_record_id`) REFERENCES `Welcome_ic_record` (`id`),
  ADD CONSTRAINT `join_fee_id_refs_ic_record_id_b65e7f0b` FOREIGN KEY (`join_fee_id`) REFERENCES `Welcome_fee` (`ic_record_id`);

--
-- Filtros para la tabla `Welcome_ic_membership_expositors`
--
ALTER TABLE `Welcome_ic_membership_expositors`
  ADD CONSTRAINT `address_id_refs_id_0c2b9dd4` FOREIGN KEY (`address_id`) REFERENCES `General_address` (`id`),
  ADD CONSTRAINT `ic_membership_id_refs_ic_record_id_e4a14336` FOREIGN KEY (`ic_membership_id`) REFERENCES `Welcome_ic_membership` (`ic_record_id`);

--
-- Filtros para la tabla `Welcome_ic_person_membership`
--
ALTER TABLE `Welcome_ic_person_membership`
  ADD CONSTRAINT `ic_membership_id_refs_ic_record_id_f0bf3784` FOREIGN KEY (`ic_membership_id`) REFERENCES `Welcome_ic_membership` (`ic_record_id`),
  ADD CONSTRAINT `labor_contract_id_refs_ic_document_id_6b8b7536` FOREIGN KEY (`labor_contract_id`) REFERENCES `Welcome_ic_labor_contract` (`ic_document_id`),
  ADD CONSTRAINT `person_id_refs_human_id_aa582a02` FOREIGN KEY (`person_id`) REFERENCES `General_person` (`human_id`);

--
-- Filtros para la tabla `Welcome_ic_project_membership`
--
ALTER TABLE `Welcome_ic_project_membership`
  ADD CONSTRAINT `ic_membership_id_refs_ic_record_id_925dedba` FOREIGN KEY (`ic_membership_id`) REFERENCES `Welcome_ic_membership` (`ic_record_id`),
  ADD CONSTRAINT `project_id_refs_human_id_0be24c6e` FOREIGN KEY (`project_id`) REFERENCES `General_project` (`human_id`);

--
-- Filtros para la tabla `Welcome_ic_record`
--
ALTER TABLE `Welcome_ic_record`
  ADD CONSTRAINT `record_type_id_refs_ic_type_id_3360b245` FOREIGN KEY (`record_type_id`) REFERENCES `Welcome_ic_record_type` (`ic_type_id`);

--
-- Filtros para la tabla `Welcome_ic_record_type`
--
ALTER TABLE `Welcome_ic_record_type`
  ADD CONSTRAINT `ic_type_id_refs_id_6fca3ce7` FOREIGN KEY (`ic_type_id`) REFERENCES `Welcome_ic_type` (`id`);

--
-- Filtros para la tabla `Welcome_ic_self_employed`
--
ALTER TABLE `Welcome_ic_self_employed`
  ADD CONSTRAINT `ic_membership_id_refs_ic_record_id_246a38f1` FOREIGN KEY (`ic_membership_id`) REFERENCES `Welcome_ic_membership` (`ic_record_id`),
  ADD CONSTRAINT `ic_record_id_refs_id_8ebb96a9` FOREIGN KEY (`ic_record_id`) REFERENCES `Welcome_ic_record` (`id`),
  ADD CONSTRAINT `mentor_membership_id_refs_ic_record_id_246a38f1` FOREIGN KEY (`mentor_membership_id`) REFERENCES `Welcome_ic_membership` (`ic_record_id`),
  ADD CONSTRAINT `rel_accountBank_id_refs_record_id_939a5950` FOREIGN KEY (`rel_accountBank_id`) REFERENCES `General_accountbank` (`record_id`);

--
-- Filtros para la tabla `Welcome_ic_self_employed_rel_address_contracts`
--
ALTER TABLE `Welcome_ic_self_employed_rel_address_contracts`
  ADD CONSTRAINT `ic_address_contract_id_refs_ic_document_id_5db41926` FOREIGN KEY (`ic_address_contract_id`) REFERENCES `Welcome_ic_address_contract` (`ic_document_id`),
  ADD CONSTRAINT `ic_self_employed_id_refs_ic_record_id_ae5cb31f` FOREIGN KEY (`ic_self_employed_id`) REFERENCES `Welcome_ic_self_employed` (`ic_record_id`);

--
-- Filtros para la tabla `Welcome_ic_self_employed_rel_fees`
--
ALTER TABLE `Welcome_ic_self_employed_rel_fees`
  ADD CONSTRAINT `fee_id_refs_ic_record_id_4078f825` FOREIGN KEY (`fee_id`) REFERENCES `Welcome_fee` (`ic_record_id`),
  ADD CONSTRAINT `ic_self_employed_id_refs_ic_record_id_887743bd` FOREIGN KEY (`ic_self_employed_id`) REFERENCES `Welcome_ic_self_employed` (`ic_record_id`);

--
-- Filtros para la tabla `Welcome_ic_self_employed_rel_images`
--
ALTER TABLE `Welcome_ic_self_employed_rel_images`
  ADD CONSTRAINT `ic_self_employed_id_refs_ic_record_id_c3762b0a` FOREIGN KEY (`ic_self_employed_id`) REFERENCES `Welcome_ic_self_employed` (`ic_record_id`),
  ADD CONSTRAINT `image_id_refs_nonmaterial_id_7ec8668d` FOREIGN KEY (`image_id`) REFERENCES `General_image` (`nonmaterial_id`);

--
-- Filtros para la tabla `Welcome_ic_self_employed_rel_insurances`
--
ALTER TABLE `Welcome_ic_self_employed_rel_insurances`
  ADD CONSTRAINT `ic_insurance_id_refs_ic_document_id_4800d0d4` FOREIGN KEY (`ic_insurance_id`) REFERENCES `Welcome_ic_insurance` (`ic_document_id`),
  ADD CONSTRAINT `ic_self_employed_id_refs_ic_record_id_4db1169b` FOREIGN KEY (`ic_self_employed_id`) REFERENCES `Welcome_ic_self_employed` (`ic_record_id`);

--
-- Filtros para la tabla `Welcome_ic_self_employed_rel_licences`
--
ALTER TABLE `Welcome_ic_self_employed_rel_licences`
  ADD CONSTRAINT `ic_licence_id_refs_ic_document_id_874c087d` FOREIGN KEY (`ic_licence_id`) REFERENCES `Welcome_ic_licence` (`ic_document_id`),
  ADD CONSTRAINT `ic_self_employed_id_refs_ic_record_id_c9d6e611` FOREIGN KEY (`ic_self_employed_id`) REFERENCES `Welcome_ic_self_employed` (`ic_record_id`);

--
-- Filtros para la tabla `Welcome_ic_stallholder`
--
ALTER TABLE `Welcome_ic_stallholder`
  ADD CONSTRAINT `ic_self_employed_id_refs_ic_record_id_4245c133` FOREIGN KEY (`ic_self_employed_id`) REFERENCES `Welcome_ic_self_employed` (`ic_record_id`);

--
-- Filtros para la tabla `Welcome_ic_type`
--
ALTER TABLE `Welcome_ic_type`
  ADD CONSTRAINT `parent_id_refs_id_d03ad36e` FOREIGN KEY (`parent_id`) REFERENCES `Welcome_ic_type` (`id`);

--
-- Filtros para la tabla `Welcome_learn_session`
--
ALTER TABLE `Welcome_learn_session`
  ADD CONSTRAINT `address_id_refs_id_45bf8dc6` FOREIGN KEY (`address_id`) REFERENCES `General_address` (`id`),
  ADD CONSTRAINT `facilitator_id_refs_id_9f178a2c` FOREIGN KEY (`facilitator_id`) REFERENCES `General_human` (`id`),
  ADD CONSTRAINT `ic_record_ptr_id_refs_id_54767834` FOREIGN KEY (`ic_record_ptr_id`) REFERENCES `Welcome_ic_record` (`id`),
  ADD CONSTRAINT `nonmaterial_id_refs_id_77877834` FOREIGN KEY (`nonmaterial_id`) REFERENCES `General_nonmaterial` (`id`);

--
-- Filtros para la tabla `Welcome_learn_session_assistants`
--
ALTER TABLE `Welcome_learn_session_assistants`
  ADD CONSTRAINT `human_id_refs_id_b83e2682` FOREIGN KEY (`human_id`) REFERENCES `General_human` (`id`),
  ADD CONSTRAINT `learn_session_id_refs_ic_record_ptr_id_117f7e2c` FOREIGN KEY (`learn_session_id`) REFERENCES `Welcome_learn_session` (`ic_record_ptr_id`);

--
-- Filtros para la tabla `Welcome_payment_type`
--
ALTER TABLE `Welcome_payment_type`
  ADD CONSTRAINT `ic_type_id_refs_id_5a59f5bc` FOREIGN KEY (`ic_type_id`) REFERENCES `Welcome_ic_type` (`id`);

--
-- Filtros para la tabla `Welcome_project_accompaniment`
--
ALTER TABLE `Welcome_project_accompaniment`
  ADD CONSTRAINT `facilitator_id_refs_id_0227f432` FOREIGN KEY (`facilitator_id`) REFERENCES `General_human` (`id`),
  ADD CONSTRAINT `human_id_refs_id_0227f432` FOREIGN KEY (`human_id`) REFERENCES `General_human` (`id`),
  ADD CONSTRAINT `ic_record_ptr_id_refs_id_58f56a13` FOREIGN KEY (`ic_record_ptr_id`) REFERENCES `Welcome_ic_record` (`id`),
  ADD CONSTRAINT `petitioner_id_refs_id_0227f432` FOREIGN KEY (`petitioner_id`) REFERENCES `General_human` (`id`);

/*!40101 SET CHARACTER_SET_CLIENT=@OLD_CHARACTER_SET_CLIENT */;
/*!40101 SET CHARACTER_SET_RESULTS=@OLD_CHARACTER_SET_RESULTS */;
/*!40101 SET COLLATION_CONNECTION=@OLD_COLLATION_CONNECTION */;
